asset_id,cycle,vibration_level,oil_debris_count,engine_temp_c,pressure_ratio,fuel_flow_rate,rotational_speed_rpm
AC-1001,1,2.143,11.8,649.7,13.61,1.945,12846.8
AC-1001,2,1.548,11.4,668.6,13.7,1.957,12815.1
AC-1001,3,2.051,9.1,677.7,13.69,1.994,12783.4
AC-1001,4,1.839,7.6,650.0,13.7,1.992,12856.3
AC-1001,5,1.332,9.5,655.7,13.74,1.948,12675.9
AC-1001,6,1.612,9.7,658.5,13.7,1.967,12815.7
AC-1001,7,2.48,10.8,640.4,13.35,2.001,12804.8
AC-1001,8,2.205,10.3,657.6,13.57,1.949,12767.3
AC-1001,9,1.709,7.2,626.0,13.02,1.919,12807.9
AC-1001,10,2.178,9.9,633.9,13.77,2.159,12753.6
AC-1001,11,2.445,12.5,638.8,13.45,1.909,12790.6
AC-1001,12,1.419,11.3,648.2,13.99,2.131,12776.4
AC-1001,13,1.969,11.0,656.2,13.45,2.034,12837.6
AC-1001,14,2.42,7.7,659.7,13.62,2.001,12804.9
AC-1001,15,1.989,10.5,633.1,12.98,1.885,12853.7
AC-1001,16,1.868,10.1,664.4,13.52,1.912,12701.9
AC-1001,17,2.15,9.6,655.6,13.42,2.147,12797.5
AC-1001,18,1.767,6.7,636.4,13.85,2.058,12810.4
AC-1001,19,2.22,12.8,625.4,13.52,2.08,12778.1
AC-1001,20,2.031,10.9,661.6,13.72,2.113,12820.8
AC-1001,21,1.743,9.8,643.2,13.39,1.89,12813.6
AC-1001,22,2.191,13.2,653.6,13.97,1.95,12774.1
AC-1001,23,1.415,5.9,638.3,13.55,1.9,12789.2
AC-1001,24,2.274,12.2,626.0,13.49,1.921,12874.9
AC-1001,25,2.061,12.5,657.2,13.48,1.933,12831.4
AC-1001,26,1.423,10.5,642.8,13.51,2.065,12827.6
AC-1001,27,2.225,10.0,651.2,13.48,1.868,12779.5
AC-1001,28,2.006,6.8,622.8,13.67,1.995,12778.7
AC-1001,29,1.771,11.8,655.3,13.71,1.985,12713.4
AC-1001,30,2.043,8.2,651.9,14.04,2.118,12752.8
AC-1001,31,2.337,10.6,657.1,14.65,2.151,12787.4
AC-1001,32,2.097,12.0,637.5,13.08,2.134,12772.5
AC-1001,33,1.969,8.6,634.4,13.56,1.993,12758.9
AC-1001,34,2.154,11.2,637.2,13.52,2.074,12780.7
AC-1001,35,1.907,12.0,663.0,14.43,1.971,12780.7
AC-1001,36,1.644,11.4,635.2,14.14,2.014,12785.8
AC-1001,37,1.57,11.2,637.9,13.58,2.144,12867.2
AC-1001,38,1.869,7.6,651.4,13.11,1.875,12740.3
AC-1001,39,2.245,7.4,659.7,13.83,1.962,12753.7
AC-1001,40,1.983,7.1,653.0,13.1,2.071,12910.8
AC-1001,41,1.783,12.0,636.3,13.96,1.958,12747.5
AC-1001,42,1.613,9.5,650.5,13.7,1.956,12822.0
AC-1001,43,1.711,12.8,650.7,14.1,2.1,12844.7
AC-1001,44,2.15,10.0,656.8,13.48,1.972,12778.1
AC-1001,45,1.269,9.5,638.6,13.51,1.922,12873.9
AC-1001,46,2.083,10.7,644.1,13.39,2.001,12806.5
AC-1001,47,2.52,10.1,614.9,13.26,1.932,12782.1
AC-1001,48,1.883,10.9,635.7,12.99,1.908,12795.8
AC-1001,49,1.883,11.2,655.0,13.49,1.968,12791.8
AC-1001,50,1.635,7.7,671.5,13.66,2.061,12838.9
AC-1001,51,1.512,9.6,633.4,13.14,1.964,12808.2
AC-1001,52,2.334,10.1,664.1,13.09,2.019,12845.7
AC-1001,53,1.688,10.6,673.4,13.46,1.936,12793.8
AC-1001,54,2.115,8.2,659.9,12.95,1.995,12774.6
AC-1001,55,1.903,8.4,649.9,13.62,2.089,12818.7
AC-1001,56,2.32,10.7,672.0,13.44,2.078,12769.1
AC-1001,57,2.394,8.9,661.6,13.63,1.968,12764.5
AC-1001,58,1.66,8.1,643.1,13.66,1.867,12797.8
AC-1001,59,1.741,8.2,645.5,13.1,2.008,12816.9
AC-1001,60,2.109,10.4,642.5,13.23,2.051,12774.1
AC-1001,61,1.765,9.7,657.2,13.62,1.99,12734.6
AC-1001,62,2.385,9.8,646.8,13.67,1.99,12746.6
AC-1001,63,1.721,10.1,659.8,14.03,2.149,12865.6
AC-1001,64,1.996,12.5,632.8,13.92,1.957,12857.1
AC-1001,65,2.089,8.7,635.4,13.83,1.901,12749.2
AC-1001,66,2.045,12.7,638.7,13.28,2.082,12855.9
AC-1001,67,2.028,10.0,633.1,13.13,1.976,12865.0
AC-1001,68,1.921,9.2,632.9,13.01,2.151,12797.5
AC-1001,69,1.954,5.5,652.1,13.56,1.897,12832.8
AC-1001,70,1.855,7.6,654.1,13.98,2.02,12778.4
AC-1001,71,1.878,9.1,638.9,13.18,2.024,12886.3
AC-1001,72,2.14,10.3,669.6,13.98,2.073,12850.6
AC-1001,73,2.412,10.1,654.4,13.13,2.091,12805.7
AC-1001,74,1.94,10.7,641.6,13.78,1.953,12848.8
AC-1001,75,2.183,8.6,665.2,13.27,2.017,12812.9
AC-1001,76,1.941,7.2,633.8,12.98,2.058,12763.3
AC-1001,77,1.761,10.1,632.7,13.38,2.028,12809.1
AC-1001,78,2.318,11.9,647.5,13.14,2.059,12741.8
AC-1001,79,1.79,11.3,641.3,14.24,2.211,12716.8
AC-1001,80,1.767,9.2,637.3,13.41,2.057,12771.8
AC-1001,81,1.905,8.6,626.2,12.75,1.995,12659.6
AC-1001,82,2.156,10.5,653.3,13.91,1.887,12730.6
AC-1001,83,2.362,8.9,667.3,13.41,1.927,12765.8
AC-1001,84,2.342,11.4,670.7,13.23,1.934,12783.4
AC-1001,85,1.946,11.6,657.9,13.61,2.109,12827.3
AC-1001,86,2.312,8.1,645.8,13.44,2.095,12840.6
AC-1001,87,2.16,10.7,654.0,13.17,2.076,12757.8
AC-1001,88,1.89,12.9,655.8,13.42,2.073,12844.7
AC-1001,89,2.247,12.3,670.7,13.07,2.021,12849.1
AC-1001,90,1.979,12.1,633.8,13.93,2.162,12862.1
AC-1001,91,1.991,9.8,631.4,13.63,1.974,12787.4
AC-1001,92,1.873,10.8,646.9,13.63,1.965,12796.5
AC-1001,93,2.003,13.8,658.8,13.9,2.011,12719.7
AC-1001,94,1.51,8.7,631.2,14.04,1.999,12799.4
AC-1001,95,1.932,11.5,651.2,13.44,1.93,12785.9
AC-1001,96,2.09,8.5,651.9,13.9,1.852,12755.2
AC-1001,97,2.115,7.7,631.3,13.2,1.851,12746.6
AC-1001,98,1.748,11.4,651.4,13.28,1.962,12875.1
AC-1001,99,2.152,8.8,638.5,14.21,1.899,12786.7
AC-1001,100,2.173,13.8,646.7,13.65,2.039,12821.0
AC-1001,101,1.743,9.3,647.6,13.82,1.961,12817.4
AC-1001,102,1.815,10.0,647.3,13.87,1.958,12784.7
AC-1001,103,1.993,11.9,655.2,13.01,2.038,12795.2
AC-1001,104,1.899,6.7,653.6,13.36,2.006,12775.2
AC-1001,105,2.097,8.7,661.0,13.49,2.084,12790.3
AC-1001,106,1.945,9.9,640.7,13.46,2.155,12825.0
AC-1001,107,2.228,9.4,653.9,13.08,1.884,12738.7
AC-1001,108,1.773,10.6,664.2,13.75,1.907,12789.4
AC-1001,109,2.364,9.3,639.3,12.62,2.067,12827.8
AC-1001,110,2.028,9.4,647.1,13.99,1.881,12749.1
AC-1001,111,1.945,10.1,664.3,13.11,1.982,12815.0
AC-1001,112,2.038,10.5,644.5,13.68,1.989,12800.9
AC-1001,113,2.607,10.9,637.6,13.49,1.977,12849.9
AC-1001,114,2.28,8.5,656.2,13.39,1.959,12770.2
AC-1001,115,2.441,7.2,668.0,13.0,1.923,12811.1
AC-1001,116,2.042,6.7,642.6,13.57,2.022,12890.4
AC-1001,117,2.021,14.1,665.7,13.46,2.022,12763.8
AC-1001,118,1.539,10.1,654.9,13.32,1.973,12763.5
AC-1001,119,1.559,10.4,656.2,13.7,2.049,12755.2
AC-1001,120,1.525,10.1,669.4,13.92,1.894,12803.2
AC-1001,121,1.798,7.0,650.5,13.68,1.919,12841.9
AC-1001,122,2.011,11.4,672.3,13.91,2.016,12858.3
AC-1001,123,2.162,9.4,659.5,13.22,1.718,12774.5
AC-1001,124,1.799,11.1,647.0,13.0,2.072,12767.3
AC-1001,125,2.503,10.5,678.2,12.7,2.058,12803.5
AC-1001,126,2.249,7.2,656.5,12.94,2.072,12793.4
AC-1001,127,2.147,8.4,676.7,13.33,2.01,12760.5
AC-1001,128,1.933,9.8,646.1,13.22,2.024,12809.7
AC-1001,129,2.006,10.7,644.1,13.35,1.883,12793.2
AC-1001,130,1.97,8.4,633.8,13.52,1.925,12755.5
AC-1001,131,1.956,12.3,649.8,13.6,1.859,12762.0
AC-1001,132,2.299,7.8,659.9,13.82,2.002,12839.3
AC-1001,133,2.057,6.2,660.5,13.14,2.084,12831.0
AC-1001,134,2.067,11.5,626.5,13.59,2.062,12854.7
AC-1001,135,2.174,11.7,640.7,13.44,1.974,12772.4
AC-1001,136,2.097,9.0,648.8,13.47,1.865,12816.2
AC-1001,137,2.194,9.8,634.5,13.65,2.072,12732.0
AC-1001,138,1.39,12.8,654.7,13.24,2.112,12832.0
AC-1001,139,1.833,8.5,637.0,12.59,2.068,12762.6
AC-1001,140,2.398,11.4,665.3,13.12,2.012,12767.9
AC-1001,141,2.011,8.0,638.4,13.5,1.994,12726.2
AC-1001,142,1.918,11.3,650.4,13.73,1.91,12855.1
AC-1001,143,1.884,11.6,648.2,13.62,2.014,12782.5
AC-1001,144,1.89,5.7,643.5,13.49,1.96,12801.1
AC-1001,145,2.081,8.7,671.6,13.19,1.972,12836.0
AC-1001,146,1.684,12.4,661.2,12.62,1.893,12711.0
AC-1001,147,1.831,12.8,651.9,13.8,1.981,12859.9
AC-1001,148,1.783,10.4,642.7,13.55,2.06,12740.8
AC-1001,149,1.863,9.2,667.7,13.58,1.991,12800.1
AC-1001,150,1.944,10.1,661.8,13.5,1.863,12782.4
AC-1001,151,2.161,9.6,646.4,13.32,1.997,12837.0
AC-1001,152,1.882,6.4,629.6,13.14,2.079,12895.1
AC-1001,153,1.592,10.0,672.9,13.78,1.902,12752.2
AC-1001,154,2.174,8.4,668.8,13.48,1.956,12731.3
AC-1001,155,2.351,9.7,670.3,12.69,2.117,12823.4
AC-1001,156,1.978,7.6,659.8,14.27,2.009,12802.1
AC-1001,157,2.216,6.9,656.0,13.55,1.942,12786.1
AC-1001,158,1.873,12.2,634.0,13.36,2.115,12803.9
AC-1001,159,1.948,7.5,630.0,13.96,1.993,12741.0
AC-1001,160,1.925,7.2,633.5,13.38,1.989,12782.6
AC-1001,161,1.64,9.0,638.2,12.98,2.107,12717.5
AC-1001,162,1.968,5.2,655.3,13.51,1.979,12801.3
AC-1001,163,1.902,12.0,666.1,13.09,1.973,12775.8
AC-1001,164,2.193,9.0,651.8,14.19,2.008,12789.6
AC-1001,165,1.557,6.6,637.4,13.16,1.981,12817.0
AC-1001,166,1.956,9.3,664.0,13.47,2.009,12871.5
AC-1001,167,2.188,14.0,667.6,13.52,1.946,12742.8
AC-1001,168,2.079,12.9,647.8,13.49,2.029,12768.0
AC-1001,169,2.509,8.9,662.5,13.75,1.981,12765.6
AC-1001,170,2.28,8.9,635.8,13.01,1.913,12802.0
AC-1001,171,1.738,10.6,646.0,13.51,1.988,12741.6
AC-1001,172,2.392,11.3,667.1,13.45,2.076,12718.2
AC-1001,173,1.986,6.4,642.4,14.02,2.09,12805.0
AC-1001,174,1.591,11.7,648.7,13.7,1.977,12793.2
AC-1001,175,2.228,4.8,658.6,13.7,2.127,12752.7
AC-1001,176,1.99,8.7,642.2,13.18,1.924,12855.4
AC-1001,177,1.481,7.5,662.7,12.98,1.928,12785.4
AC-1001,178,2.447,9.8,638.5,13.73,1.847,12837.6
AC-1001,179,2.285,9.8,649.3,14.07,2.079,12783.3
AC-1001,180,2.145,8.8,638.3,13.19,2.111,12776.7
AC-1001,181,2.141,9.5,649.4,13.17,2.037,12767.3
AC-1001,182,1.957,8.4,672.0,13.55,2.098,12808.3
AC-1001,183,2.137,8.4,659.4,12.87,1.99,12828.9
AC-1001,184,2.076,7.1,660.4,13.43,1.959,12773.0
AC-1001,185,1.587,10.8,650.2,13.26,1.944,12762.0
AC-1001,186,1.744,9.1,610.5,13.19,2.066,12779.5
AC-1001,187,1.862,12.1,657.2,14.21,2.056,12850.7
AC-1001,188,2.384,5.9,651.6,13.55,1.852,12802.8
AC-1001,189,2.063,14.2,657.2,14.35,2.05,12815.4
AC-1001,190,1.968,9.7,649.4,13.58,2.256,12859.7
AC-1001,191,1.978,11.8,667.2,13.77,2.028,12785.5
AC-1001,192,1.818,11.3,630.4,13.91,2.029,12748.0
AC-1001,193,2.148,11.3,660.9,13.86,1.893,12853.1
AC-1001,194,1.868,10.4,642.2,13.26,1.993,12771.2
AC-1001,195,2.113,8.2,669.7,13.8,1.959,12729.2
AC-1001,196,2.157,11.5,661.0,13.17,2.032,12922.3
AC-1001,197,1.561,11.4,639.1,13.62,1.978,12831.8
AC-1001,198,2.071,10.2,659.9,13.67,1.942,12766.2
AC-1001,199,2.233,13.9,631.9,13.33,2.02,12880.5
AC-1001,200,1.739,5.3,648.1,14.19,2.026,12770.1
AC-1001,201,1.803,8.1,653.6,13.61,1.915,12719.4
AC-1001,202,1.96,10.2,666.0,13.75,2.039,12839.1
AC-1001,203,1.929,11.0,632.5,13.54,1.976,12887.9
AC-1001,204,1.606,8.6,639.6,13.69,1.965,12841.7
AC-1001,205,1.456,12.4,651.9,12.55,2.074,12774.9
AC-1001,206,1.843,9.9,657.4,13.65,1.999,12832.2
AC-1001,207,1.764,9.0,661.9,13.68,2.038,12733.1
AC-1001,208,1.896,12.8,636.6,13.51,1.971,12751.6
AC-1001,209,2.296,7.0,656.0,12.84,2.143,12778.4
AC-1001,210,2.436,11.8,663.0,13.11,1.906,12824.6
AC-1001,211,2.167,10.3,648.3,13.3,1.952,12770.2
AC-1001,212,2.392,11.3,659.3,13.3,2.038,12879.2
AC-1001,213,1.484,9.0,671.0,13.72,2.066,12841.0
AC-1002,1,1.71,9.7,642.6,13.21,2.064,12832.0
AC-1002,2,1.975,8.6,652.7,13.15,1.963,12841.1
AC-1002,3,2.43,9.3,672.0,13.58,1.829,12786.3
AC-1002,4,1.883,10.0,644.9,13.33,1.988,12730.6
AC-1002,5,1.96,10.2,648.8,13.08,2.117,12781.8
AC-1002,6,1.925,10.5,653.2,13.83,1.909,12747.4
AC-1002,7,2.084,10.0,643.7,13.66,2.011,12766.9
AC-1002,8,2.077,8.2,652.7,13.79,1.933,12734.6
AC-1002,9,1.259,10.6,635.8,12.83,1.867,12802.0
AC-1002,10,2.129,12.8,652.3,13.65,1.953,12765.6
AC-1002,11,1.95,11.5,650.3,12.91,2.187,12738.9
AC-1002,12,2.367,10.6,641.7,12.89,1.968,12793.2
AC-1002,13,1.923,10.0,651.7,14.05,2.181,12781.1
AC-1002,14,1.931,10.7,651.1,13.66,2.063,12848.3
AC-1002,15,2.159,8.6,633.7,13.2,2.141,12691.5
AC-1002,16,2.153,6.5,663.5,13.79,2.116,12783.5
AC-1002,17,2.649,13.6,645.8,13.23,2.114,12810.7
AC-1002,18,1.844,9.9,643.8,13.76,2.046,12813.0
AC-1002,19,2.012,7.3,652.5,13.42,1.986,12786.1
AC-1002,20,1.572,6.7,649.3,13.17,1.984,12817.2
AC-1002,21,1.984,7.8,626.1,13.37,1.967,12828.6
AC-1002,22,2.333,11.7,648.3,13.66,1.961,12810.1
AC-1002,23,1.661,13.1,667.3,13.84,1.986,12867.4
AC-1002,24,2.449,11.8,667.3,13.72,1.955,12795.9
AC-1002,25,1.593,11.2,653.0,13.56,2.017,12751.8
AC-1002,26,2.245,9.7,650.5,12.98,1.947,12842.3
AC-1002,27,1.961,8.4,637.1,13.9,2.05,12820.5
AC-1002,28,2.318,9.5,663.4,13.5,2.061,12837.8
AC-1002,29,2.1,6.9,673.1,13.63,2.129,12826.2
AC-1002,30,2.023,10.6,656.9,13.63,1.93,12790.2
AC-1002,31,1.846,14.8,652.7,12.98,2.028,12777.3
AC-1002,32,2.071,8.5,671.8,13.65,2.042,12822.1
AC-1002,33,2.053,10.6,665.4,13.27,2.122,12715.9
AC-1002,34,2.202,7.3,650.2,13.7,2.101,12823.7
AC-1002,35,2.197,9.5,655.6,13.46,2.147,12783.9
AC-1002,36,2.251,8.8,638.6,13.73,1.914,12757.9
AC-1002,37,2.313,8.1,644.6,13.97,2.025,12800.1
AC-1002,38,1.839,9.3,635.3,12.56,1.897,12806.2
AC-1002,39,1.781,11.9,643.1,13.18,2.009,12805.9
AC-1002,40,2.107,9.6,638.6,13.28,1.974,12744.6
AC-1002,41,1.818,8.1,648.2,13.88,1.952,12786.2
AC-1002,42,1.773,9.8,640.3,13.35,1.946,12744.1
AC-1002,43,1.807,8.3,646.0,13.63,1.942,12751.6
AC-1002,44,2.268,8.9,635.8,13.29,2.118,12800.2
AC-1002,45,2.093,14.6,642.0,13.33,2.136,12796.1
AC-1002,46,1.56,8.3,616.8,13.65,1.885,12823.8
AC-1002,47,1.957,9.9,626.1,13.59,2.017,12787.7
AC-1002,48,2.201,7.6,638.5,13.64,2.009,12834.7
AC-1002,49,2.065,13.6,670.9,12.78,2.008,12798.5
AC-1002,50,1.933,11.6,668.2,13.83,2.228,12836.7
AC-1002,51,2.123,11.9,669.7,12.95,2.047,12842.7
AC-1002,52,2.11,11.1,659.7,13.55,2.027,12808.0
AC-1002,53,1.983,9.5,642.8,13.72,2.061,12804.6
AC-1002,54,2.069,10.6,649.0,13.49,2.039,12774.0
AC-1002,55,2.096,11.1,665.9,13.75,1.898,12809.7
AC-1002,56,1.535,7.7,657.0,12.81,2.008,12880.8
AC-1002,57,1.927,9.2,629.4,13.31,1.866,12764.5
AC-1002,58,1.72,12.0,674.0,14.29,1.903,12851.1
AC-1002,59,1.969,13.5,651.6,13.35,1.972,12803.0
AC-1002,60,1.907,11.5,654.8,14.04,2.077,12755.9
AC-1002,61,1.729,8.7,625.8,13.91,2.079,12795.7
AC-1002,62,2.121,11.1,649.6,13.3,1.952,12797.1
AC-1002,63,2.201,14.4,676.1,13.6,1.942,12783.3
AC-1002,64,2.452,9.3,644.7,13.47,2.155,12801.2
AC-1002,65,2.129,12.8,637.6,13.18,1.953,12824.7
AC-1002,66,1.756,8.0,636.3,13.29,2.233,12814.3
AC-1002,67,2.103,9.0,641.7,13.7,1.927,12854.9
AC-1002,68,1.87,11.0,647.9,13.33,1.939,12831.5
AC-1002,69,2.236,14.3,650.0,13.48,2.068,12737.7
AC-1002,70,2.1,4.9,664.7,13.81,2.077,12838.1
AC-1002,71,2.193,9.8,645.9,13.62,2.037,12840.1
AC-1002,72,2.368,12.2,661.1,13.15,1.951,12804.3
AC-1002,73,2.265,9.6,645.1,13.56,1.871,12771.5
AC-1002,74,2.006,8.8,663.8,13.77,2.088,12878.9
AC-1002,75,2.095,11.8,660.1,12.97,2.053,12799.4
AC-1002,76,2.387,10.1,632.2,12.97,2.023,12768.6
AC-1002,77,1.777,10.0,643.1,13.61,1.997,12830.2
AC-1002,78,1.679,11.4,640.8,13.76,1.972,12819.0
AC-1002,79,2.345,11.5,638.5,13.73,2.065,12873.0
AC-1002,80,2.436,7.9,653.2,13.41,1.932,12809.8
AC-1002,81,2.162,7.8,662.5,13.45,1.984,12814.1
AC-1002,82,2.169,12.4,654.8,13.13,1.992,12808.0
AC-1002,83,2.207,8.1,647.6,13.17,2.042,12818.8
AC-1002,84,1.721,9.9,655.8,13.66,1.966,12769.9
AC-1002,85,1.983,10.6,635.6,14.13,2.134,12711.6
AC-1002,86,1.62,10.2,644.5,13.44,1.966,12814.3
AC-1002,87,2.199,6.8,648.4,13.19,1.91,12818.1
AC-1002,88,2.067,10.4,652.0,13.4,2.018,12816.9
AC-1002,89,2.151,14.4,662.1,13.24,1.905,12815.8
AC-1002,90,2.281,12.4,650.7,13.0,1.885,12732.8
AC-1002,91,2.336,11.2,651.5,13.31,1.923,12779.1
AC-1002,92,1.824,11.1,656.1,13.47,2.192,12878.5
AC-1002,93,1.776,11.8,648.2,12.91,1.879,12770.7
AC-1002,94,1.983,10.3,653.2,13.47,2.025,12795.3
AC-1002,95,2.197,10.4,652.2,13.35,2.02,12849.0
AC-1002,96,2.362,7.6,634.1,13.62,1.841,12789.5
AC-1002,97,2.36,10.1,631.2,13.76,1.977,12836.7
AC-1002,98,1.866,13.4,648.8,13.59,1.925,12789.5
AC-1002,99,1.903,7.4,635.3,13.23,1.978,12762.0
AC-1002,100,1.758,11.7,656.3,13.25,2.0,12848.4
AC-1002,101,2.099,8.6,652.8,12.77,2.034,12745.5
AC-1002,102,1.46,10.7,656.9,13.89,1.871,12789.1
AC-1002,103,2.195,13.8,654.7,13.09,2.046,12825.2
AC-1002,104,1.968,10.7,659.2,13.71,2.026,12786.5
AC-1002,105,2.08,9.9,646.6,13.37,2.063,12819.5
AC-1002,106,1.504,9.6,640.9,13.74,1.985,12835.2
AC-1002,107,2.094,11.4,654.2,13.23,2.04,12844.8
AC-1002,108,1.932,12.7,637.9,13.86,1.99,12747.3
AC-1002,109,2.358,11.0,643.4,13.16,2.091,12785.0
AC-1002,110,2.21,10.3,676.8,13.66,1.95,12804.8
AC-1002,111,1.92,7.9,658.4,13.29,1.991,12802.3
AC-1002,112,2.14,14.1,670.7,13.08,1.897,12775.8
AC-1002,113,2.547,10.7,634.2,14.25,1.909,12744.4
AC-1002,114,1.794,6.0,639.0,13.72,1.991,12868.2
AC-1002,115,2.122,8.7,649.6,13.21,1.935,12767.3
AC-1002,116,2.277,8.2,631.9,13.56,1.973,12769.8
AC-1002,117,1.885,10.6,657.6,14.18,1.945,12750.8
AC-1002,118,2.258,9.4,673.0,13.97,1.837,12670.1
AC-1002,119,1.872,7.5,638.3,13.44,1.914,12796.7
AC-1002,120,2.305,12.0,640.7,13.69,1.956,12697.8
AC-1002,121,1.589,8.5,636.9,13.11,1.952,12801.2
AC-1002,122,2.057,11.7,641.9,13.71,2.055,12793.2
AC-1002,123,1.718,13.1,649.6,13.68,2.078,12769.5
AC-1002,124,2.224,11.3,675.4,13.09,1.878,12884.9
AC-1002,125,2.222,10.7,653.9,13.72,2.065,12785.2
AC-1002,126,1.963,6.9,656.5,13.79,2.111,12719.6
AC-1002,127,1.998,13.0,633.2,13.36,1.956,12772.4
AC-1002,128,1.909,13.2,653.1,13.55,1.921,12812.8
AC-1002,129,2.097,8.9,659.0,13.09,2.05,12742.0
AC-1002,130,1.742,9.1,641.6,13.73,2.001,12835.5
AC-1002,131,1.398,11.1,644.4,13.14,1.97,12835.4
AC-1002,132,1.839,8.5,641.9,13.61,2.114,12808.7
AC-1002,133,2.03,10.2,663.1,13.92,2.015,12800.2
AC-1002,134,2.552,10.4,658.4,13.99,1.937,12846.5
AC-1002,135,2.184,7.6,642.9,14.04,1.993,12848.3
AC-1002,136,1.947,12.4,645.4,13.81,1.944,12787.3
AC-1002,137,2.004,10.2,651.2,13.34,2.057,12931.3
AC-1002,138,1.905,9.3,654.3,14.19,2.025,12787.1
AC-1002,139,2.233,11.0,623.6,13.66,2.064,12737.2
AC-1002,140,1.941,9.9,660.6,13.45,1.941,12793.6
AC-1002,141,1.884,11.3,634.1,13.18,1.993,12738.3
AC-1002,142,2.455,12.3,655.8,12.89,1.881,12764.5
AC-1002,143,2.33,9.0,662.1,13.27,2.037,12783.0
AC-1002,144,2.009,9.2,647.6,13.77,2.12,12832.4
AC-1002,145,2.125,14.8,649.1,13.34,1.944,12714.5
AC-1002,146,1.779,9.0,642.9,13.11,2.102,12739.3
AC-1002,147,1.231,6.2,629.3,13.18,1.88,12826.0
AC-1002,148,2.261,11.3,659.5,13.02,2.047,12787.9
AC-1002,149,1.829,10.4,650.4,13.52,2.11,12737.5
AC-1002,150,1.971,9.1,644.0,14.01,2.149,12823.9
AC-1002,151,1.904,11.6,647.9,13.32,1.888,12825.3
AC-1002,152,1.691,11.4,651.3,13.06,2.016,12816.7
AC-1002,153,1.993,12.5,635.4,13.09,1.949,12734.0
AC-1002,154,1.943,11.1,625.7,13.44,2.058,12835.8
AC-1002,155,1.932,8.4,653.0,13.78,2.022,12856.1
AC-1002,156,1.823,10.2,664.1,12.83,2.024,12837.0
AC-1002,157,2.028,9.7,640.5,14.12,2.103,12731.3
AC-1002,158,1.867,13.0,639.2,13.99,2.045,12764.0
AC-1002,159,2.115,11.0,655.5,13.62,1.952,12798.0
AC-1002,160,1.998,9.3,661.9,13.27,2.023,12795.5
AC-1002,161,1.459,10.8,649.9,14.06,2.042,12919.9
AC-1002,162,1.769,10.6,660.8,13.32,1.91,12798.4
AC-1002,163,1.911,8.7,641.6,14.25,1.977,12859.0
AC-1002,164,1.967,9.3,642.0,13.25,1.929,12872.3
AC-1002,165,1.957,14.9,644.6,13.01,2.122,12788.5
AC-1002,166,2.008,8.2,647.2,13.55,2.001,12760.3
AC-1002,167,2.116,10.0,650.4,13.43,1.928,12818.1
AC-1002,168,2.087,8.7,636.0,13.06,1.983,12821.1
AC-1002,169,1.801,12.5,668.9,12.66,2.039,12786.8
AC-1002,170,2.351,11.4,652.7,13.78,2.019,12782.5
AC-1002,171,1.726,9.3,634.4,13.51,1.936,12811.3
AC-1002,172,2.262,9.7,668.6,13.9,2.136,12791.7
AC-1002,173,1.779,7.3,652.9,13.65,1.95,12821.0
AC-1002,174,1.33,8.9,644.4,13.31,1.932,12691.0
AC-1002,175,1.784,12.7,645.9,13.35,1.964,12729.9
AC-1002,176,1.801,14.4,656.1,14.01,1.987,12855.7
AC-1002,177,2.376,16.1,629.3,13.41,1.955,12770.7
AC-1002,178,1.77,13.3,630.7,13.35,1.922,12853.4
AC-1002,179,1.733,6.1,648.0,13.14,1.838,12885.8
AC-1002,180,1.565,10.9,642.0,14.16,1.81,12770.7
AC-1002,181,1.72,11.4,649.3,13.19,2.064,12852.9
AC-1002,182,2.12,9.0,670.2,13.7,2.13,12834.3
AC-1002,183,2.262,8.7,647.9,14.03,1.991,12785.0
AC-1002,184,1.742,9.2,681.7,13.73,2.06,12821.0
AC-1002,185,1.802,9.0,653.6,13.09,1.938,12794.5
AC-1002,186,2.124,9.1,649.9,13.57,2.098,12771.4
AC-1002,187,2.261,8.9,632.7,13.64,1.976,12809.8
AC-1002,188,1.824,9.2,622.0,12.88,1.961,12801.5
AC-1002,189,2.242,10.9,669.9,13.61,1.831,12884.1
AC-1002,190,1.889,10.4,634.2,13.78,1.937,12732.5
AC-1002,191,2.41,12.0,642.7,13.21,2.008,12930.2
AC-1002,192,2.167,11.8,669.2,13.21,1.965,12828.2
AC-1002,193,1.667,7.1,660.3,13.34,1.99,12730.0
AC-1002,194,1.771,9.3,657.6,13.77,1.939,12791.7
AC-1002,195,1.785,13.4,643.7,13.17,2.023,12776.0
AC-1002,196,1.847,11.2,634.7,13.8,1.978,12832.7
AC-1002,197,2.02,8.1,650.0,13.49,1.988,12732.5
AC-1002,198,2.464,8.4,646.9,13.47,1.986,12789.0
AC-1002,199,2.239,7.1,652.8,13.46,2.012,12788.5
AC-1002,200,1.926,8.6,653.8,13.27,2.124,12891.5
AC-1002,201,1.535,7.1,632.0,13.61,2.104,12811.7
AC-1002,202,2.102,9.6,636.8,13.16,1.941,12793.3
AC-1002,203,1.817,9.2,625.8,12.99,2.052,12812.7
AC-1002,204,2.435,13.9,633.5,13.64,2.152,12825.5
AC-1002,205,2.106,9.8,639.9,13.45,1.955,12818.1
AC-1002,206,1.496,6.9,655.7,13.28,2.099,12724.9
AC-1002,207,1.712,11.2,618.9,13.67,1.833,12810.9
AC-1002,208,2.056,11.2,654.4,13.39,1.967,12822.7
AC-1002,209,2.078,12.6,630.3,13.66,2.036,12808.3
AC-1002,210,1.861,8.4,648.9,12.91,2.07,12785.1
AC-1002,211,2.308,11.6,644.7,14.05,2.005,12774.8
AC-1002,212,2.267,10.4,639.3,13.67,2.029,12838.5
AC-1002,213,2.181,11.9,672.5,13.78,1.965,12775.9
AC-1002,214,2.184,10.3,632.9,13.19,2.062,12817.2
AC-1002,215,2.224,7.6,671.4,13.53,2.002,12823.7
AC-1002,216,1.969,10.6,653.1,13.4,1.968,12785.7
AC-1002,217,2.195,9.5,649.5,13.26,2.063,12763.6
AC-1002,218,1.726,11.8,652.2,12.91,2.11,12836.2
AC-1002,219,2.185,8.0,641.2,13.83,2.164,12798.8
AC-1002,220,2.435,9.6,657.7,13.22,2.067,12861.6
AC-1002,221,1.842,14.0,661.1,13.85,2.05,12743.7
AC-1002,222,2.275,12.2,644.3,13.62,1.998,12802.8
AC-1002,223,2.169,13.0,650.1,12.98,1.944,12734.6
AC-1002,224,2.259,9.6,649.4,12.91,2.132,12783.6
AC-1002,225,2.354,8.9,660.0,13.43,2.044,12801.1
AC-1002,226,1.985,8.5,640.0,13.43,1.997,12766.3
AC-1002,227,2.063,8.1,657.3,12.76,2.142,12796.5
AC-1002,228,1.86,9.6,640.3,13.31,2.051,12784.3
AC-1002,229,1.04,9.4,657.0,13.32,2.03,12804.6
AC-1002,230,2.389,10.1,658.4,13.44,2.089,12871.5
AC-1002,231,1.878,11.2,660.1,14.03,1.89,12836.6
AC-1003,1,1.791,8.1,666.4,13.56,1.943,12770.6
AC-1003,2,2.011,11.6,638.8,13.65,2.011,12811.8
AC-1003,3,2.069,12.8,646.9,13.28,1.968,12826.3
AC-1003,4,2.252,7.8,645.6,14.32,2.037,12739.0
AC-1003,5,2.025,10.2,673.7,13.32,2.105,12858.9
AC-1003,6,1.567,9.8,655.1,13.69,1.925,12842.5
AC-1003,7,1.941,10.2,656.7,13.53,1.926,12845.2
AC-1003,8,1.926,7.4,666.1,13.9,1.814,12784.7
AC-1003,9,1.908,7.5,655.9,14.12,1.859,12783.5
AC-1003,10,1.78,9.4,647.4,13.44,2.05,12758.0
AC-1003,11,2.04,12.6,648.4,13.99,2.012,12843.0
AC-1003,12,2.503,9.7,640.5,13.48,1.995,12795.3
AC-1003,13,2.211,8.9,650.6,13.86,1.888,12835.4
AC-1003,14,1.95,10.8,646.6,13.85,1.983,12722.4
AC-1003,15,1.671,10.8,669.1,12.8,2.034,12795.6
AC-1003,16,2.237,7.7,649.1,13.05,2.008,12776.1
AC-1003,17,2.204,7.8,658.6,13.66,1.948,12824.4
AC-1003,18,2.297,10.2,652.8,13.04,1.942,12814.3
AC-1003,19,1.949,7.2,681.3,12.7,1.926,12837.0
AC-1003,20,2.271,7.4,660.4,13.59,2.193,12739.1
AC-1003,21,1.803,10.2,640.1,13.03,2.123,12869.2
AC-1003,22,1.957,8.3,657.4,13.1,2.113,12794.7
AC-1003,23,2.127,8.3,636.3,13.5,1.945,12827.7
AC-1003,24,2.165,11.1,666.6,13.84,1.946,12820.6
AC-1003,25,1.771,11.0,637.3,13.54,2.137,12802.0
AC-1003,26,2.134,8.6,657.8,13.46,1.967,12753.0
AC-1003,27,2.001,11.6,677.4,13.64,1.945,12891.8
AC-1003,28,1.769,9.7,660.6,13.2,1.915,12812.4
AC-1003,29,2.331,12.5,657.9,13.21,2.064,12935.1
AC-1003,30,2.253,12.7,650.8,13.18,1.956,12892.2
AC-1003,31,2.114,7.4,645.3,13.35,1.865,12715.4
AC-1003,32,2.2,7.3,668.0,13.51,1.907,12799.3
AC-1003,33,2.155,14.1,660.4,13.66,1.926,12870.6
AC-1003,34,1.607,10.5,656.5,13.69,1.997,12738.0
AC-1003,35,1.903,11.2,648.2,13.05,2.051,12788.4
AC-1003,36,1.814,8.4,651.5,13.19,1.941,12801.0
AC-1003,37,2.146,9.5,663.7,13.76,2.023,12791.2
AC-1003,38,2.63,12.4,662.4,13.5,1.916,12789.2
AC-1003,39,1.895,12.2,646.7,12.75,2.064,12842.3
AC-1003,40,2.285,12.1,650.1,13.74,2.034,12903.7
AC-1003,41,1.706,10.9,651.0,14.04,1.95,12707.9
AC-1003,42,1.592,10.1,652.8,13.44,1.985,12798.8
AC-1003,43,2.201,11.0,635.5,13.63,2.018,12824.5
AC-1003,44,2.312,13.5,641.3,13.73,2.069,12896.5
AC-1003,45,2.413,9.8,666.3,13.51,2.127,12722.9
AC-1003,46,1.727,8.1,671.9,13.43,2.07,12737.8
AC-1003,47,2.313,10.3,643.7,13.42,1.994,12780.8
AC-1003,48,1.921,10.2,646.5,13.22,1.978,12777.3
AC-1003,49,2.027,8.6,645.6,13.14,2.007,12774.4
AC-1003,50,1.972,8.1,651.4,13.85,2.113,12750.9
AC-1003,51,1.672,9.8,648.6,13.1,1.925,12800.8
AC-1003,52,1.962,12.4,651.7,13.62,1.894,12858.7
AC-1003,53,2.049,9.2,642.7,13.05,1.861,12795.8
AC-1003,54,1.924,12.3,617.1,13.82,1.938,12744.7
AC-1003,55,1.962,11.3,652.7,13.8,2.055,12856.8
AC-1003,56,2.468,9.0,639.3,13.45,1.971,12747.5
AC-1003,57,1.642,12.9,641.1,13.87,1.99,12811.1
AC-1003,58,1.745,7.8,654.5,13.52,1.942,12849.2
AC-1003,59,1.812,8.4,657.4,13.34,1.967,12846.4
AC-1003,60,1.991,8.1,638.7,13.29,1.883,12808.0
AC-1003,61,2.461,14.3,645.7,14.0,1.977,12892.2
AC-1003,62,2.242,6.0,663.2,13.72,1.959,12905.1
AC-1003,63,1.703,9.7,636.8,12.87,1.85,12726.6
AC-1003,64,2.15,13.7,673.3,13.76,2.007,12764.6
AC-1003,65,2.386,11.9,650.7,13.08,2.015,12822.0
AC-1003,66,1.891,11.4,646.2,13.79,2.003,12816.5
AC-1003,67,1.968,12.4,647.8,13.63,1.94,12816.7
AC-1003,68,2.183,10.5,652.3,13.52,1.805,12784.7
AC-1003,69,1.957,8.2,650.4,13.64,1.937,12754.6
AC-1003,70,1.94,11.7,631.4,13.91,2.026,12751.3
AC-1003,71,1.765,12.4,636.6,13.18,2.034,12892.2
AC-1003,72,2.081,9.7,670.5,14.01,2.043,12841.0
AC-1003,73,1.712,11.6,648.1,13.55,1.948,12802.1
AC-1003,74,1.815,10.7,642.4,14.16,1.963,12800.4
AC-1003,75,1.723,8.4,635.7,13.35,1.926,12797.4
AC-1003,76,2.471,10.1,679.0,13.46,2.024,12840.7
AC-1003,77,2.096,9.0,644.1,13.42,2.022,12772.6
AC-1003,78,1.999,3.5,625.5,13.16,2.113,12832.9
AC-1003,79,1.717,6.3,640.9,13.78,2.029,12784.9
AC-1003,80,2.035,15.3,651.1,13.01,2.063,12832.5
AC-1003,81,1.894,13.2,672.2,14.23,1.994,12800.6
AC-1003,82,1.643,7.4,633.1,13.48,1.928,12770.8
AC-1003,83,2.206,9.6,653.4,13.05,1.992,12839.1
AC-1003,84,1.549,10.2,651.7,13.74,2.087,12748.3
AC-1003,85,2.373,11.8,655.2,13.0,2.007,12823.9
AC-1003,86,2.485,11.0,661.1,13.66,2.105,12831.7
AC-1003,87,1.451,6.8,656.8,13.57,1.837,12879.7
AC-1003,88,1.758,10.1,652.5,13.6,1.861,12809.5
AC-1003,89,2.103,10.7,651.5,13.36,2.03,12770.5
AC-1003,90,2.064,12.3,653.3,13.75,2.001,12806.0
AC-1003,91,1.682,13.4,656.7,13.42,2.132,12792.9
AC-1003,92,1.91,9.0,672.7,13.04,2.029,12791.5
AC-1003,93,1.614,11.5,662.5,12.63,2.039,12804.5
AC-1003,94,2.341,10.9,633.2,13.67,2.141,12812.2
AC-1003,95,2.085,13.0,666.8,13.12,2.022,12810.7
AC-1003,96,2.096,9.3,646.7,14.04,2.149,12781.9
AC-1003,97,2.404,9.4,645.0,13.43,2.082,12869.3
AC-1003,98,1.666,13.9,660.7,13.47,1.965,12813.1
AC-1003,99,1.928,9.9,642.0,13.66,2.004,12830.3
AC-1003,100,2.059,7.7,663.3,13.77,2.018,12801.8
AC-1003,101,2.002,9.8,650.5,12.9,2.075,12792.6
AC-1003,102,2.767,7.9,681.6,12.72,2.061,12810.8
AC-1003,103,1.884,8.3,638.6,13.49,1.941,12801.7
AC-1003,104,1.603,9.2,638.5,13.63,1.908,12810.2
AC-1003,105,2.027,7.9,673.5,13.8,2.024,12772.4
AC-1003,106,1.941,10.9,650.3,14.17,2.016,12830.7
AC-1003,107,2.147,10.5,649.7,12.95,2.039,12764.8
AC-1003,108,1.951,6.3,646.1,12.76,1.931,12813.8
AC-1003,109,2.278,8.7,648.9,14.47,1.935,12713.0
AC-1003,110,2.03,8.6,655.9,13.32,1.937,12718.8
AC-1003,111,1.766,10.5,632.4,13.89,1.996,12810.9
AC-1003,112,1.886,10.4,640.0,13.43,1.877,12781.9
AC-1003,113,2.078,12.7,640.5,13.07,1.975,12758.0
AC-1003,114,2.002,9.1,641.7,13.68,1.923,12758.1
AC-1003,115,1.706,7.5,647.2,13.25,2.037,12832.2
AC-1003,116,1.329,10.9,640.4,13.02,1.934,12810.3
AC-1003,117,2.011,12.1,664.0,13.33,2.019,12809.8
AC-1003,118,1.92,10.5,635.5,13.18,2.037,12879.3
AC-1003,119,1.732,11.4,651.3,13.79,1.974,12705.3
AC-1003,120,1.891,12.0,661.8,13.84,2.096,12760.1
AC-1003,121,2.169,9.9,649.9,12.58,1.879,12835.6
AC-1003,122,1.578,11.0,633.4,13.0,1.976,12761.5
AC-1003,123,1.857,12.9,646.1,13.3,2.118,12775.0
AC-1003,124,2.197,12.2,651.1,14.02,2.132,12853.3
AC-1003,125,2.113,7.2,657.7,13.59,1.987,12767.7
AC-1003,126,2.126,8.3,640.0,14.17,2.037,12814.2
AC-1003,127,1.813,10.3,667.7,13.49,2.056,12703.6
AC-1003,128,2.012,7.8,669.4,13.21,2.077,12802.6
AC-1003,129,2.27,11.4,661.8,13.3,2.039,12790.0
AC-1003,130,2.007,9.4,636.1,13.27,1.975,12851.2
AC-1003,131,1.859,9.8,620.1,13.54,1.9,12812.5
AC-1003,132,2.017,7.7,649.1,13.6,1.985,12710.9
AC-1003,133,1.546,9.2,649.9,14.08,1.925,12815.9
AC-1003,134,1.571,8.4,647.0,12.77,2.129,12788.6
AC-1003,135,2.157,9.5,651.9,14.17,1.929,12792.1
AC-1003,136,1.879,11.5,668.6,13.29,1.985,12816.2
AC-1003,137,1.987,9.1,645.9,13.43,2.028,12787.7
AC-1003,138,2.076,11.2,647.9,13.67,1.919,12799.1
AC-1003,139,1.901,8.0,649.8,13.87,2.06,12788.3
AC-1003,140,2.048,9.6,638.3,13.24,2.01,12857.0
AC-1003,141,1.84,10.5,656.8,14.05,1.894,12865.1
AC-1003,142,1.651,11.9,654.6,14.37,1.971,12813.6
AC-1003,143,2.104,11.6,652.0,13.91,2.062,12773.5
AC-1003,144,2.032,11.7,648.7,13.61,1.964,12838.4
AC-1003,145,2.415,10.6,665.1,13.2,1.997,12726.0
AC-1003,146,2.191,6.4,644.3,13.7,1.991,12773.8
AC-1003,147,1.968,8.5,651.6,13.31,2.227,12763.7
AC-1003,148,2.144,8.7,643.2,14.06,1.868,12831.4
AC-1003,149,2.017,8.8,633.5,12.96,1.955,12827.2
AC-1003,150,2.083,12.1,643.5,13.32,1.958,12771.2
AC-1003,151,1.926,10.6,644.0,13.7,1.997,12832.5
AC-1003,152,2.393,9.2,665.4,13.03,2.016,12794.7
AC-1003,153,1.798,9.7,657.3,12.99,1.926,12872.9
AC-1003,154,2.066,11.2,647.4,13.35,2.047,12860.8
AC-1003,155,1.749,7.6,645.9,13.72,1.906,12870.6
AC-1003,156,1.749,10.5,655.1,13.3,2.109,12779.5
AC-1003,157,2.035,8.1,663.7,13.96,1.883,12860.2
AC-1003,158,2.285,4.8,653.3,13.17,2.051,12728.1
AC-1003,159,1.583,12.8,651.4,13.3,1.972,12770.5
AC-1003,160,2.089,7.7,650.1,13.4,2.13,12851.5
AC-1003,161,2.157,14.0,630.2,13.73,2.087,12833.1
AC-1003,162,2.734,10.9,659.4,13.54,1.804,12755.4
AC-1003,163,1.753,9.7,650.4,12.93,1.974,12787.9
AC-1003,164,2.25,12.0,640.9,14.08,1.977,12801.3
AC-1003,165,2.166,9.8,625.0,13.77,1.987,12732.8
AC-1003,166,2.105,9.4,649.3,13.67,2.048,12788.4
AC-1003,167,2.33,6.2,664.7,13.6,2.175,12731.1
AC-1003,168,1.54,8.9,640.1,13.74,1.884,12693.8
AC-1003,169,1.81,9.6,654.6,13.48,1.878,12788.1
AC-1003,170,2.368,13.3,649.9,13.42,1.849,12827.0
AC-1003,171,2.177,9.3,647.5,14.59,1.996,12788.3
AC-1003,172,2.012,9.1,646.6,13.54,2.095,12754.8
AC-1003,173,1.801,9.8,632.5,13.89,2.055,12840.6
AC-1003,174,2.523,7.0,663.9,13.31,2.047,12786.1
AC-1003,175,1.815,10.9,643.5,13.86,2.081,12798.5
AC-1003,176,2.179,10.0,658.4,13.29,1.916,12778.2
AC-1003,177,2.021,10.9,670.0,13.73,2.083,12814.3
AC-1003,178,2.182,9.9,648.3,13.77,1.854,12791.4
AC-1003,179,2.273,11.3,670.2,13.55,2.09,12757.1
AC-1003,180,2.245,11.3,647.9,13.28,2.048,12829.0
AC-1003,181,1.806,11.7,651.4,13.67,2.0,12817.8
AC-1003,182,1.88,9.6,623.8,13.57,2.024,12759.8
AC-1003,183,2.229,12.2,630.6,13.5,1.989,12769.6
AC-1003,184,2.243,12.0,654.8,13.09,2.079,12841.4
AC-1003,185,1.649,5.8,649.7,14.02,1.978,12824.6
AC-1003,186,2.43,11.1,637.5,13.7,1.909,12895.6
AC-1003,187,2.058,7.9,649.5,13.09,1.98,12853.6
AC-1003,188,1.709,13.1,630.8,13.5,2.067,12816.1
AC-1003,189,2.122,10.8,646.8,12.98,1.963,12803.3
AC-1003,190,1.692,8.4,639.2,13.41,2.049,12806.8
AC-1003,191,1.848,10.0,653.0,13.53,2.113,12831.0
AC-1003,192,2.044,8.6,657.3,13.25,1.881,12793.1
AC-1003,193,1.77,11.0,635.8,13.68,2.049,12776.9
AC-1003,194,1.731,10.1,639.1,13.13,2.081,12864.7
AC-1003,195,1.867,13.2,644.7,13.39,1.908,12755.0
AC-1003,196,1.82,5.0,634.2,13.87,1.959,12754.8
AC-1003,197,1.998,11.6,649.0,13.8,1.994,12837.3
AC-1003,198,1.784,11.5,650.2,13.29,2.072,12813.6
AC-1003,199,1.374,8.1,641.3,13.62,2.002,12776.2
AC-1003,200,2.038,13.9,655.0,13.92,1.984,12803.8
AC-1003,201,2.434,10.0,629.6,13.74,1.861,12809.7
AC-1003,202,2.353,11.4,634.6,13.73,1.964,12682.0
AC-1003,203,2.197,9.5,657.4,13.21,2.133,12843.3
AC-1003,204,1.937,7.7,645.1,13.56,1.968,12871.8
AC-1003,205,2.291,8.9,655.0,12.88,1.86,12853.1
AC-1003,206,1.931,8.0,659.1,13.73,2.063,12816.1
AC-1003,207,1.732,7.1,640.7,13.86,2.088,12846.9
AC-1003,208,2.22,9.2,657.6,13.56,1.986,12831.4
AC-1003,209,1.645,9.2,661.4,12.93,1.969,12740.7
AC-1003,210,1.957,9.9,652.0,13.54,1.941,12816.5
AC-1003,211,2.511,11.3,639.5,13.53,2.105,12809.2
AC-1003,212,1.914,14.4,653.9,12.96,2.011,12776.2
AC-1003,213,2.119,11.0,635.1,13.31,2.085,12764.4
AC-1003,214,1.965,11.6,627.2,13.54,1.895,12778.6
AC-1003,215,1.91,9.9,652.8,13.66,1.906,12860.0
AC-1003,216,2.003,10.0,634.2,13.49,1.968,12858.9
AC-1003,217,2.663,6.7,649.9,13.52,2.027,12773.6
AC-1003,218,1.687,13.2,648.1,13.83,1.978,12815.7
AC-1003,219,1.531,6.9,634.9,13.13,2.185,12876.1
AC-1003,220,1.894,8.6,664.2,13.65,2.043,12810.3
AC-1003,221,1.913,14.4,624.2,13.45,2.054,12799.2
AC-1003,222,1.512,13.4,666.4,13.73,1.98,12756.4
AC-1003,223,1.807,8.9,654.3,12.86,1.931,12864.2
AC-1003,224,2.162,9.2,635.4,13.54,1.997,12729.7
AC-1003,225,2.311,8.2,652.1,14.37,2.07,12892.8
AC-1003,226,2.189,8.2,637.5,13.05,1.896,12781.6
AC-1003,227,2.013,9.8,656.0,13.32,1.996,12842.7
AC-1003,228,1.761,13.1,655.0,13.79,1.927,12821.3
AC-1003,229,1.729,13.9,642.3,13.19,2.031,12846.8
AC-1003,230,2.043,10.6,647.7,13.48,1.956,12761.8
AC-1003,231,2.329,8.4,617.6,13.78,1.988,12876.5
AC-1003,232,2.045,12.2,644.6,13.23,1.98,12864.7
AC-1003,233,1.429,10.2,679.3,13.1,1.908,12760.5
AC-1003,234,2.123,9.4,652.3,13.31,2.056,12813.6
AC-1003,235,1.84,12.7,638.9,13.19,1.998,12802.7
AC-1003,236,2.035,8.9,637.7,13.25,2.047,12793.9
AC-1003,237,2.071,10.0,642.8,13.3,2.014,12843.6
AC-1003,238,1.865,8.6,633.2,13.36,1.896,12781.9
AC-1003,239,2.122,13.0,656.5,13.28,2.022,12773.0
AC-1003,240,1.954,7.1,661.8,12.89,2.143,12815.3
AC-1003,241,2.112,11.1,655.6,13.79,1.972,12787.4
AC-1003,242,2.463,11.1,657.2,13.86,2.033,12831.1
AC-1003,243,1.871,11.9,660.3,14.03,1.881,12893.2
AC-1003,244,2.137,9.5,649.9,13.97,1.786,12945.0
AC-1003,245,1.78,12.9,640.1,13.65,1.947,12749.8
AC-1003,246,2.508,11.1,673.8,13.75,2.017,12819.2
AC-1003,247,2.035,10.0,638.5,13.86,2.048,12728.3
AC-1003,248,2.26,5.8,630.0,13.19,2.019,12775.0
AC-1003,249,2.266,14.6,668.1,13.61,2.009,12757.1
AC-1003,250,1.982,9.5,657.3,13.66,2.098,12802.9
AC-1003,251,1.891,9.0,618.6,12.93,1.996,12767.0
AC-1003,252,1.864,11.8,659.9,13.76,1.951,12862.0
AC-1003,253,2.246,9.9,662.3,13.23,1.915,12770.2
AC-1003,254,1.729,7.7,651.3,13.8,1.993,12795.8
AC-1004,1,1.625,7.9,674.3,14.06,2.087,12831.1
AC-1004,2,1.979,7.7,643.3,13.99,1.932,12747.5
AC-1004,3,2.154,14.0,661.7,13.48,1.914,12825.0
AC-1004,4,2.6,11.8,649.7,13.4,1.935,12763.8
AC-1004,5,1.915,11.2,642.9,13.3,2.053,12844.5
AC-1004,6,2.251,9.8,661.9,13.84,2.032,12776.5
AC-1004,7,1.563,8.9,639.2,12.73,2.003,12785.6
AC-1004,8,2.339,9.9,661.3,13.62,2.059,12786.2
AC-1004,9,1.81,8.7,656.1,13.36,2.023,12847.2
AC-1004,10,2.057,9.1,644.4,13.82,1.951,12811.4
AC-1004,11,2.142,10.6,670.8,12.93,1.955,12739.6
AC-1004,12,1.707,10.4,654.8,12.55,2.032,12790.2
AC-1004,13,1.93,11.0,658.7,14.09,1.954,12752.6
AC-1004,14,1.836,8.8,654.1,13.63,2.013,12724.1
AC-1004,15,2.131,7.1,643.2,14.23,1.966,12846.0
AC-1004,16,1.86,11.7,663.5,12.59,2.094,12831.9
AC-1004,17,1.784,10.0,650.9,13.37,1.989,12797.2
AC-1004,18,1.786,6.4,637.8,12.95,2.026,12887.3
AC-1004,19,1.995,10.8,663.4,13.34,1.985,12785.1
AC-1004,20,1.712,5.7,647.4,13.72,2.003,12798.4
AC-1004,21,1.684,8.4,659.4,13.32,2.028,12812.5
AC-1004,22,1.998,9.0,642.7,13.69,1.904,12708.9
AC-1004,23,2.343,12.5,626.6,14.08,1.974,12836.2
AC-1004,24,2.254,6.0,648.2,13.39,1.974,12827.1
AC-1004,25,1.941,12.0,664.6,13.97,2.051,12811.9
AC-1004,26,1.998,10.0,641.7,13.7,2.05,12760.7
AC-1004,27,1.793,8.0,639.2,13.92,1.921,12868.4
AC-1004,28,1.995,8.8,639.5,13.3,1.988,12806.4
AC-1004,29,2.015,11.1,630.4,14.15,2.174,12816.6
AC-1004,30,1.733,10.0,644.0,13.13,1.989,12760.6
AC-1004,31,2.091,7.1,666.1,13.47,1.919,12831.5
AC-1004,32,1.881,9.4,656.6,14.07,2.098,12840.7
AC-1004,33,2.205,12.9,642.2,13.32,1.917,12815.8
AC-1004,34,2.122,6.2,647.2,12.82,2.017,12832.7
AC-1004,35,2.236,11.1,656.1,13.75,2.102,12806.7
AC-1004,36,2.298,12.3,645.2,13.19,2.016,12723.0
AC-1004,37,2.229,10.0,645.2,13.41,2.078,12793.6
AC-1004,38,2.473,9.4,652.7,13.66,2.05,12765.5
AC-1004,39,1.879,6.4,655.9,13.7,2.098,12848.0
AC-1004,40,2.038,8.0,666.0,13.54,1.992,12765.9
AC-1004,41,1.983,8.8,653.7,12.98,2.263,12810.9
AC-1004,42,2.29,7.1,643.8,13.51,2.067,12790.0
AC-1004,43,1.561,10.0,650.8,12.45,2.005,12836.1
AC-1004,44,1.975,8.3,649.6,13.23,2.033,12850.7
AC-1004,45,1.945,9.4,663.7,13.56,2.011,12728.3
AC-1004,46,1.794,12.3,648.0,12.99,2.057,12898.6
AC-1004,47,2.211,11.7,662.3,13.72,2.022,12881.7
AC-1004,48,2.349,9.6,649.4,13.26,2.089,12747.7
AC-1004,49,2.008,8.8,641.6,13.77,2.04,12705.6
AC-1004,50,2.572,11.0,638.6,13.14,1.962,12757.2
AC-1004,51,2.39,9.9,642.3,13.69,1.97,12886.1
AC-1004,52,2.038,11.7,658.2,13.56,1.984,12799.9
AC-1004,53,1.801,12.0,670.4,13.76,2.034,12726.8
AC-1004,54,2.362,14.2,678.3,13.95,1.989,12795.2
AC-1004,55,1.964,8.3,643.6,13.14,1.925,12828.2
AC-1004,56,2.331,11.7,632.8,13.61,2.034,12818.5
AC-1004,57,2.087,10.4,638.5,12.83,2.0,12790.7
AC-1004,58,1.668,7.4,635.5,13.71,2.079,12770.5
AC-1004,59,1.646,8.8,663.1,12.89,2.159,12832.9
AC-1004,60,2.213,9.0,667.0,13.9,2.042,12762.4
AC-1004,61,1.845,10.6,653.0,13.27,1.949,12764.5
AC-1004,62,2.094,9.0,651.9,13.36,2.122,12827.6
AC-1004,63,2.285,12.3,636.1,13.08,2.03,12780.4
AC-1004,64,1.715,8.8,656.7,13.7,1.91,12775.7
AC-1004,65,1.899,12.2,656.1,13.32,1.945,12736.0
AC-1004,66,2.082,13.5,650.9,13.91,1.989,12754.9
AC-1004,67,2.189,6.0,655.8,13.48,2.008,12859.4
AC-1004,68,1.863,12.3,641.8,13.62,2.017,12829.0
AC-1004,69,2.141,8.2,644.4,13.32,1.998,12781.0
AC-1004,70,2.123,9.2,637.3,13.95,2.059,12736.8
AC-1004,71,1.626,12.4,663.1,13.04,2.042,12799.0
AC-1004,72,2.656,9.0,641.1,13.51,1.946,12756.5
AC-1004,73,2.003,9.5,661.2,13.25,2.08,12841.6
AC-1004,74,2.144,11.1,646.7,14.2,1.992,12849.4
AC-1004,75,2.047,14.0,643.9,13.62,1.967,12838.6
AC-1004,76,2.131,6.7,650.4,13.43,2.037,12827.9
AC-1004,77,1.473,11.9,641.7,13.66,1.967,12833.0
AC-1004,78,2.157,6.3,654.8,13.36,1.996,12808.7
AC-1004,79,2.322,9.1,635.0,12.76,2.044,12865.7
AC-1004,80,2.066,6.9,661.7,13.62,1.931,12756.5
AC-1004,81,1.677,11.4,669.5,13.34,2.078,12801.5
AC-1004,82,1.867,10.7,653.2,13.55,2.053,12820.0
AC-1004,83,1.527,13.0,651.7,13.57,1.962,12788.7
AC-1004,84,1.873,9.9,630.7,13.38,2.027,12750.0
AC-1004,85,2.102,12.8,663.0,13.49,2.051,12778.1
AC-1004,86,2.383,10.9,647.8,13.39,2.051,12843.3
AC-1004,87,1.7,10.3,648.3,13.77,2.02,12806.3
AC-1004,88,1.819,7.4,631.9,13.49,2.055,12774.2
AC-1004,89,2.129,11.3,662.4,12.88,1.894,12820.9
AC-1004,90,2.084,8.4,633.7,14.29,1.962,12745.7
AC-1004,91,1.845,11.6,651.5,14.01,2.062,12719.3
AC-1004,92,1.764,11.1,674.8,13.78,1.996,12785.6
AC-1004,93,2.115,7.4,637.9,13.31,2.023,12765.5
AC-1004,94,2.331,8.3,663.9,13.37,1.992,12785.6
AC-1004,95,1.806,10.1,643.3,13.47,1.891,12793.8
AC-1004,96,2.155,12.0,643.5,13.47,1.985,12762.4
AC-1004,97,1.846,9.2,645.9,13.46,2.029,12729.9
AC-1004,98,1.618,12.8,655.9,13.28,2.11,12844.0
AC-1004,99,1.938,8.2,628.5,13.76,2.145,12727.3
AC-1004,100,2.059,9.7,671.2,12.77,2.063,12810.3
AC-1004,101,2.111,8.3,641.4,13.75,2.002,12797.1
AC-1004,102,2.247,8.8,629.2,14.19,1.942,12778.3
AC-1004,103,1.933,4.2,651.1,13.31,1.946,12796.9
AC-1004,104,2.223,7.5,644.1,13.36,1.994,12762.9
AC-1004,105,2.477,9.3,667.7,13.05,2.023,12851.4
AC-1004,106,1.93,9.2,628.5,13.21,2.085,12817.5
AC-1004,107,1.921,10.4,649.9,13.64,1.989,12847.2
AC-1004,108,2.39,9.2,659.3,14.19,2.061,12787.3
AC-1004,109,2.242,10.1,639.7,13.81,1.975,12769.0
AC-1004,110,2.323,9.7,643.6,13.2,1.989,12813.2
AC-1004,111,1.836,7.5,636.5,13.37,2.11,12840.4
AC-1004,112,2.427,11.5,648.8,13.96,1.984,12802.7
AC-1004,113,1.942,10.2,648.3,13.68,1.988,12872.9
AC-1004,114,2.027,13.3,645.3,13.61,2.088,12831.2
AC-1004,115,1.928,10.9,647.8,13.6,1.919,12742.9
AC-1004,116,2.029,11.0,637.6,13.68,2.074,12824.9
AC-1004,117,1.751,9.9,648.6,13.72,2.117,12843.3
AC-1004,118,1.758,13.5,613.0,13.54,1.973,12755.8
AC-1004,119,2.105,7.5,659.8,13.45,2.037,12876.9
AC-1004,120,2.359,8.8,671.4,13.41,2.054,12906.5
AC-1004,121,1.839,13.3,654.4,13.59,1.936,12812.5
AC-1004,122,1.813,9.1,653.9,13.27,1.942,12761.4
AC-1004,123,1.85,6.0,660.2,13.59,1.953,12758.4
AC-1004,124,1.926,14.6,651.9,12.91,1.925,12780.9
AC-1004,125,1.7,12.5,656.8,13.15,1.961,12747.8
AC-1004,126,1.849,10.8,649.2,13.5,1.985,12814.1
AC-1004,127,1.815,10.2,654.5,13.4,1.924,12810.7
AC-1004,128,1.728,12.6,643.4,13.35,2.172,12851.7
AC-1004,129,1.924,6.1,651.1,13.38,1.888,12798.4
AC-1004,130,1.964,9.3,632.8,13.77,2.114,12810.4
AC-1004,131,1.891,10.5,663.2,13.4,2.071,12761.5
AC-1004,132,2.123,9.1,666.2,13.18,1.975,12725.5
AC-1004,133,1.822,8.2,648.2,14.0,2.085,12793.5
AC-1004,134,1.92,10.2,649.7,13.55,2.053,12789.1
AC-1004,135,2.184,4.5,655.6,13.47,1.966,12815.3
AC-1004,136,1.661,6.9,652.5,13.94,1.963,12788.3
AC-1004,137,2.15,13.1,664.2,13.79,1.986,12819.3
AC-1004,138,1.973,11.6,650.4,12.89,1.849,12841.9
AC-1004,139,2.0,9.8,654.7,13.76,1.994,12835.1
AC-1004,140,2.127,9.9,653.9,13.66,2.074,12886.3
AC-1004,141,1.918,15.5,639.9,13.97,2.035,12765.8
AC-1004,142,1.834,7.5,676.5,13.79,1.922,12877.6
AC-1004,143,2.259,8.7,658.7,13.03,2.12,12848.5
AC-1004,144,1.985,10.4,664.4,13.41,1.962,12754.5
AC-1004,145,1.63,8.7,675.4,13.72,2.179,12772.0
AC-1004,146,1.851,8.7,649.0,13.55,1.908,12762.2
AC-1004,147,1.64,8.3,637.5,13.39,2.052,12800.7
AC-1004,148,1.516,11.6,666.4,13.63,1.973,12806.8
AC-1004,149,1.925,10.3,640.0,13.99,1.838,12776.5
AC-1004,150,1.376,11.5,637.5,13.88,1.844,12740.7
AC-1004,151,1.99,9.4,651.4,13.67,1.977,12818.7
AC-1004,152,1.838,10.5,645.2,14.46,1.971,12784.5
AC-1004,153,1.468,8.8,630.3,13.37,1.937,12730.3
AC-1004,154,2.067,10.5,635.4,13.62,1.978,12747.0
AC-1004,155,2.382,11.3,655.6,13.5,1.958,12802.2
AC-1004,156,2.228,10.0,644.7,13.51,2.047,12784.9
AC-1004,157,1.897,12.4,653.6,13.55,2.099,12866.5
AC-1004,158,1.977,9.3,652.9,13.35,1.979,12829.3
AC-1004,159,2.164,9.3,638.1,12.7,2.079,12846.7
AC-1004,160,2.478,11.2,649.4,13.41,2.001,12841.8
AC-1004,161,2.45,13.3,648.8,13.67,2.241,12773.4
AC-1004,162,2.263,9.3,644.9,14.47,1.817,12835.9
AC-1004,163,1.964,10.4,661.8,12.87,1.933,12830.7
AC-1004,164,2.183,11.0,658.5,13.6,2.153,12810.2
AC-1004,165,2.012,12.7,627.6,13.4,2.034,12845.6
AC-1004,166,1.892,9.1,644.3,14.15,1.976,12831.6
AC-1004,167,2.049,12.6,640.4,14.55,1.899,12798.1
AC-1004,168,1.867,10.1,632.7,13.45,2.099,12811.3
AC-1004,169,2.006,9.5,641.4,14.19,1.912,12766.8
AC-1004,170,1.527,8.7,664.9,13.41,1.991,12748.8
AC-1004,171,2.137,10.5,662.2,14.25,1.981,12808.6
AC-1004,172,2.199,13.4,644.7,13.9,1.968,12766.0
AC-1004,173,2.503,13.0,641.9,13.74,2.112,12818.1
AC-1004,174,2.113,7.6,644.4,13.89,2.031,12839.3
AC-1004,175,1.661,11.2,645.6,13.2,2.046,12798.9
AC-1004,176,1.912,8.5,646.3,13.39,1.824,12698.9
AC-1004,177,2.043,8.2,644.9,13.08,2.122,12871.7
AC-1004,178,2.231,9.6,651.2,13.5,1.957,12760.4
AC-1004,179,2.032,8.1,659.5,13.42,2.076,12751.8
AC-1004,180,2.074,7.6,655.3,14.05,2.037,12869.6
AC-1004,181,1.768,10.3,636.4,13.82,1.919,12766.0
AC-1004,182,2.067,14.3,659.9,13.42,1.959,12841.5
AC-1004,183,1.609,7.3,631.5,13.42,1.985,12831.8
AC-1004,184,2.32,10.1,677.6,13.54,1.918,12815.4
AC-1004,185,2.238,9.5,644.9,12.8,2.03,12762.5
AC-1004,186,2.39,7.4,635.6,13.42,2.058,12770.0
AC-1004,187,2.018,13.6,630.8,13.43,1.853,12745.9
AC-1004,188,1.543,8.2,655.5,13.93,2.118,12801.1
AC-1004,189,1.998,9.3,646.8,13.41,1.791,12897.3
AC-1004,190,2.329,11.7,671.0,13.93,2.039,12851.4
AC-1004,191,2.177,12.0,661.3,13.94,1.989,12834.4
AC-1004,192,2.236,7.6,650.7,13.28,2.073,12769.1
AC-1004,193,1.909,9.5,641.6,13.42,2.035,12756.0
AC-1004,194,1.932,14.7,642.7,13.71,1.965,12910.8
AC-1004,195,2.105,10.4,676.6,12.79,1.969,12848.1
AC-1004,196,2.112,7.8,636.5,13.22,2.009,12861.4
AC-1004,197,1.953,9.3,657.8,13.83,1.958,12788.3
AC-1004,198,1.819,5.9,656.9,13.14,2.041,12814.4
AC-1004,199,2.475,9.6,650.6,13.17,1.945,12806.3
AC-1004,200,2.233,10.1,641.5,12.79,2.024,12820.0
AC-1004,201,1.65,8.3,638.1,13.72,1.95,12815.5
AC-1004,202,2.462,15.1,652.9,13.66,1.902,12843.5
AC-1004,203,1.841,10.1,669.6,13.22,1.986,12772.6
AC-1004,204,2.029,11.7,657.2,13.67,1.928,12827.6
AC-1004,205,1.879,12.5,665.2,13.61,2.063,12859.4
AC-1004,206,1.984,10.8,668.2,13.92,1.945,12829.2
AC-1004,207,2.133,8.5,647.9,14.09,2.01,12808.1
AC-1004,208,2.14,8.8,626.1,13.64,1.977,12789.2
AC-1004,209,2.052,12.4,661.4,13.24,2.134,12815.5
AC-1004,210,2.331,10.6,653.8,13.24,2.019,12803.0
AC-1004,211,1.54,11.3,657.0,13.95,1.946,12798.0
AC-1004,212,2.328,11.2,686.9,13.9,1.977,12719.5
AC-1004,213,1.626,9.0,651.0,13.48,1.885,12847.3
AC-1004,214,2.466,10.3,644.0,13.77,1.866,12817.7
AC-1004,215,2.27,12.3,646.6,13.65,1.916,12810.0
AC-1004,216,2.468,10.5,640.7,13.93,1.965,12801.4
AC-1004,217,1.916,9.2,662.7,13.12,1.98,12855.9
AC-1004,218,2.335,13.3,634.7,13.79,2.008,12833.9
AC-1004,219,1.684,7.2,640.6,13.63,1.86,12844.2
AC-1004,220,1.958,9.4,639.8,13.88,2.049,12812.2
AC-1004,221,2.03,7.4,639.7,13.31,1.813,12803.8
AC-1004,222,2.046,9.1,656.9,13.39,2.101,12713.3
AC-1004,223,2.206,6.9,651.2,14.4,1.955,12818.8
AC-1004,224,2.113,10.1,618.8,13.81,2.02,12840.7
AC-1004,225,2.155,9.2,643.3,13.55,1.839,12886.4
AC-1004,226,1.843,10.2,672.6,13.37,1.962,12813.6
AC-1004,227,1.994,10.8,649.5,12.74,1.965,12791.2
AC-1004,228,1.846,8.0,669.8,14.18,2.138,12792.9
AC-1004,229,2.487,11.2,658.2,13.7,1.973,12794.2
AC-1004,230,1.841,10.1,654.9,12.95,2.04,12849.8
AC-1004,231,1.975,10.8,628.9,13.99,1.952,12860.4
AC-1005,1,1.733,13.5,660.7,13.05,1.966,12738.2
AC-1005,2,2.069,10.3,639.4,13.4,1.946,12803.0
AC-1005,3,2.595,10.8,656.6,13.42,2.051,12744.5
AC-1005,4,1.938,10.8,655.7,13.74,1.911,12775.8
AC-1005,5,2.16,10.0,638.4,13.61,2.209,12802.0
AC-1005,6,1.865,11.6,638.0,13.36,1.988,12785.5
AC-1005,7,2.314,6.0,651.7,13.44,1.913,12856.9
AC-1005,8,1.876,8.3,652.0,14.2,1.984,12844.8
AC-1005,9,1.939,10.0,641.6,13.38,2.083,12794.1
AC-1005,10,2.305,10.6,654.2,13.58,1.837,12768.3
AC-1005,11,1.917,10.9,649.4,13.32,1.959,12855.3
AC-1005,12,2.057,9.0,636.4,13.17,1.96,12873.0
AC-1005,13,1.838,8.8,653.1,13.54,2.021,12821.6
AC-1005,14,2.309,7.7,644.5,14.0,1.962,12801.6
AC-1005,15,1.861,12.9,673.3,13.94,2.0,12803.7
AC-1005,16,1.878,8.8,664.1,13.67,1.946,12816.1
AC-1005,17,2.018,9.4,660.6,13.27,2.008,12776.6
AC-1005,18,2.356,10.2,655.7,13.49,2.008,12836.1
AC-1005,19,2.069,11.4,636.1,13.79,1.914,12804.3
AC-1005,20,1.926,8.7,649.0,13.38,1.959,12852.0
AC-1005,21,2.191,9.7,643.7,13.65,1.832,12726.3
AC-1005,22,1.536,11.3,655.9,13.67,1.887,12778.6
AC-1005,23,1.853,9.5,647.9,13.12,2.032,12870.9
AC-1005,24,1.904,7.9,652.3,13.98,1.996,12821.7
AC-1005,25,2.37,9.6,635.2,13.45,2.112,12824.7
AC-1005,26,2.077,10.2,649.5,13.65,2.062,12812.7
AC-1005,27,1.715,10.3,637.3,13.71,1.989,12793.7
AC-1005,28,2.63,7.2,644.1,13.45,1.954,12810.9
AC-1005,29,2.274,7.9,649.4,13.85,1.972,12826.8
AC-1005,30,2.628,7.8,641.0,12.92,2.046,12769.3
AC-1005,31,2.026,10.0,662.6,14.5,1.94,12758.2
AC-1005,32,1.471,13.4,665.7,13.87,2.001,12760.6
AC-1005,33,1.963,8.1,645.3,14.15,1.996,12789.4
AC-1005,34,1.889,9.4,659.6,13.81,1.989,12802.1
AC-1005,35,2.221,8.0,634.0,13.18,1.963,12702.8
AC-1005,36,2.085,9.2,661.5,13.56,2.102,12808.3
AC-1005,37,2.221,8.0,671.1,13.44,1.998,12842.5
AC-1005,38,2.318,9.1,622.1,13.45,2.044,12770.1
AC-1005,39,2.606,9.2,649.7,13.37,1.976,12842.0
AC-1005,40,2.19,9.3,647.9,13.33,2.14,12808.3
AC-1005,41,2.114,9.6,642.6,14.25,1.977,12836.9
AC-1005,42,2.494,11.4,657.7,13.27,1.999,12806.5
AC-1005,43,1.722,11.1,632.7,13.52,1.951,12806.8
AC-1005,44,1.857,9.3,641.1,13.76,2.041,12810.2
AC-1005,45,1.832,9.5,654.6,13.92,1.851,12858.5
AC-1005,46,2.263,8.8,658.1,12.82,1.991,12758.5
AC-1005,47,2.299,7.7,663.8,13.14,2.015,12784.3
AC-1005,48,2.258,6.6,642.8,13.5,2.012,12796.4
AC-1005,49,1.717,9.8,660.0,12.88,1.981,12764.6
AC-1005,50,2.474,9.9,662.4,13.77,1.74,12779.7
AC-1005,51,1.518,10.5,644.4,12.99,1.889,12805.2
AC-1005,52,2.067,7.6,653.4,13.97,2.086,12767.9
AC-1005,53,1.807,8.8,649.8,13.66,1.91,12831.5
AC-1005,54,2.11,9.2,644.9,13.96,2.0,12791.9
AC-1005,55,2.066,7.5,635.4,13.29,1.913,12829.3
AC-1005,56,2.297,11.6,648.2,13.33,2.046,12760.7
AC-1005,57,2.054,7.3,666.7,13.35,1.994,12852.6
AC-1005,58,2.082,14.8,641.5,13.62,2.027,12758.9
AC-1005,59,2.151,9.4,667.9,13.51,1.972,12795.6
AC-1005,60,2.449,9.2,651.2,13.94,2.063,12752.7
AC-1005,61,2.413,9.7,648.4,13.76,2.093,12789.2
AC-1005,62,1.687,9.6,650.7,12.64,2.0,12766.5
AC-1005,63,2.034,11.2,665.8,14.02,2.1,12853.9
AC-1005,64,2.032,10.4,626.6,13.45,1.963,12813.2
AC-1005,65,1.861,11.2,657.4,13.89,1.914,12861.4
AC-1005,66,2.124,6.7,641.7,13.84,2.055,12761.5
AC-1005,67,1.707,7.2,657.9,13.9,2.026,12680.6
AC-1005,68,1.73,11.4,662.1,13.35,2.046,12875.0
AC-1005,69,2.082,9.7,690.8,13.18,1.959,12837.4
AC-1005,70,2.373,6.6,641.1,13.46,2.011,12801.9
AC-1005,71,2.179,10.8,639.8,13.44,1.929,12735.8
AC-1005,72,1.66,10.1,646.8,13.11,1.834,12896.4
AC-1005,73,1.997,11.9,665.3,13.25,1.82,12791.5
AC-1005,74,2.152,8.5,647.4,13.25,2.064,12674.9
AC-1005,75,2.047,13.0,648.1,13.15,2.051,12832.3
AC-1005,76,2.185,10.6,656.1,13.59,2.109,12781.3
AC-1005,77,1.889,11.8,650.0,13.98,1.926,12781.5
AC-1005,78,2.137,7.5,640.0,13.47,1.988,12862.6
AC-1005,79,2.287,11.6,642.4,13.38,2.072,12810.3
AC-1005,80,2.368,9.5,646.7,13.41,2.024,12838.5
AC-1005,81,2.237,6.8,644.7,14.07,2.052,12804.4
AC-1005,82,1.992,8.0,657.2,13.48,2.177,12803.6
AC-1005,83,1.86,10.8,636.0,13.2,1.914,12878.9
AC-1005,84,1.929,12.0,650.6,13.42,1.948,12770.8
AC-1005,85,1.858,12.2,654.1,14.33,2.025,12846.3
AC-1005,86,2.256,9.7,674.0,12.98,1.932,12801.1
AC-1005,87,1.816,10.0,647.5,13.51,1.931,12805.6
AC-1005,88,2.312,8.2,661.5,13.22,2.061,12775.4
AC-1005,89,2.155,8.6,668.2,12.61,2.012,12784.2
AC-1005,90,2.202,6.0,646.4,13.78,1.998,12814.7
AC-1005,91,1.782,7.3,681.7,13.43,1.903,12779.5
AC-1005,92,1.273,12.3,643.9,14.25,2.092,12724.4
AC-1005,93,1.807,10.2,635.5,12.98,2.015,12803.5
AC-1005,94,1.739,9.0,658.3,13.19,1.96,12830.1
AC-1005,95,1.948,8.7,658.1,14.0,2.063,12872.0
AC-1005,96,1.93,9.4,678.9,13.24,1.894,12892.3
AC-1005,97,1.752,6.5,646.3,13.47,2.0,12706.1
AC-1005,98,2.044,12.0,657.3,13.69,2.134,12821.4
AC-1005,99,1.691,9.4,630.5,13.94,2.094,12789.6
AC-1005,100,2.083,9.7,636.9,14.05,1.87,12803.5
AC-1005,101,2.109,13.1,635.2,13.42,2.108,12840.2
AC-1005,102,2.016,6.4,652.8,13.31,1.94,12785.3
AC-1005,103,1.921,12.3,668.2,13.15,2.042,12734.7
AC-1005,104,2.273,9.7,649.9,13.81,2.054,12782.5
AC-1005,105,1.9,12.0,648.5,13.55,1.961,12755.8
AC-1005,106,2.3,7.5,641.0,13.37,1.938,12878.1
AC-1005,107,2.471,10.8,645.5,13.31,2.068,12808.8
AC-1005,108,1.958,8.2,642.9,13.02,1.974,12819.3
AC-1005,109,2.265,8.6,635.3,12.9,1.839,12772.7
AC-1005,110,2.019,11.3,684.8,13.58,2.097,12791.7
AC-1005,111,2.302,6.4,653.7,13.09,2.092,12846.6
AC-1005,112,1.973,7.8,665.3,14.19,1.887,12879.4
AC-1005,113,1.889,9.7,646.5,13.94,1.979,12842.4
AC-1005,114,2.236,9.9,648.5,13.28,2.024,12788.7
AC-1005,115,2.463,9.1,661.0,12.94,2.101,12740.0
AC-1005,116,1.919,10.7,656.8,13.45,1.866,12713.5
AC-1005,117,1.956,10.8,641.1,13.45,1.943,12797.7
AC-1005,118,2.096,10.7,636.3,14.17,2.132,12791.5
AC-1005,119,2.34,9.2,641.3,13.23,2.074,12880.4
AC-1005,120,1.668,9.6,642.4,13.84,2.061,12751.0
AC-1005,121,1.849,9.3,667.5,13.91,2.05,12880.8
AC-1005,122,2.472,9.4,626.5,13.51,2.07,12788.5
AC-1005,123,2.206,12.7,660.5,13.06,2.08,12819.1
AC-1005,124,1.667,10.3,637.3,14.42,2.01,12811.7
AC-1005,125,1.705,8.8,641.1,13.4,2.156,12720.5
AC-1005,126,2.076,8.1,648.4,14.24,1.985,12692.9
AC-1005,127,2.151,7.7,631.4,13.49,2.02,12827.8
AC-1005,128,1.85,13.6,662.3,13.52,1.937,12870.5
AC-1005,129,1.873,8.5,639.0,13.34,1.845,12792.3
AC-1005,130,1.808,8.0,647.3,13.68,1.958,12782.4
AC-1005,131,2.258,9.6,639.2,13.38,2.219,12778.3
AC-1005,132,1.544,9.8,637.3,13.93,1.99,12807.1
AC-1005,133,2.449,10.7,666.2,13.75,1.923,12843.6
AC-1005,134,2.009,13.0,670.4,13.19,1.913,12807.3
AC-1005,135,2.008,9.7,645.6,14.28,2.047,12735.6
AC-1005,136,2.189,11.5,668.6,13.95,1.948,12752.1
AC-1005,137,2.091,9.3,658.9,13.09,1.987,12776.8
AC-1005,138,1.714,9.9,651.5,13.61,2.137,12759.4
AC-1005,139,1.957,11.7,624.5,12.71,1.853,12852.4
AC-1005,140,1.963,4.9,658.6,13.83,2.045,12803.5
AC-1005,141,2.231,13.5,661.8,13.25,2.133,12824.9
AC-1005,142,2.094,7.8,642.4,13.76,2.132,12830.1
AC-1005,143,2.062,11.4,642.8,13.19,1.8,12799.9
AC-1005,144,2.287,9.5,637.2,13.95,1.995,12773.7
AC-1005,145,2.377,10.2,657.1,13.52,2.024,12850.0
AC-1005,146,2.307,10.9,674.8,13.53,2.084,12701.1
AC-1005,147,2.127,13.5,625.2,13.91,2.106,12868.8
AC-1005,148,2.036,7.8,672.4,13.27,2.035,12788.2
AC-1005,149,2.34,8.8,636.3,13.18,2.112,12873.7
AC-1005,150,1.971,10.6,621.3,13.69,1.923,12796.2
AC-1005,151,1.528,12.9,670.6,14.09,2.029,12813.9
AC-1005,152,1.929,12.2,656.0,13.63,2.008,12880.0
AC-1005,153,2.331,8.5,639.4,13.87,1.943,12834.7
AC-1005,154,1.989,12.9,628.7,13.32,2.024,12804.3
AC-1005,155,2.313,10.4,634.0,13.68,2.006,12775.3
AC-1005,156,2.218,7.4,660.0,13.17,1.96,12828.5
AC-1005,157,2.144,14.7,633.0,13.58,1.956,12778.6
AC-1005,158,2.495,9.4,657.5,13.78,1.95,12729.9
AC-1005,159,2.25,9.9,629.5,13.1,2.031,12747.4
AC-1005,160,1.408,10.9,654.0,13.36,2.001,12831.7
AC-1005,161,2.697,11.8,648.7,13.61,1.994,12829.1
AC-1005,162,2.463,9.3,647.5,14.1,2.12,12753.6
AC-1005,163,1.886,7.7,636.8,13.23,2.119,12806.0
AC-1005,164,2.383,7.7,659.1,13.75,2.03,12778.3
AC-1005,165,1.926,10.6,639.1,13.96,2.021,12830.2
AC-1005,166,2.373,10.7,639.5,13.57,1.857,12845.5
AC-1005,167,1.797,6.7,658.6,13.71,2.022,12797.2
AC-1005,168,1.796,5.6,643.8,13.43,2.07,12752.3
AC-1005,169,2.2,11.7,641.6,13.47,2.009,12838.1
AC-1005,170,1.845,12.8,666.6,13.09,2.022,12807.2
AC-1005,171,1.546,12.1,664.5,13.24,2.123,12825.7
AC-1005,172,2.055,10.8,634.2,13.58,2.108,12742.7
AC-1005,173,1.421,9.5,645.6,13.8,2.027,12757.3
AC-1005,174,1.56,11.0,650.4,13.96,1.948,12802.1
AC-1005,175,1.935,10.0,656.7,13.99,2.038,12811.0
AC-1005,176,2.032,11.3,669.8,13.17,2.118,12801.2
AC-1005,177,1.893,8.3,646.8,13.04,2.008,12771.1
AC-1005,178,1.873,13.4,657.2,14.34,2.12,12798.3
AC-1005,179,1.856,8.0,651.2,13.65,2.071,12763.4
AC-1005,180,1.95,9.0,649.8,13.38,2.061,12764.4
AC-1005,181,2.184,12.2,652.4,13.12,2.007,12822.4
AC-1005,182,1.93,12.2,651.0,13.56,2.05,12773.0
AC-1005,183,2.063,14.7,633.7,13.19,1.991,12758.1
AC-1005,184,1.947,13.0,636.5,13.27,2.08,12837.5
AC-1005,185,2.033,11.2,657.0,14.11,1.97,12877.7
AC-1005,186,2.338,10.8,625.1,13.0,2.111,12842.1
AC-1006,1,2.142,9.0,643.7,13.89,2.085,12822.5
AC-1006,2,2.239,11.5,653.3,13.62,2.031,12688.3
AC-1006,3,1.733,11.3,628.4,13.4,2.012,12801.4
AC-1006,4,1.727,9.7,652.3,13.68,1.987,12823.4
AC-1006,5,2.268,12.1,642.9,13.37,2.09,12791.1
AC-1006,6,2.205,7.9,650.5,13.65,1.994,12802.8
AC-1006,7,2.171,6.9,640.9,13.12,2.039,12795.7
AC-1006,8,1.79,8.1,661.6,13.25,1.948,12823.8
AC-1006,9,2.102,7.8,651.7,13.59,1.888,12683.2
AC-1006,10,1.982,9.6,643.2,14.1,2.051,12806.4
AC-1006,11,2.134,10.6,650.5,13.52,1.967,12672.3
AC-1006,12,1.584,6.1,630.5,13.61,2.01,12819.1
AC-1006,13,1.699,9.4,641.9,13.27,2.051,12779.3
AC-1006,14,1.768,12.7,635.9,13.4,2.042,12775.0
AC-1006,15,1.839,10.1,645.0,13.79,2.13,12813.1
AC-1006,16,2.225,14.2,646.1,14.36,2.083,12784.0
AC-1006,17,1.951,11.6,633.5,12.76,1.906,12837.7
AC-1006,18,1.565,9.5,641.7,14.19,1.967,12745.9
AC-1006,19,2.39,11.1,651.7,12.82,1.907,12840.8
AC-1006,20,2.17,10.8,647.2,13.16,2.146,12814.3
AC-1006,21,1.73,10.3,651.2,13.51,1.939,12786.4
AC-1006,22,2.218,10.0,650.4,13.32,1.996,12818.6
AC-1006,23,2.01,14.1,630.3,13.46,2.099,12760.0
AC-1006,24,2.231,8.6,668.5,13.53,2.048,12844.5
AC-1006,25,2.026,6.0,653.9,13.32,1.952,12822.7
AC-1006,26,2.253,15.5,618.3,13.4,1.995,12781.6
AC-1006,27,2.069,11.0,659.6,13.57,2.165,12831.5
AC-1006,28,2.317,14.3,636.0,13.84,2.009,12808.9
AC-1006,29,2.058,10.2,645.4,13.65,2.1,12754.8
AC-1006,30,2.151,8.2,643.5,13.4,1.779,12739.8
AC-1006,31,1.87,14.1,651.9,14.07,2.123,12913.5
AC-1006,32,2.008,9.0,635.6,13.78,1.959,12861.1
AC-1006,33,1.505,13.1,639.0,13.43,1.875,12778.2
AC-1006,34,2.283,10.4,630.1,14.12,1.943,12818.6
AC-1006,35,2.167,9.0,650.0,13.64,2.054,12844.5
AC-1006,36,1.712,11.8,649.2,13.82,2.049,12788.5
AC-1006,37,1.863,12.6,653.5,13.46,1.977,12799.3
AC-1006,38,1.962,10.8,671.6,13.94,2.024,12758.2
AC-1006,39,1.901,11.2,657.4,13.84,1.914,12766.1
AC-1006,40,2.138,9.4,623.6,13.28,2.032,12861.0
AC-1006,41,2.112,6.8,668.9,13.86,2.084,12815.0
AC-1006,42,2.152,12.7,662.5,13.49,1.956,12806.3
AC-1006,43,2.019,13.8,648.3,13.5,2.008,12841.8
AC-1006,44,2.31,12.9,625.4,13.72,1.993,12825.8
AC-1006,45,1.809,3.4,666.2,13.07,2.09,12748.5
AC-1006,46,2.218,9.0,633.5,13.64,1.932,12734.6
AC-1006,47,1.842,13.8,658.1,13.05,2.126,12800.7
AC-1006,48,2.093,10.6,653.3,12.94,2.022,12754.0
AC-1006,49,2.265,10.8,656.6,13.48,1.848,12767.4
AC-1006,50,1.939,9.0,649.8,13.3,1.971,12713.0
AC-1006,51,1.927,12.7,654.0,12.99,2.004,12817.9
AC-1006,52,1.843,11.8,642.4,13.57,1.968,12732.7
AC-1006,53,1.828,15.1,641.0,13.47,1.88,12815.9
AC-1006,54,2.206,11.0,640.4,14.03,2.075,12739.0
AC-1006,55,2.088,7.3,646.3,13.76,2.163,12793.8
AC-1006,56,1.609,11.5,634.3,13.72,2.046,12824.6
AC-1006,57,2.503,7.8,667.4,13.89,2.056,12837.1
AC-1006,58,2.571,7.3,648.1,13.72,1.812,12817.0
AC-1006,59,2.007,10.0,640.5,13.16,1.918,12841.0
AC-1006,60,2.075,9.7,637.3,12.85,2.057,12785.1
AC-1006,61,1.988,10.5,665.5,13.54,2.016,12763.1
AC-1006,62,2.021,8.7,659.4,13.7,1.948,12856.7
AC-1006,63,1.938,14.1,639.0,14.09,1.989,12791.7
AC-1006,64,2.177,12.9,658.2,13.61,1.988,12823.7
AC-1006,65,1.947,11.8,645.5,13.22,1.927,12873.2
AC-1006,66,1.925,10.8,667.1,13.38,2.015,12774.1
AC-1006,67,1.793,14.1,646.1,13.56,1.998,12762.7
AC-1006,68,1.99,13.1,633.4,13.73,1.978,12746.0
AC-1006,69,1.694,7.5,660.2,12.9,1.961,12744.1
AC-1006,70,1.758,9.5,646.6,13.64,1.999,12806.5
AC-1006,71,1.916,10.8,658.7,13.99,2.055,12806.7
AC-1006,72,1.703,8.4,665.4,13.75,1.979,12797.2
AC-1006,73,1.9,12.3,646.7,13.36,2.003,12850.1
AC-1006,74,2.184,10.4,640.2,13.94,1.971,12773.6
AC-1006,75,1.543,10.5,641.9,13.35,1.901,12827.9
AC-1006,76,2.498,6.4,667.6,13.4,1.953,12787.2
AC-1006,77,2.069,9.9,626.4,13.38,1.943,12813.3
AC-1006,78,2.427,12.2,646.8,12.81,1.93,12773.2
AC-1006,79,1.496,9.0,650.0,13.24,1.94,12757.2
AC-1006,80,1.795,9.1,641.1,13.93,2.142,12774.7
AC-1006,81,1.773,6.1,646.9,13.12,2.095,12769.3
AC-1006,82,1.976,10.2,648.2,13.16,2.002,12835.4
AC-1006,83,1.844,9.2,661.1,13.32,2.001,12760.9
AC-1006,84,2.039,9.0,636.1,13.16,1.98,12783.7
AC-1006,85,1.695,9.2,658.8,13.1,1.97,12785.2
AC-1006,86,2.001,12.8,657.3,13.31,2.142,12857.3
AC-1006,87,2.078,8.0,646.2,14.16,2.063,12822.6
AC-1006,88,1.742,9.2,679.6,13.37,2.065,12760.3
AC-1006,89,2.118,10.5,646.8,13.38,1.924,12791.0
AC-1006,90,2.441,7.8,647.8,13.77,2.044,12838.8
AC-1006,91,2.346,11.7,646.2,13.62,1.939,12811.0
AC-1006,92,1.884,13.3,634.9,13.67,1.86,12865.8
AC-1006,93,2.232,12.2,653.0,14.01,1.961,12841.0
AC-1006,94,2.426,12.1,648.3,13.44,1.853,12851.0
AC-1006,95,1.729,11.2,654.5,13.51,1.974,12768.2
AC-1006,96,1.682,10.8,647.0,13.52,1.991,12751.6
AC-1006,97,2.028,9.7,650.3,13.54,2.178,12859.1
AC-1006,98,2.22,9.7,644.4,13.28,2.073,12753.4
AC-1006,99,2.556,8.4,651.6,14.08,2.156,12845.0
AC-1006,100,2.187,11.8,637.9,13.67,2.026,12734.0
AC-1006,101,1.996,11.2,650.6,14.08,2.09,12774.2
AC-1006,102,1.675,13.6,665.4,14.04,1.96,12757.0
AC-1006,103,2.262,7.7,658.4,13.49,2.008,12815.3
AC-1006,104,2.015,9.1,659.2,12.53,2.082,12823.6
AC-1006,105,1.79,9.9,659.1,14.14,2.031,12821.8
AC-1006,106,1.815,9.9,653.0,13.76,2.145,12736.4
AC-1006,107,2.14,8.7,658.3,13.92,2.0,12847.6
AC-1006,108,2.059,8.7,632.4,13.56,2.02,12796.1
AC-1006,109,1.922,8.5,658.7,13.73,1.928,12795.2
AC-1006,110,1.867,11.2,632.7,13.39,2.116,12818.8
AC-1006,111,1.937,10.1,659.7,13.58,1.937,12812.5
AC-1006,112,1.748,10.1,633.6,13.48,1.799,12794.2
AC-1006,113,2.09,10.6,632.6,13.78,2.022,12732.3
AC-1006,114,1.556,13.4,660.2,14.47,2.077,12779.6
AC-1006,115,1.681,7.6,629.3,14.02,2.09,12849.4
AC-1006,116,2.163,10.1,651.8,12.97,2.026,12832.5
AC-1006,117,1.951,9.7,655.8,13.42,2.183,12808.7
AC-1006,118,1.841,9.0,646.0,13.69,1.975,12823.1
AC-1006,119,2.224,8.4,649.4,13.83,2.078,12794.6
AC-1006,120,1.784,11.1,637.5,13.36,2.034,12786.6
AC-1006,121,2.051,13.2,653.3,13.31,2.123,12782.0
AC-1006,122,2.02,8.5,645.0,13.2,2.037,12868.6
AC-1006,123,1.755,11.8,641.2,13.13,1.874,12754.1
AC-1006,124,2.229,11.0,643.9,13.32,2.03,12804.9
AC-1006,125,1.792,10.8,642.8,12.95,2.038,12758.3
AC-1006,126,1.572,7.9,649.1,13.64,2.027,12848.7
AC-1006,127,2.267,9.3,670.3,12.81,2.181,12811.6
AC-1006,128,2.346,10.9,668.7,13.57,1.976,12882.1
AC-1006,129,2.207,8.8,639.3,13.93,2.086,12826.0
AC-1006,130,2.288,8.5,680.7,13.12,2.159,12863.2
AC-1006,131,2.001,8.8,647.7,13.98,1.993,12806.7
AC-1006,132,1.899,10.1,648.0,13.08,2.075,12804.5
AC-1006,133,1.664,8.8,632.2,13.18,2.046,12798.2
AC-1006,134,2.224,8.0,639.0,13.32,2.114,12771.6
AC-1006,135,1.82,11.6,636.0,13.55,1.95,12827.8
AC-1006,136,2.253,10.7,637.0,12.59,2.007,12841.2
AC-1006,137,1.893,10.8,635.6,13.31,1.947,12766.4
AC-1006,138,1.924,9.6,633.5,13.68,1.941,12807.2
AC-1006,139,2.033,9.6,674.5,13.55,1.965,12819.4
AC-1006,140,1.985,11.1,658.1,13.91,1.938,12824.8
AC-1006,141,1.915,8.2,662.9,12.92,1.952,12806.9
AC-1006,142,1.907,10.6,666.8,14.05,1.898,12771.3
AC-1006,143,2.169,13.7,665.1,13.23,2.009,12783.8
AC-1006,144,2.236,8.3,636.3,13.56,1.902,12775.7
AC-1006,145,1.47,10.6,644.3,13.39,1.98,12789.0
AC-1006,146,2.192,11.0,661.1,13.62,2.001,12735.0
AC-1006,147,2.335,13.1,671.2,13.24,2.096,12859.7
AC-1006,148,1.511,13.3,647.1,13.51,2.002,12812.4
AC-1006,149,2.006,13.2,642.2,13.38,2.032,12895.6
AC-1006,150,1.839,11.2,672.8,13.27,2.174,12784.7
AC-1006,151,1.84,8.9,680.5,13.91,2.049,12836.0
AC-1006,152,2.029,8.6,673.9,13.29,1.992,12770.3
AC-1006,153,1.827,10.8,664.0,14.08,1.945,12715.0
AC-1006,154,1.696,14.4,655.7,14.38,1.92,12804.3
AC-1006,155,1.944,9.2,643.0,13.74,1.987,12747.1
AC-1006,156,2.189,10.2,658.3,13.89,1.97,12864.0
AC-1006,157,1.637,10.1,648.8,13.0,1.986,12737.3
AC-1006,158,1.68,9.9,634.7,13.44,1.971,12833.1
AC-1006,159,2.105,9.0,648.8,12.87,1.94,12915.8
AC-1006,160,1.881,11.7,660.5,13.64,2.18,12756.0
AC-1006,161,2.092,11.5,659.3,13.56,2.048,12840.5
AC-1006,162,2.494,11.0,653.9,13.08,1.894,12780.6
AC-1006,163,1.867,9.9,650.2,14.14,1.973,12769.3
AC-1006,164,1.831,7.2,659.1,13.61,1.995,12827.2
AC-1006,165,2.11,7.9,666.2,13.2,2.011,12761.5
AC-1006,166,1.563,13.4,658.9,13.22,1.932,12836.4
AC-1006,167,2.422,7.6,663.2,13.58,2.024,12808.4
AC-1006,168,2.495,10.4,660.9,13.69,1.941,12830.5
AC-1006,169,2.36,9.1,668.7,13.26,2.038,12845.3
AC-1006,170,2.286,10.7,642.8,13.82,1.856,12852.8
AC-1006,171,1.786,12.3,656.3,13.27,1.823,12773.8
AC-1006,172,2.266,7.3,646.6,13.74,2.031,12838.7
AC-1006,173,1.748,10.6,645.3,13.5,1.834,12821.2
AC-1006,174,2.126,12.3,658.9,13.56,2.067,12797.9
AC-1006,175,2.001,8.3,645.7,13.24,2.08,12780.5
AC-1006,176,2.078,10.0,646.5,13.12,1.933,12848.6
AC-1006,177,2.158,9.9,651.0,13.14,2.088,12705.6
AC-1006,178,2.114,10.5,659.8,13.1,2.002,12790.7
AC-1006,179,2.212,10.8,630.6,13.21,1.882,12863.6
AC-1006,180,1.937,7.4,656.2,13.23,1.946,12834.9
AC-1006,181,1.78,12.9,639.7,13.42,1.864,12960.8
AC-1006,182,1.985,9.3,648.4,14.01,1.861,12802.3
AC-1006,183,2.086,10.6,660.9,13.43,1.899,12718.5
AC-1006,184,2.115,6.0,652.3,13.99,2.043,12793.4
AC-1006,185,2.491,9.5,663.9,13.68,1.911,12760.6
AC-1006,186,1.579,8.9,671.0,14.21,1.986,12803.0
AC-1006,187,2.322,9.8,647.3,13.26,1.989,12831.2
AC-1006,188,2.247,7.8,651.6,13.57,1.907,12792.4
AC-1006,189,2.292,13.7,644.1,13.37,1.913,12784.2
AC-1006,190,1.872,10.2,670.2,13.58,2.141,12783.4
AC-1006,191,2.368,14.8,659.4,13.21,1.987,12791.1
AC-1006,192,1.953,10.8,622.0,13.21,1.924,12758.0
AC-1006,193,2.433,10.9,660.3,13.41,2.002,12779.3
AC-1006,194,2.171,11.2,653.3,13.45,2.085,12808.7
AC-1007,1,1.47,8.5,657.8,13.22,2.097,12769.1
AC-1007,2,1.702,12.0,642.7,13.48,2.005,12770.5
AC-1007,3,1.679,9.8,627.6,14.03,2.044,12803.1
AC-1007,4,1.727,8.0,659.3,13.71,2.029,12786.3
AC-1007,5,1.977,12.2,655.7,13.7,2.036,12691.7
AC-1007,6,1.889,9.0,663.5,13.06,2.029,12760.0
AC-1007,7,1.912,12.4,633.8,12.97,2.009,12869.0
AC-1007,8,2.209,12.1,652.9,13.49,1.981,12788.2
AC-1007,9,2.22,8.5,653.8,13.81,1.992,12760.7
AC-1007,10,1.704,12.9,652.4,13.68,1.863,12808.6
AC-1007,11,2.037,14.1,637.9,14.12,2.052,12845.4
AC-1007,12,1.854,12.4,631.2,13.72,1.949,12787.3
AC-1007,13,2.047,10.7,660.0,13.49,1.953,12866.5
AC-1007,14,1.662,10.3,633.3,13.46,2.098,12751.8
AC-1007,15,2.121,12.5,661.2,14.27,1.941,12786.3
AC-1007,16,2.126,10.2,656.3,13.71,1.828,12883.5
AC-1007,17,1.96,10.9,645.4,13.02,1.895,12777.1
AC-1007,18,2.204,12.0,672.0,13.6,2.079,12757.2
AC-1007,19,2.398,9.5,658.4,13.1,1.966,12783.4
AC-1007,20,2.589,9.2,655.0,13.98,2.164,12769.4
AC-1007,21,2.228,7.5,660.4,13.71,1.967,12786.8
AC-1007,22,2.184,10.3,640.8,13.68,2.1,12764.7
AC-1007,23,2.045,11.8,646.6,13.62,2.038,12835.0
AC-1007,24,1.866,9.4,650.3,13.8,1.931,12842.8
AC-1007,25,1.755,10.2,648.6,13.14,2.118,12825.4
AC-1007,26,1.922,5.0,646.9,13.11,1.962,12797.7
AC-1007,27,2.426,7.1,642.4,14.11,1.938,12836.2
AC-1007,28,1.809,15.2,635.8,13.19,2.136,12778.7
AC-1007,29,2.421,14.9,635.0,12.97,2.057,12792.4
AC-1007,30,2.377,11.0,668.5,12.95,2.098,12765.4
AC-1007,31,1.823,11.2,644.5,13.48,2.126,12772.7
AC-1007,32,2.179,7.1,648.0,13.68,1.865,12681.0
AC-1007,33,2.493,6.4,632.4,13.55,2.095,12803.2
AC-1007,34,2.095,9.8,659.8,13.1,1.958,12867.8
AC-1007,35,2.038,10.4,654.3,14.11,2.074,12835.8
AC-1007,36,1.683,11.5,667.8,13.87,1.978,12915.4
AC-1007,37,1.679,10.8,675.0,13.83,2.037,12744.1
AC-1007,38,1.412,12.1,677.8,13.38,1.997,12787.8
AC-1007,39,1.57,10.0,658.0,13.65,1.991,12867.8
AC-1007,40,1.573,8.8,657.9,12.87,1.984,12837.4
AC-1007,41,1.989,8.3,645.1,13.09,1.92,12783.7
AC-1007,42,2.254,12.3,650.5,13.44,1.891,12738.1
AC-1007,43,2.163,9.9,647.4,13.75,2.053,12798.1
AC-1007,44,1.723,10.0,629.0,13.27,1.938,12790.4
AC-1007,45,1.914,15.4,645.4,13.21,2.022,12805.0
AC-1007,46,2.003,10.8,640.8,13.14,2.041,12819.3
AC-1007,47,1.616,7.8,632.0,13.36,2.045,12860.2
AC-1007,48,1.488,9.1,636.6,12.83,2.017,12795.1
AC-1007,49,1.911,5.9,651.7,13.4,1.929,12770.9
AC-1007,50,2.432,11.1,656.2,13.62,2.033,12776.8
AC-1007,51,1.464,9.7,653.7,13.35,1.945,12767.8
AC-1007,52,1.861,11.1,629.5,13.03,2.086,12839.8
AC-1007,53,1.911,4.3,657.6,13.31,1.921,12792.7
AC-1007,54,2.15,6.3,637.4,13.68,2.059,12739.0
AC-1007,55,1.841,9.7,656.2,13.49,1.988,12825.0
AC-1007,56,2.037,8.2,662.1,12.53,1.951,12774.7
AC-1007,57,2.016,7.4,643.6,13.12,1.965,12806.1
AC-1007,58,1.974,11.0,658.2,13.31,1.94,12856.4
AC-1007,59,2.174,8.0,646.9,13.77,1.991,12770.1
AC-1007,60,2.023,13.1,656.4,14.03,2.136,12817.8
AC-1007,61,1.936,9.7,645.8,13.19,1.99,12772.7
AC-1007,62,1.912,9.8,660.8,13.24,2.016,12817.8
AC-1007,63,1.896,9.7,641.3,13.24,2.108,12859.2
AC-1007,64,2.256,12.1,644.5,14.0,1.965,12816.9
AC-1007,65,1.824,12.5,660.0,13.15,1.855,12760.6
AC-1007,66,1.663,12.8,627.2,13.84,2.036,12776.5
AC-1007,67,1.897,10.8,652.3,13.04,2.092,12859.2
AC-1007,68,2.087,8.4,645.2,13.47,2.065,12780.1
AC-1007,69,1.752,6.8,650.6,13.29,2.01,12685.8
AC-1007,70,2.302,10.2,664.7,12.94,2.06,12755.9
AC-1007,71,1.507,9.2,666.1,13.59,1.972,12768.7
AC-1007,72,1.792,9.8,659.7,14.06,1.993,12799.2
AC-1007,73,2.076,12.0,643.1,13.22,2.116,12791.0
AC-1007,74,2.04,9.1,652.7,14.04,2.03,12777.4
AC-1007,75,2.134,7.9,651.2,14.05,2.021,12800.0
AC-1007,76,2.01,11.0,646.4,13.33,2.043,12794.6
AC-1007,77,2.656,9.0,667.1,13.96,1.974,12785.1
AC-1007,78,2.094,9.6,645.0,13.7,1.916,12757.1
AC-1007,79,1.95,9.8,652.6,13.36,1.982,12873.4
AC-1007,80,2.106,9.7,634.2,13.44,2.04,12734.8
AC-1007,81,2.165,10.1,638.4,13.6,1.978,12811.7
AC-1007,82,1.562,11.2,658.4,14.02,2.076,12872.3
AC-1007,83,1.672,10.2,647.7,13.54,2.007,12769.1
AC-1007,84,2.002,7.0,646.5,13.74,2.111,12751.9
AC-1007,85,2.134,6.9,649.0,12.94,1.954,12797.8
AC-1007,86,2.162,12.2,646.9,13.46,1.988,12797.2
AC-1007,87,2.601,11.5,645.9,14.19,1.943,12807.6
AC-1007,88,2.214,11.6,635.5,13.36,2.056,12911.0
AC-1007,89,1.645,10.7,648.0,12.74,2.054,12765.0
AC-1007,90,2.048,11.8,651.7,13.19,2.003,12777.5
AC-1007,91,2.015,9.1,638.7,13.25,2.045,12792.6
AC-1007,92,2.688,9.4,655.1,13.41,1.954,12804.4
AC-1007,93,1.874,11.2,657.5,13.21,2.076,12773.2
AC-1007,94,2.102,8.7,648.9,13.33,2.082,12760.8
AC-1007,95,1.454,14.5,656.0,12.69,1.972,12769.9
AC-1007,96,1.955,7.9,653.3,13.3,1.97,12811.8
AC-1007,97,2.45,9.5,641.3,13.6,1.81,12821.3
AC-1007,98,2.429,9.7,643.4,13.22,1.794,12792.2
AC-1007,99,1.935,8.7,660.8,13.4,2.022,12689.5
AC-1007,100,2.25,9.8,664.0,13.4,2.191,12790.0
AC-1007,101,2.097,6.9,642.9,13.55,2.145,12791.1
AC-1007,102,1.812,12.0,656.0,13.19,2.135,12714.6
AC-1007,103,1.537,9.7,651.9,13.87,2.064,12737.2
AC-1007,104,1.792,8.8,644.3,13.31,2.021,12777.9
AC-1007,105,1.906,9.5,649.4,13.57,2.104,12760.0
AC-1007,106,2.209,9.6,665.4,13.17,2.09,12850.8
AC-1007,107,2.049,8.2,648.2,13.56,1.986,12794.0
AC-1007,108,1.715,11.9,643.2,14.16,1.967,12750.9
AC-1007,109,1.976,13.3,639.9,12.81,1.849,12792.4
AC-1007,110,2.15,11.4,648.2,13.87,2.0,12726.0
AC-1007,111,1.943,8.9,637.2,13.33,2.05,12775.6
AC-1007,112,2.032,14.8,652.2,13.66,1.839,12745.9
AC-1007,113,1.892,7.4,640.2,13.23,2.041,12808.5
AC-1007,114,2.245,10.5,638.1,13.77,2.022,12739.1
AC-1007,115,1.809,9.6,653.0,13.36,1.939,12816.9
AC-1007,116,1.708,10.6,651.0,13.58,1.978,12700.7
AC-1007,117,1.867,8.3,641.9,14.11,2.025,12828.9
AC-1007,118,2.247,10.2,637.0,14.23,2.164,12872.8
AC-1007,119,2.018,8.9,660.3,14.13,2.084,12838.9
AC-1007,120,1.723,8.7,659.1,13.03,1.964,12793.6
AC-1007,121,2.081,13.0,647.4,13.91,1.935,12801.4
AC-1007,122,2.298,8.7,644.9,13.49,1.905,12811.7
AC-1007,123,1.728,9.5,677.9,14.16,2.008,12855.2
AC-1007,124,2.002,10.5,665.2,13.56,1.976,12763.6
AC-1007,125,2.029,10.4,649.3,14.24,2.003,12755.6
AC-1007,126,2.048,7.3,642.1,13.38,1.897,12777.3
AC-1007,127,1.613,12.7,675.9,13.81,2.051,12798.9
AC-1007,128,1.734,9.5,639.3,13.64,2.07,12816.5
AC-1007,129,1.835,8.1,649.8,13.29,2.076,12849.5
AC-1007,130,2.041,8.7,640.1,12.97,1.96,12698.7
AC-1007,131,2.143,9.3,654.5,12.94,1.983,12912.1
AC-1007,132,2.335,7.3,629.4,12.79,2.06,12762.6
AC-1007,133,2.537,12.2,665.1,13.62,1.856,12736.2
AC-1007,134,1.771,10.3,640.2,13.19,1.847,12738.1
AC-1007,135,2.358,7.9,630.5,13.36,1.919,12849.4
AC-1007,136,2.174,11.9,642.4,14.01,2.176,12765.8
AC-1007,137,2.377,7.5,649.8,14.34,2.022,12860.2
AC-1007,138,2.14,8.2,657.5,12.91,1.888,12814.6
AC-1007,139,2.151,11.1,658.3,13.51,2.083,12824.8
AC-1007,140,2.199,7.3,646.2,13.48,2.013,12787.9
AC-1007,141,1.676,10.0,653.7,13.64,1.928,12839.2
AC-1007,142,2.091,9.5,655.2,13.78,1.965,12796.3
AC-1007,143,1.997,9.3,642.4,13.94,2.02,12852.1
AC-1007,144,1.686,7.1,646.8,13.26,2.042,12769.9
AC-1007,145,2.269,9.9,623.4,13.39,1.931,12930.4
AC-1007,146,1.868,9.2,645.6,13.17,1.971,12829.5
AC-1007,147,1.757,13.7,657.7,14.02,2.018,12739.5
AC-1007,148,1.636,10.6,645.1,13.47,2.113,12832.3
AC-1007,149,2.438,12.5,654.4,13.77,2.084,12806.4
AC-1007,150,2.042,9.1,634.9,14.28,1.978,12786.3
AC-1007,151,2.047,11.3,654.4,13.63,1.958,12790.1
AC-1007,152,2.242,11.4,643.6,12.85,2.052,12765.6
AC-1007,153,1.853,7.6,645.8,13.5,1.973,12779.9
AC-1007,154,2.197,12.7,668.2,13.71,1.985,12777.6
AC-1007,155,1.663,8.2,636.3,14.22,2.021,12763.4
AC-1007,156,1.807,10.8,653.3,13.06,2.046,12768.6
AC-1007,157,2.006,9.4,638.5,13.87,2.146,12810.0
AC-1007,158,2.083,6.6,634.8,13.8,2.017,12872.8
AC-1007,159,2.241,9.5,643.0,14.16,2.044,12779.9
AC-1007,160,1.727,9.0,656.3,13.45,1.958,12827.5
AC-1007,161,2.184,8.6,621.3,13.0,1.958,12757.0
AC-1007,162,2.033,9.4,642.4,13.78,2.01,12809.6
AC-1007,163,1.647,9.6,639.0,13.46,2.101,12820.6
AC-1007,164,2.191,7.5,635.5,13.56,2.02,12814.7
AC-1007,165,2.333,9.5,650.8,13.3,1.977,12783.1
AC-1007,166,1.983,10.1,669.7,14.0,1.934,12730.7
AC-1007,167,1.919,5.1,646.8,13.56,2.015,12777.4
AC-1007,168,1.776,11.3,641.7,12.84,2.13,12843.3
AC-1007,169,1.99,10.9,643.4,13.76,1.998,12836.2
AC-1007,170,1.812,10.0,637.5,12.95,2.072,12689.8
AC-1007,171,2.084,11.2,641.2,14.15,2.107,12774.5
AC-1007,172,2.699,6.8,650.3,13.36,2.105,12793.4
AC-1007,173,2.076,11.4,645.4,13.8,1.949,12867.1
AC-1007,174,1.546,12.3,650.9,13.37,1.91,12782.8
AC-1007,175,1.776,8.1,653.7,14.11,2.027,12837.5
AC-1007,176,2.544,3.1,651.3,13.54,2.063,12855.1
AC-1007,177,1.867,12.3,643.5,13.18,1.976,12839.3
AC-1007,178,1.959,10.3,634.0,13.23,2.168,12781.5
AC-1007,179,2.04,11.7,667.5,13.67,1.948,12785.9
AC-1007,180,1.988,10.0,652.6,13.18,2.002,12835.0
AC-1007,181,1.961,8.3,660.0,13.34,1.954,12864.3
AC-1007,182,2.073,10.3,650.6,13.86,2.066,12778.2
AC-1007,183,1.748,11.7,660.8,13.91,1.961,12805.0
AC-1007,184,2.121,9.1,643.2,13.32,1.979,12789.2
AC-1007,185,1.695,10.8,653.2,13.57,2.177,12838.1
AC-1007,186,1.917,9.8,661.0,13.15,1.954,12801.3
AC-1007,187,1.956,6.3,638.7,13.45,1.977,12784.8
AC-1007,188,1.637,10.9,641.2,13.83,2.041,12772.2
AC-1007,189,2.401,9.9,651.4,13.06,1.974,12825.2
AC-1007,190,1.846,8.6,654.4,13.4,2.064,12705.0
AC-1007,191,1.975,9.0,667.1,13.03,1.917,12700.6
AC-1007,192,2.143,14.8,644.2,13.3,2.131,12771.6
AC-1007,193,1.854,10.6,640.3,13.53,2.08,12734.6
AC-1007,194,2.061,9.7,666.8,14.25,2.04,12734.2
AC-1007,195,2.046,10.6,647.0,13.68,1.915,12796.8
AC-1007,196,1.387,8.5,631.1,13.43,2.035,12788.9
AC-1007,197,1.923,10.2,634.8,13.37,1.914,12781.8
AC-1007,198,2.264,8.3,655.0,13.35,1.885,12803.8
AC-1007,199,1.867,14.8,649.0,13.36,2.15,12782.3
AC-1007,200,2.066,11.5,654.1,13.73,1.891,12739.4
AC-1007,201,2.767,11.4,657.2,13.42,2.083,12801.4
AC-1007,202,2.161,9.0,636.0,14.05,2.103,12798.5
AC-1007,203,2.129,11.8,645.2,13.55,2.03,12803.5
AC-1007,204,2.004,11.8,653.4,13.83,2.034,12801.3
AC-1007,205,2.007,9.4,659.9,13.07,1.968,12711.9
AC-1007,206,2.237,6.8,640.9,13.8,1.986,12828.4
AC-1007,207,2.0,7.5,645.7,13.23,2.066,12828.9
AC-1007,208,2.128,8.5,653.4,13.72,1.954,12802.0
AC-1007,209,1.937,8.7,653.2,13.99,1.993,12849.4
AC-1007,210,1.796,10.2,641.7,13.92,2.006,12794.8
AC-1007,211,1.402,9.6,655.7,13.62,1.928,12852.6
AC-1007,212,2.544,10.6,648.4,13.23,1.907,12830.3
AC-1007,213,1.999,11.3,650.2,13.77,2.05,12836.8
AC-1007,214,2.163,12.6,651.9,13.57,1.68,12821.4
AC-1007,215,1.963,9.8,654.0,13.06,1.916,12749.0
AC-1007,216,1.659,12.0,669.8,13.17,2.103,12829.2
AC-1007,217,1.985,9.9,627.1,13.5,1.904,12743.5
AC-1007,218,2.139,7.8,651.8,13.2,2.213,12853.7
AC-1007,219,2.005,11.8,648.5,13.33,2.078,12805.0
AC-1007,220,2.302,6.9,636.2,13.39,1.988,12846.3
AC-1007,221,1.759,7.1,648.3,13.83,2.072,12765.2
AC-1007,222,2.115,11.0,637.1,13.61,2.129,12789.2
AC-1007,223,1.967,8.4,657.8,13.8,1.979,12746.7
AC-1007,224,1.981,7.8,660.7,13.43,2.025,12812.4
AC-1007,225,1.879,12.9,649.7,13.99,2.109,12857.8
AC-1007,226,2.173,10.0,651.1,13.31,2.089,12803.5
AC-1007,227,1.807,9.2,666.5,13.3,2.035,12810.3
AC-1007,228,1.618,7.6,650.6,13.95,2.106,12816.8
AC-1007,229,2.497,11.5,652.7,13.66,2.015,12782.7
AC-1007,230,1.993,10.3,658.5,13.73,1.938,12882.5
AC-1007,231,1.799,9.0,659.7,13.51,2.033,12773.2
AC-1007,232,2.371,8.1,665.9,13.39,1.96,12850.1
AC-1007,233,1.645,10.6,635.6,12.92,1.928,12840.7
AC-1007,234,1.467,13.3,655.8,13.12,2.091,12868.8
AC-1007,235,1.815,8.9,653.1,13.01,2.105,12748.9
AC-1007,236,2.116,12.7,663.9,13.39,2.011,12839.3
AC-1007,237,1.838,9.4,657.6,14.05,2.081,12750.5
AC-1007,238,2.19,10.0,631.3,13.26,1.995,12781.4
AC-1007,239,2.128,6.9,657.3,13.72,1.983,12792.5
AC-1007,240,2.227,6.7,670.0,13.89,1.954,12760.9
AC-1007,241,1.93,8.8,646.7,12.94,2.041,12724.4
AC-1007,242,1.883,8.4,651.4,13.56,1.954,12815.6
AC-1007,243,1.78,13.0,652.6,13.31,1.812,12891.3
AC-1007,244,2.206,10.1,651.4,13.55,1.918,12728.6
AC-1007,245,1.601,13.0,664.5,12.9,2.126,12765.2
AC-1007,246,1.868,7.4,657.7,13.37,1.883,12804.0
AC-1008,1,1.854,10.2,658.2,13.2,2.097,12861.9
AC-1008,2,2.103,10.4,637.5,13.88,2.007,12882.3
AC-1008,3,2.112,10.0,654.2,13.65,1.965,12790.1
AC-1008,4,2.075,12.6,647.8,13.87,2.051,12743.4
AC-1008,5,2.231,9.1,631.7,13.7,1.884,12849.5
AC-1008,6,1.703,13.9,657.0,13.39,2.039,12748.0
AC-1008,7,1.939,12.3,634.0,12.94,2.054,12824.8
AC-1008,8,1.925,7.5,655.7,13.6,2.015,12774.4
AC-1008,9,1.652,13.7,620.6,13.62,2.065,12838.4
AC-1008,10,2.298,10.0,655.8,13.3,1.968,12822.9
AC-1008,11,1.509,8.7,650.4,13.09,2.021,12785.0
AC-1008,12,1.72,10.7,650.8,13.3,1.92,12838.1
AC-1008,13,1.902,11.7,643.4,13.77,2.021,12812.4
AC-1008,14,2.77,10.0,640.8,13.46,1.977,12843.4
AC-1008,15,1.432,10.8,653.9,13.48,2.06,12802.4
AC-1008,16,1.982,8.0,650.2,13.24,2.135,12846.7
AC-1008,17,2.498,12.2,643.9,13.49,1.986,12760.1
AC-1008,18,2.166,15.5,647.5,13.74,2.091,12802.2
AC-1008,19,1.815,8.4,639.4,13.08,2.249,12775.1
AC-1008,20,1.81,11.2,657.0,13.2,1.868,12857.7
AC-1008,21,1.921,8.3,646.3,13.74,1.938,12784.1
AC-1008,22,1.992,12.9,646.2,13.32,1.995,12787.9
AC-1008,23,2.02,13.3,653.5,13.19,1.944,12807.8
AC-1008,24,1.981,13.0,654.8,13.22,1.978,12738.5
AC-1008,25,2.026,8.3,649.9,13.12,2.081,12783.8
AC-1008,26,2.36,9.6,641.2,13.98,2.079,12725.9
AC-1008,27,1.991,10.7,664.0,13.3,2.09,12804.6
AC-1008,28,2.045,11.7,642.6,13.54,1.971,12808.3
AC-1008,29,2.215,9.6,656.4,13.87,2.057,12778.0
AC-1008,30,1.955,9.2,659.3,13.15,2.134,12777.1
AC-1008,31,1.967,10.4,652.7,13.63,1.956,12829.1
AC-1008,32,1.624,10.0,657.1,13.43,1.948,12788.9
AC-1008,33,1.874,11.6,664.2,13.43,2.098,12886.4
AC-1008,34,1.888,11.0,633.5,12.81,1.87,12859.1
AC-1008,35,1.769,11.6,647.0,13.47,1.934,12810.1
AC-1008,36,2.024,11.6,662.3,13.66,2.032,12752.7
AC-1008,37,2.099,8.2,654.6,13.6,1.958,12791.7
AC-1008,38,2.007,6.5,650.2,13.85,2.069,12744.0
AC-1008,39,1.728,9.8,639.5,13.23,1.97,12748.2
AC-1008,40,2.375,9.7,646.6,13.77,2.089,12777.9
AC-1008,41,2.227,10.6,651.9,13.75,1.9,12938.8
AC-1008,42,1.537,9.0,630.8,13.58,1.973,12754.4
AC-1008,43,2.123,7.8,649.3,13.31,2.059,12801.4
AC-1008,44,1.871,12.4,627.8,13.84,1.977,12805.2
AC-1008,45,2.19,11.2,674.1,13.92,2.025,12841.7
AC-1008,46,2.534,10.3,656.4,13.32,1.921,12765.9
AC-1008,47,1.666,9.2,653.4,12.66,2.041,12727.7
AC-1008,48,2.466,9.8,642.2,13.75,2.123,12850.7
AC-1008,49,1.656,10.3,664.1,12.74,1.867,12803.1
AC-1008,50,2.275,9.0,658.4,12.97,1.988,12816.2
AC-1008,51,2.123,8.9,648.7,12.75,1.928,12829.3
AC-1008,52,2.381,10.8,652.4,13.69,2.005,12767.2
AC-1008,53,2.177,12.5,656.4,13.7,1.926,12827.7
AC-1008,54,2.065,7.4,647.6,13.83,1.973,12765.1
AC-1008,55,1.924,14.5,618.4,13.56,1.945,12744.3
AC-1008,56,2.223,10.1,660.5,13.39,1.927,12779.0
AC-1008,57,1.512,11.1,655.9,13.63,2.113,12775.5
AC-1008,58,2.186,6.9,645.7,13.05,2.005,12808.4
AC-1008,59,1.949,14.6,653.6,12.94,1.924,12772.9
AC-1008,60,2.167,11.1,656.7,13.59,2.0,12861.8
AC-1008,61,1.701,9.6,645.6,13.41,2.024,12772.8
AC-1008,62,2.402,10.0,645.6,13.43,1.991,12788.5
AC-1008,63,2.252,10.3,650.7,12.69,1.823,12823.1
AC-1008,64,2.145,12.3,648.4,14.2,1.997,12817.7
AC-1008,65,1.622,10.9,649.4,13.9,1.896,12780.2
AC-1008,66,2.144,6.3,655.3,13.43,2.035,12804.6
AC-1008,67,1.662,10.2,645.3,13.6,2.199,12825.4
AC-1008,68,1.409,8.1,642.3,13.85,2.005,12731.6
AC-1008,69,1.761,17.0,663.1,13.39,2.104,12696.0
AC-1008,70,2.154,11.5,651.3,14.14,2.002,12799.8
AC-1008,71,1.928,10.0,628.0,13.0,2.062,12763.6
AC-1008,72,1.541,10.8,665.7,13.88,2.042,12811.7
AC-1008,73,1.427,9.4,652.5,13.78,2.03,12795.8
AC-1008,74,1.991,11.6,643.1,13.5,2.233,12816.8
AC-1008,75,1.979,4.0,656.2,13.32,2.099,12776.6
AC-1008,76,1.93,10.4,668.5,14.02,2.139,12796.2
AC-1008,77,2.089,9.0,636.8,13.47,2.06,12691.4
AC-1008,78,2.0,14.3,652.5,13.37,2.146,12779.3
AC-1008,79,2.311,7.4,648.9,13.18,2.201,12782.9
AC-1008,80,2.079,8.7,668.1,13.12,2.049,12807.2
AC-1008,81,1.74,9.3,651.5,13.86,2.089,12808.1
AC-1008,82,1.866,9.7,649.2,12.86,2.046,12755.7
AC-1008,83,2.444,11.1,673.0,13.19,1.897,12761.4
AC-1008,84,2.089,14.6,635.9,13.69,2.075,12778.4
AC-1008,85,1.905,10.7,647.7,13.72,2.053,12820.8
AC-1008,86,1.998,7.9,659.0,13.93,2.024,12762.4
AC-1008,87,2.224,13.9,619.6,13.2,2.231,12802.7
AC-1008,88,1.962,12.8,670.3,13.93,2.2,12757.6
AC-1008,89,1.957,10.9,666.7,13.75,2.053,12731.3
AC-1008,90,2.12,13.6,662.1,13.9,1.974,12713.4
AC-1008,91,2.109,8.0,664.7,13.66,2.082,12725.3
AC-1008,92,1.718,6.7,652.7,13.59,1.864,12713.9
AC-1008,93,1.901,11.2,641.7,12.94,2.068,12767.4
AC-1008,94,1.789,11.3,638.7,14.01,2.017,12758.3
AC-1008,95,2.244,9.7,655.4,12.97,2.088,12790.3
AC-1008,96,2.005,10.9,638.6,13.6,1.991,12725.4
AC-1008,97,2.364,12.1,659.9,13.41,2.062,12719.8
AC-1008,98,1.919,11.8,649.7,13.2,1.937,12765.7
AC-1008,99,1.986,11.2,655.2,13.58,1.997,12822.2
AC-1008,100,1.963,7.6,663.3,13.41,2.01,12730.6
AC-1008,101,1.901,13.2,656.3,13.32,1.955,12722.4
AC-1008,102,2.283,9.5,661.9,13.3,2.165,12712.9
AC-1008,103,1.922,8.4,651.4,13.75,2.062,12711.1
AC-1008,104,1.371,12.3,626.3,13.58,2.129,12711.3
AC-1008,105,2.108,9.2,651.9,13.36,2.267,12703.4
AC-1008,106,1.443,12.5,691.3,13.24,1.992,12702.5
AC-1008,107,1.714,14.2,641.6,13.63,2.181,12840.7
AC-1008,108,1.836,13.8,668.0,13.96,2.113,12738.1
AC-1008,109,2.287,12.4,644.0,13.77,2.102,12715.7
AC-1008,110,1.745,12.0,660.9,13.36,2.158,12798.8
AC-1008,111,1.904,14.6,649.2,13.68,2.052,12682.9
AC-1008,112,2.165,8.7,651.1,13.98,2.101,12721.5
AC-1008,113,1.771,9.8,644.1,13.67,2.121,12875.5
AC-1008,114,1.655,14.5,666.0,13.66,2.147,12756.6
AC-1008,115,2.134,12.6,655.4,13.12,2.161,12774.6
AC-1008,116,1.855,6.9,662.1,13.39,2.028,12763.4
AC-1008,117,1.807,13.6,669.1,13.47,2.1,12762.6
AC-1008,118,1.87,10.9,643.5,14.13,2.196,12753.0
AC-1008,119,2.093,13.4,642.4,13.5,2.158,12807.7
AC-1008,120,2.358,9.0,637.8,14.03,2.185,12845.7
AC-1008,121,2.034,12.6,651.3,13.24,2.167,12813.8
AC-1008,122,2.167,11.6,656.7,13.45,2.197,12692.6
AC-1008,123,2.0,14.0,632.9,13.14,2.02,12613.8
AC-1008,124,1.586,14.0,667.0,13.47,2.065,12683.8
AC-1008,125,2.103,12.9,663.6,12.86,2.122,12721.2
AC-1008,126,1.825,14.8,666.5,13.58,2.246,12715.0
AC-1008,127,1.925,10.7,635.8,13.02,2.113,12694.9
AC-1008,128,2.036,11.4,651.8,12.78,2.286,12657.4
AC-1008,129,2.231,11.7,645.2,13.59,2.171,12710.7
AC-1008,130,1.858,13.5,684.8,14.0,2.01,12655.6
AC-1008,131,1.922,14.3,680.4,13.34,2.331,12643.3
AC-1008,132,1.943,14.9,670.0,13.35,2.12,12773.2
AC-1008,133,1.684,13.1,644.2,13.93,2.396,12740.0
AC-1008,134,1.939,12.0,666.4,13.69,2.215,12704.9
AC-1008,135,1.839,11.9,679.1,13.4,2.293,12744.3
AC-1008,136,1.932,13.5,660.6,14.12,2.27,12767.5
AC-1008,137,2.119,11.5,675.6,13.0,2.181,12677.0
AC-1008,138,2.212,11.5,663.8,13.99,2.268,12632.1
AC-1008,139,2.164,12.4,668.1,14.13,2.222,12751.7
AC-1008,140,2.017,14.2,692.7,13.51,2.286,12583.3
AC-1008,141,2.32,16.7,666.0,13.77,2.133,12720.1
AC-1008,142,2.205,15.0,666.8,13.44,2.278,12521.6
AC-1009,1,2.068,9.5,640.0,13.03,2.046,12779.0
AC-1009,2,2.477,11.2,639.0,13.8,2.059,12847.4
AC-1009,3,2.021,12.2,670.2,13.39,2.225,12823.3
AC-1009,4,1.944,9.5,637.3,13.25,1.977,12848.7
AC-1009,5,1.884,11.2,620.4,13.62,1.906,12757.2
AC-1009,6,2.298,12.5,642.4,13.19,2.09,12783.4
AC-1009,7,1.942,11.7,650.1,13.51,1.968,12751.3
AC-1009,8,1.756,13.4,672.8,13.5,1.99,12803.8
AC-1009,9,2.41,8.6,645.6,13.46,2.005,12846.2
AC-1009,10,2.342,11.5,646.0,13.77,2.074,12776.0
AC-1009,11,2.235,15.0,678.3,13.13,1.965,12738.5
AC-1009,12,1.649,9.6,652.6,13.85,2.057,12853.5
AC-1009,13,2.2,10.1,663.0,12.9,2.049,12770.2
AC-1009,14,2.145,9.4,630.6,13.4,1.915,12806.8
AC-1009,15,2.313,12.5,631.9,13.94,1.994,12771.0
AC-1009,16,2.084,12.7,657.4,13.6,2.027,12855.1
AC-1009,17,2.28,10.9,648.7,14.13,1.967,12819.1
AC-1009,18,2.042,9.7,642.7,13.31,1.897,12680.7
AC-1009,19,2.446,11.8,643.9,13.13,1.874,12863.4
AC-1009,20,1.908,11.3,661.1,12.89,1.945,12761.6
AC-1009,21,1.954,11.5,650.9,13.97,2.008,12774.3
AC-1009,22,2.223,13.5,661.6,14.21,2.047,12853.4
AC-1009,23,1.949,8.5,661.8,14.17,2.018,12830.4
AC-1009,24,1.951,13.2,610.8,13.85,1.999,12814.7
AC-1009,25,2.114,11.5,678.6,13.56,2.07,12720.2
AC-1009,26,2.183,6.6,641.7,13.17,1.975,12876.1
AC-1009,27,2.098,9.3,665.7,13.77,2.001,12798.2
AC-1009,28,1.624,8.2,642.2,13.72,1.96,12803.3
AC-1009,29,2.072,12.3,633.0,13.14,1.994,12829.9
AC-1009,30,1.97,9.4,645.2,13.83,2.079,12883.7
AC-1009,31,1.889,6.0,623.7,13.57,2.147,12877.6
AC-1009,32,1.442,9.6,634.1,13.68,1.911,12848.4
AC-1009,33,2.158,7.0,663.2,13.39,1.866,12805.4
AC-1009,34,2.518,7.5,666.7,13.21,1.983,12755.7
AC-1009,35,1.944,16.0,650.5,13.99,1.959,12752.2
AC-1009,36,1.753,16.5,641.5,13.51,2.155,12786.7
AC-1009,37,1.727,9.8,661.7,13.41,1.921,12812.2
AC-1009,38,1.806,12.0,653.8,13.28,2.004,12801.0
AC-1009,39,1.984,13.9,640.2,13.09,2.156,12756.3
AC-1009,40,1.563,8.1,649.8,13.48,1.973,12849.4
AC-1009,41,2.018,11.9,655.6,12.63,1.991,12822.6
AC-1009,42,2.183,12.6,650.9,13.16,1.936,12839.8
AC-1009,43,2.082,11.9,634.0,13.7,1.927,12811.0
AC-1009,44,1.792,10.8,642.7,13.21,1.996,12807.7
AC-1009,45,2.283,12.2,649.4,13.54,1.881,12740.1
AC-1009,46,2.008,11.7,646.8,13.84,2.007,12891.6
AC-1009,47,1.692,13.7,663.3,13.51,2.138,12847.8
AC-1009,48,2.278,13.8,651.5,13.08,2.044,12826.4
AC-1009,49,2.532,10.2,639.2,14.01,2.067,12842.5
AC-1009,50,2.311,8.4,665.7,13.53,1.92,12776.0
AC-1009,51,2.3,9.2,666.2,14.01,2.071,12778.2
AC-1009,52,2.016,10.9,651.0,14.06,1.954,12800.0
AC-1009,53,2.015,6.0,643.3,13.51,2.033,12800.9
AC-1009,54,1.201,9.0,664.2,12.9,1.923,12796.4
AC-1009,55,1.908,10.4,667.5,13.04,2.076,12830.7
AC-1009,56,2.177,14.4,632.0,13.85,1.854,12739.8
AC-1009,57,2.077,13.9,650.5,13.15,2.046,12774.3
AC-1009,58,2.0,13.2,667.9,14.2,1.868,12881.5
AC-1009,59,2.344,9.2,656.9,13.36,2.232,12783.2
AC-1009,60,2.681,9.3,659.6,13.46,1.92,12719.8
AC-1009,61,2.092,16.8,655.2,13.31,2.065,12800.9
AC-1009,62,2.062,11.3,662.5,13.51,2.042,12781.2
AC-1009,63,2.123,12.1,633.4,13.71,2.111,12768.7
AC-1009,64,2.002,12.3,639.8,13.28,1.959,12734.7
AC-1009,65,1.951,11.7,633.3,13.18,2.075,12729.2
AC-1009,66,1.976,9.7,652.0,13.67,2.093,12801.8
AC-1009,67,1.903,12.1,642.5,13.87,2.001,12803.3
AC-1009,68,1.744,11.3,651.1,13.29,2.156,12855.4
AC-1009,69,1.827,10.9,658.4,13.13,2.12,12763.2
AC-1009,70,2.359,14.3,652.8,13.04,1.971,12788.2
AC-1009,71,2.445,14.9,650.1,13.28,1.997,12758.7
AC-1009,72,2.358,12.8,650.4,13.41,1.958,12794.7
AC-1009,73,2.245,11.5,647.2,12.86,2.147,12750.4
AC-1009,74,1.542,11.7,635.0,14.12,2.011,12794.5
AC-1009,75,2.253,13.5,643.5,13.35,2.005,12802.9
AC-1009,76,2.639,14.7,682.5,13.23,2.098,12811.0
AC-1009,77,2.536,10.7,650.9,13.96,1.985,12815.8
AC-1009,78,1.74,12.2,633.3,13.68,1.961,12808.8
AC-1009,79,2.64,11.1,664.6,13.37,1.969,12812.9
AC-1009,80,2.452,13.6,662.3,13.32,1.894,12799.4
AC-1009,81,2.201,16.6,649.2,13.67,2.061,12803.2
AC-1009,82,2.509,12.6,660.5,13.62,1.971,12781.2
AC-1009,83,2.33,13.9,655.0,13.48,2.104,12799.6
AC-1009,84,2.387,16.3,663.6,13.18,1.977,12734.9
AC-1009,85,2.391,14.7,669.7,12.69,1.85,12769.1
AC-1009,86,2.016,14.4,655.9,13.02,2.017,12797.1
AC-1009,87,2.672,13.8,649.2,13.36,2.072,12800.2
AC-1009,88,3.181,16.4,638.6,13.74,2.136,12867.4
AC-1009,89,2.668,19.5,653.8,13.33,1.983,12744.1
AC-1009,90,2.658,16.0,645.9,13.75,2.035,12822.2
AC-1009,91,2.463,20.8,671.7,13.31,2.06,12721.9
AC-1009,92,2.404,13.6,676.5,13.32,2.049,12831.0
AC-1009,93,2.998,15.6,644.9,13.64,1.918,12810.3
AC-1009,94,2.22,16.2,660.5,13.43,2.071,12779.9
AC-1009,95,2.38,16.6,650.0,13.58,2.101,12755.5
AC-1009,96,2.481,16.7,651.9,13.06,1.995,12818.5
AC-1009,97,2.467,15.6,661.8,13.15,1.903,12826.8
AC-1009,98,2.828,17.6,656.9,13.36,2.062,12824.5
AC-1009,99,2.63,18.5,664.3,12.7,2.036,12906.9
AC-1009,100,2.739,15.3,644.2,13.52,1.982,12809.5
AC-1009,101,2.82,19.8,681.9,13.83,1.91,12845.8
AC-1009,102,3.058,20.4,633.6,13.65,2.076,12833.9
AC-1009,103,2.719,15.1,676.1,13.65,2.025,12741.6
AC-1009,104,2.601,20.8,670.8,14.28,1.892,12823.6
AC-1009,105,2.833,22.4,663.4,13.14,1.958,12800.9
AC-1009,106,2.15,22.8,646.2,13.34,2.042,12805.5
AC-1009,107,2.561,15.6,660.6,13.75,2.132,12746.9
AC-1009,108,2.969,22.7,646.6,13.65,1.962,12775.9
AC-1009,109,2.563,21.7,673.4,13.86,1.948,12807.0
AC-1009,110,2.747,22.8,663.6,13.75,2.072,12744.6
AC-1009,111,3.571,17.7,674.2,13.46,2.083,12816.6
AC-1009,112,3.257,23.5,670.5,13.28,2.141,12902.3
AC-1010,1,2.211,9.1,665.6,13.93,2.141,12767.3
AC-1010,2,1.647,12.7,659.5,13.02,1.927,12771.8
AC-1010,3,1.444,10.8,654.3,13.55,1.962,12774.3
AC-1010,4,2.111,10.9,659.0,13.54,1.98,12893.9
AC-1010,5,1.763,11.4,650.0,13.5,2.078,12836.3
AC-1010,6,1.569,8.9,653.6,13.57,2.037,12757.4
AC-1010,7,2.074,8.7,655.9,13.37,2.113,12783.0
AC-1010,8,2.318,11.6,657.1,13.99,1.961,12761.6
AC-1010,9,2.119,9.6,651.3,13.13,2.131,12829.2
AC-1010,10,2.166,10.8,658.3,12.96,1.922,12863.8
AC-1010,11,1.923,8.5,642.1,13.53,2.052,12832.8
AC-1010,12,2.199,11.7,646.4,13.4,1.889,12745.3
AC-1010,13,2.138,11.5,652.8,13.42,1.909,12770.4
AC-1010,14,1.85,12.2,659.5,13.6,2.115,12830.2
AC-1010,15,1.941,10.3,653.8,14.35,1.938,12725.1
AC-1010,16,2.15,7.6,680.7,13.18,1.931,12801.6
AC-1010,17,1.998,8.6,659.3,14.05,1.983,12739.4
AC-1010,18,2.019,7.9,652.1,13.64,1.861,12920.9
AC-1010,19,1.342,7.3,646.6,14.01,2.054,12837.4
AC-1010,20,2.213,7.6,656.3,13.64,2.154,12804.0
AC-1010,21,2.156,10.2,632.4,13.29,1.965,12870.4
AC-1010,22,2.229,8.4,650.9,13.85,1.965,12864.2
AC-1010,23,1.721,7.2,637.6,13.33,2.111,12792.6
AC-1010,24,1.874,11.2,653.1,13.61,2.115,12808.1
AC-1010,25,2.351,7.3,658.8,13.31,2.008,12741.9
AC-1010,26,2.414,8.6,656.2,13.34,2.015,12855.8
AC-1010,27,2.101,10.2,636.8,13.45,2.008,12788.1
AC-1010,28,1.871,12.7,627.0,13.26,2.033,12793.3
AC-1010,29,2.015,8.0,656.3,13.83,2.036,12824.4
AC-1010,30,1.849,7.5,632.4,13.59,2.013,12812.2
AC-1010,31,2.024,11.7,660.5,13.2,1.929,12834.4
AC-1010,32,2.047,11.8,641.0,13.38,1.993,12802.2
AC-1010,33,1.948,5.6,650.1,13.2,1.934,12862.2
AC-1010,34,1.51,12.7,679.6,13.97,1.959,12743.3
AC-1010,35,2.308,11.4,648.4,13.31,1.934,12768.6
AC-1010,36,1.778,13.3,648.4,12.76,1.883,12814.5
AC-1010,37,2.344,12.0,651.3,13.4,2.023,12857.9
AC-1010,38,1.818,8.8,650.3,13.05,2.07,12911.9
AC-1010,39,2.044,8.5,651.9,13.88,2.047,12894.2
AC-1010,40,2.118,9.8,649.7,13.68,2.064,12844.2
AC-1010,41,2.18,13.8,658.4,12.86,1.937,12795.8
AC-1010,42,1.457,12.1,655.0,13.13,2.163,12839.4
AC-1010,43,1.756,12.6,649.7,13.58,2.071,12787.6
AC-1010,44,1.734,10.4,646.4,14.02,2.117,12784.1
AC-1010,45,2.393,8.6,653.0,13.94,2.002,12669.7
AC-1010,46,2.085,12.6,658.3,13.65,1.815,12782.7
AC-1010,47,2.324,8.7,658.7,13.8,1.877,12807.7
AC-1010,48,2.08,13.1,646.7,13.43,2.184,12747.6
AC-1010,49,1.935,12.9,641.4,13.2,1.97,12742.3
AC-1010,50,1.765,10.1,660.5,13.66,2.036,12800.6
AC-1010,51,2.118,6.5,646.9,13.73,1.795,12813.5
AC-1010,52,1.706,11.4,633.3,13.49,2.082,12793.6
AC-1010,53,1.484,8.1,650.9,13.69,2.009,12767.8
AC-1010,54,2.092,9.6,627.1,13.85,1.965,12848.6
AC-1010,55,2.096,11.9,649.4,13.97,2.126,12707.6
AC-1010,56,2.288,6.5,670.2,13.37,1.864,12811.5
AC-1010,57,2.284,11.7,640.8,12.96,1.962,12770.1
AC-1010,58,2.291,8.5,638.8,14.28,2.018,12798.4
AC-1010,59,1.602,8.5,647.9,13.41,1.996,12789.9
AC-1010,60,1.877,11.0,664.8,13.04,2.084,12742.2
AC-1010,61,2.316,12.1,653.0,13.28,1.875,12797.4
AC-1010,62,2.197,11.5,648.6,13.52,1.981,12834.6
AC-1010,63,1.624,9.6,661.0,13.43,1.961,12852.1
AC-1010,64,2.105,8.7,638.9,13.59,2.023,12874.7
AC-1010,65,2.138,12.4,645.2,14.0,2.117,12762.4
AC-1010,66,1.834,9.7,658.5,13.77,2.111,12810.9
AC-1010,67,2.534,7.6,654.3,13.78,2.108,12828.8
AC-1010,68,2.585,8.4,645.1,13.81,1.958,12789.8
AC-1010,69,1.887,10.7,651.2,13.86,2.051,12746.2
AC-1010,70,2.434,11.8,654.9,13.25,1.914,12840.8
AC-1010,71,2.364,12.8,653.2,13.96,1.829,12840.2
AC-1010,72,2.191,7.2,644.7,13.09,2.168,12775.6
AC-1010,73,1.618,7.1,653.1,13.31,2.169,12787.4
AC-1010,74,1.886,11.5,629.8,13.09,2.053,12798.8
AC-1010,75,2.29,6.1,645.3,13.15,1.944,12791.6
AC-1010,76,2.002,12.4,650.3,13.53,1.953,12752.6
AC-1010,77,2.346,8.6,656.0,13.57,2.016,12758.7
AC-1010,78,1.514,10.4,671.6,13.55,1.849,12778.1
AC-1010,79,2.566,9.6,660.5,13.25,2.019,12817.5
AC-1010,80,1.847,10.2,648.6,13.54,1.917,12833.1
AC-1010,81,2.139,8.5,673.9,13.73,2.109,12842.9
AC-1010,82,1.813,9.4,662.9,13.48,1.971,12844.3
AC-1010,83,2.485,6.2,649.6,13.98,1.93,12769.1
AC-1010,84,2.174,8.5,668.2,13.12,2.039,12825.6
AC-1010,85,1.764,9.5,656.4,13.59,1.923,12786.1
AC-1010,86,2.107,13.1,673.1,13.7,1.97,12859.8
AC-1010,87,2.027,9.3,655.2,13.59,2.066,12815.5
AC-1010,88,1.994,12.4,645.4,13.56,1.913,12815.8
AC-1010,89,1.953,10.3,661.3,13.85,1.978,12784.3
AC-1010,90,1.859,12.0,644.2,12.95,1.974,12832.5
AC-1010,91,1.566,8.3,656.1,13.28,1.935,12733.0
AC-1010,92,2.174,9.2,666.3,13.61,1.905,12806.9
AC-1010,93,1.967,9.2,651.4,13.53,2.026,12838.9
AC-1010,94,2.095,13.5,652.8,13.59,2.029,12810.5
AC-1010,95,2.013,10.3,654.0,12.86,2.018,12888.9
AC-1010,96,2.308,11.7,657.7,13.31,1.975,12842.5
AC-1010,97,2.241,8.6,649.3,12.57,1.943,12790.4
AC-1010,98,2.011,9.5,643.2,13.07,2.019,12801.8
AC-1010,99,1.738,10.6,650.5,13.46,2.07,12801.1
AC-1010,100,2.103,12.7,657.5,13.72,2.02,12743.4
AC-1010,101,1.871,13.2,655.8,13.59,2.022,12864.7
AC-1010,102,1.602,6.5,660.5,13.27,1.805,12899.3
AC-1010,103,2.35,9.4,644.9,13.54,1.937,12766.3
AC-1010,104,2.006,9.5,674.8,13.54,2.086,12819.7
AC-1010,105,2.601,11.9,650.3,13.48,2.131,12792.6
AC-1010,106,1.75,7.9,647.7,13.26,1.896,12788.4
AC-1010,107,2.09,8.9,658.3,13.85,2.116,12783.5
AC-1010,108,1.949,10.3,648.0,13.42,2.148,12763.7
AC-1010,109,1.883,9.5,658.3,13.7,2.015,12828.6
AC-1010,110,2.065,11.7,660.2,13.32,1.94,12845.4
AC-1010,111,2.033,12.8,662.5,13.38,2.101,12805.9
AC-1010,112,2.271,6.9,666.3,12.75,2.018,12762.4
AC-1010,113,2.086,13.2,677.8,13.21,2.134,12799.4
AC-1010,114,1.695,9.8,656.9,13.46,1.913,12787.0
AC-1010,115,2.202,12.1,653.3,13.84,2.025,12773.2
AC-1010,116,1.966,10.8,678.9,12.88,2.152,12832.9
AC-1010,117,2.247,7.9,659.4,13.41,1.97,12846.7
AC-1010,118,2.492,6.0,637.7,13.19,2.025,12793.1
AC-1010,119,1.69,10.8,657.2,13.32,1.955,12801.3
AC-1010,120,2.171,10.1,660.0,13.34,2.08,12859.9
AC-1010,121,2.193,7.4,646.0,13.82,2.119,12920.1
AC-1010,122,1.66,11.3,654.3,13.88,2.133,12784.7
AC-1010,123,2.119,10.1,657.5,13.5,1.993,12763.2
AC-1010,124,1.965,9.8,667.3,12.76,2.06,12821.9
AC-1010,125,2.134,9.5,666.7,13.03,2.03,12830.7
AC-1010,126,2.142,9.8,668.2,12.86,2.105,12789.8
AC-1010,127,1.902,8.7,664.6,13.91,2.059,12755.8
AC-1010,128,1.95,9.0,663.3,13.3,2.015,12675.9
AC-1010,129,2.475,13.9,667.0,12.96,2.132,12811.7
AC-1010,130,2.18,8.8,671.6,13.38,2.089,12806.3
AC-1010,131,2.054,9.8,679.0,13.13,1.98,12800.2
AC-1010,132,1.848,9.0,662.0,13.56,1.978,12727.1
AC-1010,133,2.09,11.7,646.4,13.38,2.097,12842.3
AC-1010,134,2.198,10.6,666.6,13.11,2.131,12750.9
AC-1010,135,2.477,9.3,651.3,12.85,2.063,12856.8
AC-1010,136,2.133,14.1,662.7,13.32,2.137,12784.9
AC-1010,137,2.335,13.5,655.2,13.38,2.123,12881.4
AC-1010,138,2.131,10.9,669.4,13.87,2.13,12790.2
AC-1010,139,1.926,10.3,653.0,12.69,2.004,12887.0
AC-1010,140,1.908,9.9,665.8,13.4,2.134,12826.1
AC-1010,141,2.076,11.4,661.8,12.81,1.974,12798.0
AC-1010,142,2.21,12.8,658.1,12.9,2.183,12744.7
AC-1010,143,2.116,10.4,655.2,13.17,2.092,12823.5
AC-1010,144,1.976,14.8,656.5,13.34,2.103,12753.6
AC-1010,145,1.795,11.4,657.9,12.94,2.074,12775.2
AC-1010,146,1.978,10.0,653.2,13.17,2.055,12810.5
AC-1010,147,2.628,6.8,642.9,13.12,2.132,12858.6
AC-1010,148,2.213,9.2,658.7,13.03,1.963,12801.9
AC-1010,149,1.963,8.9,664.4,13.04,2.146,12858.6
AC-1010,150,1.816,9.8,670.6,12.74,1.947,12808.3
AC-1010,151,2.626,12.5,672.1,12.92,1.973,12808.1
AC-1010,152,2.548,8.5,675.6,12.57,2.082,12800.0
AC-1010,153,2.255,6.8,658.4,13.39,2.008,12749.0
AC-1010,154,2.105,9.5,661.5,12.42,2.091,12810.8
AC-1010,155,2.474,10.9,681.8,12.93,2.133,12763.6
AC-1010,156,2.158,13.4,661.1,13.31,2.077,12790.4
AC-1010,157,2.037,10.1,668.9,13.09,1.931,12735.6
AC-1010,158,2.338,6.9,650.9,13.31,2.04,12724.7
AC-1010,159,2.292,9.3,669.7,13.12,2.156,12872.9
AC-1010,160,2.186,10.9,670.1,13.68,2.152,12864.2
AC-1010,161,2.334,10.7,678.6,13.43,2.176,12843.7
AC-1010,162,2.421,7.7,659.5,12.99,2.152,12829.3
AC-1010,163,2.2,10.3,684.8,12.55,2.175,12770.7
AC-1010,164,2.181,10.4,673.3,12.68,2.201,12854.6
AC-1010,165,1.871,13.4,678.6,12.84,2.21,12807.6
AC-1010,166,1.878,8.4,680.1,12.51,2.131,12886.0
AC-1010,167,2.36,11.1,666.4,13.26,2.074,12823.0
AC-1010,168,1.958,12.4,674.8,13.4,2.063,12785.8
AC-1010,169,1.659,9.4,660.9,12.62,2.078,12706.6
AC-1010,170,2.177,9.1,676.6,12.93,2.064,12755.2
AC-1010,171,2.21,9.5,654.6,13.43,2.187,12779.4
AC-1010,172,2.064,9.8,685.8,12.81,2.026,12745.1
AC-1010,173,2.71,7.4,690.8,13.35,2.077,12799.4
AC-1010,174,2.274,8.5,670.9,12.71,2.083,12770.1
AC-1010,175,1.944,12.3,664.5,13.07,2.168,12757.3
AC-1011,1,1.89,9.6,655.9,13.51,2.044,12722.2
AC-1011,2,1.826,7.9,635.8,13.65,1.924,12818.3
AC-1011,3,2.028,6.0,653.7,13.54,2.088,12793.4
AC-1011,4,2.213,6.7,647.4,13.89,2.039,12836.7
AC-1011,5,1.783,8.6,636.7,13.91,1.765,12806.4
AC-1011,6,2.028,12.6,643.1,14.02,2.047,12916.5
AC-1011,7,2.164,10.4,633.3,13.13,1.977,12790.3
AC-1011,8,1.865,8.2,628.7,13.54,1.978,12829.4
AC-1011,9,1.681,7.8,638.5,13.34,2.016,12796.3
AC-1011,10,1.772,8.1,646.7,14.17,1.863,12929.1
AC-1011,11,1.557,6.6,633.9,13.35,1.997,12816.8
AC-1011,12,1.848,13.5,614.3,13.71,1.952,12748.2
AC-1011,13,2.258,9.7,656.3,13.24,1.917,12738.0
AC-1011,14,1.898,14.3,639.5,13.11,2.09,12827.3
AC-1011,15,1.98,9.7,646.7,13.15,2.006,12815.1
AC-1011,16,2.062,10.6,674.8,13.6,1.954,12703.6
AC-1011,17,1.597,10.5,668.8,13.45,2.101,12736.0
AC-1011,18,1.651,9.5,658.2,13.8,1.906,12844.5
AC-1011,19,2.758,7.3,654.5,13.09,1.915,12760.0
AC-1011,20,2.09,11.7,644.7,13.54,2.03,12806.7
AC-1011,21,1.819,8.3,650.5,13.56,1.944,12893.4
AC-1011,22,1.724,8.6,665.5,13.56,2.161,12769.4
AC-1011,23,2.44,6.7,642.1,13.29,1.989,12712.6
AC-1011,24,2.447,11.2,651.3,13.91,2.005,12780.9
AC-1011,25,2.036,8.1,647.1,13.45,2.008,12694.3
AC-1011,26,1.791,9.4,681.8,13.5,1.836,12926.5
AC-1011,27,1.478,14.0,663.3,13.43,1.984,12816.9
AC-1011,28,1.774,10.9,645.8,13.04,2.083,12761.8
AC-1011,29,1.971,7.9,674.5,13.58,2.136,12805.9
AC-1011,30,1.82,10.7,680.0,13.24,2.157,12815.5
AC-1011,31,1.664,6.1,644.0,13.29,2.002,12838.3
AC-1011,32,1.996,11.1,646.6,13.68,2.111,12718.0
AC-1011,33,2.043,9.3,677.7,13.98,1.977,12807.7
AC-1011,34,1.796,10.3,643.6,13.61,1.943,12849.0
AC-1011,35,1.916,11.9,678.5,13.0,1.946,12916.4
AC-1011,36,2.108,10.4,662.7,13.51,2.127,12772.7
AC-1011,37,1.707,10.7,646.7,12.99,2.012,12799.4
AC-1011,38,1.939,12.9,645.8,13.88,2.109,12791.5
AC-1011,39,1.915,10.6,661.0,13.24,2.141,12775.7
AC-1011,40,2.199,9.9,646.6,14.1,2.012,12829.6
AC-1011,41,2.077,10.8,637.0,13.4,2.025,12732.7
AC-1011,42,2.249,7.4,652.9,13.49,1.935,12881.4
AC-1011,43,2.038,8.6,664.8,13.8,2.014,12865.3
AC-1011,44,1.895,8.2,646.2,13.65,2.018,12836.5
AC-1011,45,1.616,11.9,660.0,13.23,2.001,12785.5
AC-1011,46,1.512,12.7,654.6,13.52,2.081,12791.4
AC-1011,47,2.101,9.3,653.6,13.66,1.933,12750.6
AC-1011,48,1.427,12.9,651.7,13.15,1.871,12819.3
AC-1011,49,2.124,12.4,669.8,13.33,2.017,12780.8
AC-1011,50,2.044,10.1,634.3,13.96,1.971,12848.6
AC-1011,51,1.961,9.8,639.4,13.43,2.004,12748.3
AC-1011,52,1.789,12.8,652.9,13.63,2.045,12772.5
AC-1011,53,1.544,7.7,630.4,13.49,1.987,12737.7
AC-1011,54,2.472,10.7,641.6,13.67,2.101,12826.2
AC-1011,55,2.323,7.0,656.7,13.53,2.055,12741.1
AC-1011,56,1.541,6.3,628.0,12.85,2.334,12764.7
AC-1011,57,1.899,11.3,667.5,13.38,1.895,12799.1
AC-1011,58,1.66,11.9,656.4,13.81,1.98,12842.4
AC-1011,59,2.073,7.9,644.8,13.09,2.055,12708.1
AC-1011,60,1.748,10.3,649.7,13.75,1.921,12737.1
AC-1011,61,1.797,11.3,635.4,13.32,2.043,12686.0
AC-1011,62,2.047,8.7,625.5,13.8,1.829,12849.4
AC-1011,63,1.967,12.1,627.4,13.56,1.998,12763.6
AC-1011,64,1.922,11.9,620.0,13.82,1.921,12829.1
AC-1011,65,2.113,10.2,647.6,13.57,2.108,12788.6
AC-1011,66,2.032,9.8,638.0,13.06,2.008,12755.1
AC-1011,67,1.908,11.9,647.1,13.94,2.12,12740.9
AC-1011,68,1.783,11.0,646.7,13.35,1.913,12670.7
AC-1011,69,2.012,9.8,659.2,13.33,2.163,12709.7
AC-1011,70,1.865,12.3,654.7,13.71,2.016,12781.1
AC-1011,71,2.039,13.4,625.2,12.63,2.096,12782.7
AC-1011,72,1.795,12.4,654.7,13.64,1.963,12845.8
AC-1011,73,1.813,10.7,661.3,13.64,1.991,12798.5
AC-1011,74,2.234,9.7,634.6,13.57,2.091,12813.0
AC-1011,75,2.089,9.1,660.3,12.98,2.064,12772.4
AC-1011,76,2.403,7.8,674.4,13.71,1.981,12848.1
AC-1011,77,2.214,6.9,665.3,13.17,2.026,12799.4
AC-1011,78,1.745,8.1,637.3,13.0,2.043,12721.6
AC-1011,79,2.0,13.0,659.7,13.53,2.033,12759.5
AC-1011,80,2.199,11.2,653.8,13.64,2.073,12801.4
AC-1011,81,2.046,9.7,656.8,13.38,2.091,12721.8
AC-1011,82,1.866,8.0,652.9,12.99,2.013,12652.4
AC-1011,83,2.303,14.4,644.7,13.63,1.922,12803.2
AC-1011,84,2.428,11.4,664.3,13.11,2.087,12772.8
AC-1011,85,1.719,11.4,648.3,14.03,2.135,12735.7
AC-1011,86,2.015,12.8,652.0,13.75,2.174,12750.0
AC-1011,87,2.088,13.9,670.5,12.47,2.075,12730.9
AC-1011,88,2.537,14.4,649.3,13.22,2.117,12748.8
AC-1011,89,1.365,12.4,660.5,14.29,2.133,12797.5
AC-1011,90,2.29,6.8,660.0,13.69,2.168,12825.0
AC-1011,91,1.736,10.0,665.0,13.67,2.201,12761.4
AC-1011,92,2.027,14.4,649.0,14.1,2.105,12679.6
AC-1011,93,2.354,12.4,660.4,13.4,2.047,12814.9
AC-1011,94,2.195,12.4,668.7,14.14,2.157,12773.0
AC-1011,95,1.689,15.7,651.4,13.77,2.116,12719.3
AC-1011,96,2.012,8.7,645.1,13.42,2.014,12857.7
AC-1011,97,2.072,10.8,659.8,13.27,2.115,12790.1
AC-1011,98,1.844,9.4,647.3,13.66,2.171,12717.1
AC-1011,99,1.758,12.2,643.0,13.18,2.124,12812.3
AC-1011,100,2.148,12.3,650.9,14.13,2.276,12782.1
AC-1011,101,1.863,11.4,656.7,13.84,2.055,12763.0
AC-1011,102,1.977,10.7,658.8,13.26,2.139,12709.3
AC-1011,103,1.617,11.1,670.9,14.04,2.183,12821.4
AC-1011,104,1.924,10.8,672.8,13.43,2.229,12780.0
AC-1011,105,2.022,11.9,642.1,13.8,2.122,12661.1
AC-1011,106,1.706,13.3,668.6,13.43,2.063,12736.0
AC-1011,107,2.07,9.6,663.3,13.4,2.073,12735.2
AC-1011,108,1.716,14.7,648.3,13.82,2.187,12751.2
AC-1011,109,1.678,7.9,647.6,13.23,2.257,12759.9
AC-1011,110,1.775,15.9,681.2,13.71,2.149,12749.3
AC-1011,111,1.753,14.4,645.7,13.1,2.208,12754.0
AC-1011,112,2.32,15.4,639.5,13.33,2.207,12812.7
AC-1011,113,1.96,10.4,687.8,13.25,2.325,12680.3
AC-1011,114,1.659,11.3,654.3,13.44,2.089,12786.0
AC-1011,115,2.231,12.6,653.5,13.62,2.081,12671.9
AC-1011,116,1.947,10.0,655.2,13.46,2.165,12684.4
AC-1011,117,1.81,9.4,655.5,13.32,2.1,12685.7
AC-1011,118,1.457,12.6,647.5,14.19,2.107,12771.7
AC-1011,119,2.305,10.2,657.2,14.37,2.226,12688.2
AC-1011,120,1.509,11.9,641.7,13.29,2.258,12729.9
AC-1011,121,2.018,9.7,661.6,13.86,2.252,12615.9
AC-1011,122,2.184,12.5,671.9,12.79,2.255,12631.2
AC-1011,123,2.251,13.1,696.8,12.68,2.181,12679.7
AC-1011,124,2.349,11.5,667.4,13.34,2.209,12740.1
AC-1011,125,2.018,13.8,688.8,13.91,2.223,12691.0
AC-1011,126,2.322,14.8,678.1,13.18,2.087,12639.5
AC-1011,127,2.054,17.1,675.2,13.6,2.029,12657.2
AC-1011,128,1.995,14.9,667.0,14.42,2.205,12643.8
AC-1011,129,2.001,11.1,649.5,13.23,2.217,12605.6
AC-1011,130,2.536,11.0,670.9,13.38,2.426,12643.8
AC-1011,131,1.951,11.3,662.7,13.55,2.26,12713.3
AC-1011,132,2.019,11.7,664.4,13.65,2.197,12748.3
AC-1011,133,1.779,16.0,645.5,13.24,2.247,12591.3
AC-1011,134,2.093,13.7,681.1,13.48,2.34,12685.4
AC-1011,135,1.826,17.4,678.8,13.27,2.265,12731.4
AC-1011,136,1.607,15.5,655.6,13.57,2.269,12591.0
AC-1011,137,2.013,14.7,666.3,13.75,2.265,12661.0
AC-1011,138,1.811,10.6,674.7,13.33,2.127,12698.4
AC-1011,139,2.445,10.8,653.2,13.35,2.259,12639.9
AC-1011,140,1.819,19.4,671.3,13.84,2.263,12641.4
AC-1011,141,2.287,14.5,663.9,13.51,2.385,12603.9
AC-1011,142,1.782,13.0,675.8,13.63,2.273,12571.3
AC-1011,143,1.903,14.2,667.8,13.49,2.321,12593.8
AC-1011,144,1.589,12.3,665.8,13.86,2.313,12627.5
AC-1011,145,1.637,15.5,673.5,13.2,2.45,12703.2
AC-1011,146,2.317,17.2,665.7,13.92,2.299,12581.6
AC-1011,147,1.863,13.4,701.5,13.5,2.296,12630.5
AC-1011,148,2.476,13.8,673.6,14.16,2.34,12668.4
AC-1011,149,2.034,13.0,654.5,13.55,2.403,12658.8
AC-1011,150,2.046,11.5,698.6,13.62,2.341,12746.3
AC-1011,151,2.097,12.7,648.4,13.55,2.416,12606.9
AC-1011,152,1.813,18.0,659.3,13.81,2.386,12608.9
AC-1011,153,1.732,17.1,710.0,13.96,2.415,12666.3
AC-1011,154,1.995,16.7,666.1,13.31,2.448,12595.7
AC-1011,155,2.268,16.4,675.0,13.49,2.326,12585.0
AC-1011,156,1.891,15.8,682.8,13.08,2.36,12460.1
AC-1011,157,2.057,13.4,672.3,13.26,2.527,12539.9
AC-1011,158,2.078,14.1,710.3,13.22,2.405,12489.8
AC-1011,159,2.091,14.7,679.2,13.35,2.426,12527.4
AC-1011,160,2.118,16.8,675.7,12.9,2.47,12506.5
AC-1011,161,2.076,14.8,662.9,13.44,2.488,12538.2
AC-1011,162,1.93,16.3,679.8,13.4,2.5,12635.6
AC-1011,163,2.255,14.1,668.8,12.94,2.443,12587.4
AC-1011,164,2.258,16.0,693.8,13.91,2.593,12524.1
AC-1011,165,2.043,19.2,672.5,13.74,2.425,12585.9
AC-1012,1,2.243,9.9,649.2,13.73,1.896,12823.7
AC-1012,2,2.402,9.3,656.3,13.51,1.995,12762.6
AC-1012,3,1.788,8.1,639.1,13.69,2.151,12811.7
AC-1012,4,1.68,7.4,655.2,13.43,2.061,12761.6
AC-1012,5,2.212,14.3,652.7,13.67,2.179,12800.1
AC-1012,6,2.166,8.4,641.4,13.12,1.927,12740.1
AC-1012,7,1.915,10.3,657.4,14.27,1.999,12762.7
AC-1012,8,1.742,8.5,657.3,13.06,2.093,12779.6
AC-1012,9,2.42,8.6,681.5,13.22,1.935,12842.1
AC-1012,10,2.173,6.9,636.4,13.5,1.92,12727.0
AC-1012,11,2.071,8.0,656.9,13.52,2.061,12748.7
AC-1012,12,1.75,10.3,641.7,13.55,2.074,12763.4
AC-1012,13,2.062,9.9,664.1,13.73,1.946,12797.4
AC-1012,14,1.931,12.7,662.5,13.63,2.198,12756.2
AC-1012,15,2.473,5.9,642.0,13.19,2.214,12777.0
AC-1012,16,2.186,8.9,635.4,14.22,1.964,12846.3
AC-1012,17,2.534,12.0,653.1,13.75,2.106,12756.4
AC-1012,18,2.375,10.7,666.1,13.31,1.864,12805.9
AC-1012,19,1.831,11.0,648.5,13.61,1.998,12770.1
AC-1012,20,2.079,8.8,626.1,13.18,1.921,12754.7
AC-1012,21,1.919,8.8,634.0,13.03,1.994,12756.1
AC-1012,22,2.498,11.4,648.3,13.95,2.062,12771.8
AC-1012,23,2.105,10.4,663.4,13.62,1.95,12751.4
AC-1012,24,2.116,8.5,652.4,13.19,2.096,12815.4
AC-1012,25,1.966,7.4,651.0,13.36,1.85,12821.8
AC-1012,26,2.142,9.5,659.5,13.88,1.983,12807.8
AC-1012,27,2.491,10.7,673.2,13.17,1.986,12831.3
AC-1012,28,2.239,10.3,636.4,13.66,1.927,12861.2
AC-1012,29,1.936,9.1,641.5,13.51,1.974,12775.1
AC-1012,30,1.935,5.6,674.4,13.9,1.969,12829.7
AC-1012,31,2.18,13.8,673.3,13.12,2.077,12808.1
AC-1012,32,2.067,10.7,666.7,12.87,2.178,12768.2
AC-1012,33,2.034,9.1,643.3,13.7,1.974,12830.8
AC-1012,34,1.485,11.8,640.0,13.46,1.846,12814.3
AC-1012,35,2.146,13.5,647.0,14.26,1.931,12790.7
AC-1012,36,2.292,9.6,634.4,13.68,1.936,12727.7
AC-1012,37,1.952,14.2,644.5,12.98,1.975,12859.9
AC-1012,38,1.737,11.6,622.3,13.73,1.98,12703.2
AC-1012,39,2.013,9.9,651.9,13.79,1.993,12787.1
AC-1012,40,2.206,9.5,641.2,13.16,1.885,12831.8
AC-1012,41,2.053,9.9,648.4,13.49,2.031,12737.5
AC-1012,42,1.664,10.8,675.0,13.56,1.891,12848.1
AC-1012,43,1.754,11.4,650.9,13.53,2.017,12769.0
AC-1012,44,1.775,9.5,635.5,13.65,1.934,12807.6
AC-1012,45,1.791,9.1,664.6,13.98,1.917,12812.9
AC-1012,46,1.855,12.4,643.7,13.22,1.92,12793.5
AC-1012,47,1.949,10.3,648.6,13.19,2.061,12751.3
AC-1012,48,2.322,9.9,674.2,12.91,2.006,12779.7
AC-1012,49,2.194,8.6,653.6,13.45,2.094,12771.4
AC-1012,50,1.999,7.9,656.9,13.36,2.055,12839.1
AC-1012,51,2.005,9.9,634.4,13.71,1.947,12725.6
AC-1012,52,1.855,12.1,667.8,13.39,2.094,12827.0
AC-1012,53,1.906,10.4,646.2,13.73,1.905,12784.0
AC-1012,54,1.438,10.7,643.4,13.15,2.066,12833.2
AC-1012,55,1.76,8.6,639.0,13.65,2.178,12807.8
AC-1012,56,2.286,7.6,640.1,13.81,1.967,12815.3
AC-1012,57,1.617,11.8,658.2,13.18,2.215,12828.4
AC-1012,58,2.133,12.8,662.0,13.33,1.909,12806.0
AC-1012,59,1.641,12.4,651.4,14.3,2.142,12850.4
AC-1012,60,2.004,11.0,651.0,13.83,1.981,12729.0
AC-1012,61,1.666,10.1,623.3,13.84,2.043,12763.7
AC-1012,62,2.332,12.1,649.2,14.02,1.919,12783.6
AC-1012,63,2.618,10.9,685.8,13.71,1.93,12849.0
AC-1012,64,2.154,9.5,648.8,13.56,1.99,12788.0
AC-1012,65,1.832,9.6,646.3,13.74,1.945,12792.2
AC-1012,66,1.706,10.3,648.6,12.86,2.081,12749.6
AC-1012,67,2.455,8.2,668.5,13.66,2.024,12787.7
AC-1012,68,1.789,11.5,640.8,13.24,1.986,12800.8
AC-1012,69,2.088,10.3,650.8,13.58,1.964,12804.2
AC-1012,70,2.079,9.8,655.6,13.35,1.947,12752.4
AC-1012,71,1.812,10.8,653.0,13.31,1.92,12802.3
AC-1012,72,2.107,9.7,650.0,13.37,2.023,12763.1
AC-1012,73,2.168,9.9,661.9,13.33,2.059,12822.4
AC-1012,74,2.009,10.2,649.2,12.77,1.991,12795.8
AC-1012,75,1.627,7.6,656.4,13.19,1.937,12872.1
AC-1012,76,2.011,11.9,666.2,13.21,1.845,12768.7
AC-1012,77,1.901,10.1,651.7,13.28,1.886,12708.6
AC-1012,78,2.176,9.4,639.9,12.53,1.933,12734.7
AC-1012,79,2.218,10.5,668.6,14.05,1.899,12813.2
AC-1012,80,2.195,6.2,674.0,13.39,1.964,12828.9
AC-1012,81,2.085,11.7,639.3,12.89,2.041,12708.4
AC-1012,82,2.273,9.9,644.3,13.4,1.938,12832.2
AC-1012,83,1.931,11.6,650.7,13.42,1.988,12802.6
AC-1012,84,2.167,12.1,658.3,13.82,2.072,12743.2
AC-1012,85,2.146,10.9,630.0,13.21,2.02,12859.5
AC-1012,86,1.992,13.4,654.8,13.81,1.797,12834.5
AC-1012,87,2.128,14.2,673.9,13.83,1.897,12824.5
AC-1012,88,2.202,10.1,636.6,13.59,1.913,12757.1
AC-1012,89,1.789,8.3,674.2,13.57,2.024,12815.4
AC-1012,90,2.143,9.0,635.3,13.24,1.894,12799.2
AC-1012,91,1.78,15.2,644.1,14.12,2.028,12816.2
AC-1012,92,2.015,11.9,663.6,13.66,2.159,12775.0
AC-1012,93,2.239,14.9,668.6,13.3,2.012,12790.3
AC-1012,94,2.348,10.6,657.5,13.6,1.877,12769.8
AC-1012,95,1.89,8.7,649.6,13.59,1.985,12765.2
AC-1012,96,2.372,9.8,655.7,13.81,2.119,12788.6
AC-1012,97,1.977,12.2,634.1,13.72,2.036,12830.5
AC-1012,98,1.612,14.1,662.3,14.08,1.97,12750.3
AC-1012,99,2.155,15.8,653.8,13.44,2.0,12827.4
AC-1012,100,1.887,8.2,649.7,12.95,1.92,12750.4
AC-1012,101,2.167,12.2,653.0,13.24,1.989,12836.6
AC-1012,102,2.148,10.2,639.8,13.22,1.933,12828.5
AC-1012,103,2.143,10.2,659.8,13.8,1.909,12794.2
AC-1012,104,1.803,10.8,657.3,13.15,1.884,12711.7
AC-1012,105,2.094,10.7,629.7,14.24,2.046,12771.9
AC-1012,106,2.581,9.8,658.6,13.65,2.057,12807.9
AC-1012,107,2.092,13.3,670.4,13.34,1.853,12847.2
AC-1012,108,1.957,14.0,658.1,13.47,2.006,12779.7
AC-1012,109,1.972,11.7,651.3,13.7,2.078,12790.5
AC-1012,110,2.362,8.9,662.4,13.27,2.091,12856.6
AC-1012,111,2.382,15.3,638.3,13.63,2.057,12821.9
AC-1012,112,2.262,12.5,651.3,13.66,1.983,12860.2
AC-1012,113,1.889,12.8,663.3,13.37,2.056,12891.3
AC-1012,114,2.067,11.9,665.1,13.25,2.05,12782.9
AC-1012,115,2.543,9.6,647.5,13.55,2.201,12816.2
AC-1012,116,2.635,13.9,662.2,13.24,2.035,12816.1
AC-1012,117,2.467,11.1,633.9,13.26,2.05,12745.2
AC-1012,118,2.135,13.2,642.2,13.96,2.033,12724.1
AC-1012,119,2.253,10.9,642.6,13.35,2.009,12765.5
AC-1012,120,1.934,17.0,635.0,13.07,2.026,12848.7
AC-1012,121,2.178,10.8,660.0,13.17,1.93,12821.4
AC-1012,122,2.14,11.3,656.1,13.46,2.004,12843.3
AC-1012,123,2.384,11.2,649.3,13.6,1.999,12865.1
AC-1012,124,2.068,12.1,660.9,14.5,1.975,12875.0
AC-1012,125,2.579,12.3,643.8,13.65,2.021,12795.2
AC-1012,126,2.161,11.7,673.3,13.98,1.929,12822.4
AC-1012,127,2.213,15.7,654.0,13.11,1.987,12789.7
AC-1012,128,2.297,15.8,668.4,13.65,1.93,12780.6
AC-1012,129,2.817,12.9,661.5,12.87,1.973,12815.5
AC-1012,130,2.056,13.7,639.8,13.55,2.103,12748.7
AC-1012,131,2.492,13.9,678.2,13.78,1.921,12803.4
AC-1012,132,2.643,14.0,664.0,13.56,1.978,12850.3
AC-1012,133,2.142,11.0,677.5,13.42,1.952,12764.1
AC-1012,134,2.255,13.3,649.6,13.95,2.202,12819.8
AC-1012,135,2.307,17.4,660.4,13.91,1.789,12748.7
AC-1012,136,2.688,16.1,639.8,13.73,2.027,12799.5
AC-1012,137,2.591,12.2,644.1,13.59,1.962,12823.3
AC-1012,138,1.905,13.5,662.2,13.76,1.989,12783.9
AC-1012,139,2.553,11.5,653.7,13.01,1.955,12841.6
AC-1012,140,2.298,15.8,641.5,13.57,1.992,12799.0
AC-1012,141,2.624,18.5,658.4,13.87,2.065,12872.5
AC-1012,142,2.432,13.9,635.6,14.12,1.909,12732.1
AC-1012,143,2.269,12.2,634.4,13.58,1.982,12778.4
AC-1012,144,2.547,11.8,647.7,13.65,2.273,12825.1
AC-1012,145,2.715,15.8,658.3,13.45,1.903,12875.0
AC-1012,146,2.506,16.6,660.3,13.49,2.012,12781.6
AC-1012,147,3.018,14.7,649.8,12.95,2.161,12784.7
AC-1012,148,2.386,18.4,653.7,13.36,1.962,12764.1
AC-1012,149,2.295,10.6,669.6,13.27,1.957,12863.1
AC-1012,150,2.614,16.2,636.3,13.71,2.068,12828.4
AC-1012,151,2.482,15.3,657.2,13.72,2.018,12660.0
AC-1012,152,2.561,17.9,657.1,13.91,2.148,12766.3
AC-1012,153,2.534,15.2,646.3,14.0,2.096,12821.2
AC-1012,154,2.108,16.1,635.7,13.61,2.177,12774.8
AC-1012,155,2.728,17.8,660.4,13.1,2.218,12811.5
AC-1013,1,1.662,8.5,651.2,13.74,1.963,12764.0
AC-1013,2,1.788,9.7,655.4,13.23,1.907,12798.7
AC-1013,3,1.862,11.7,633.3,13.87,1.966,12775.0
AC-1013,4,1.798,10.0,662.1,13.77,1.98,12799.7
AC-1013,5,2.344,12.6,645.9,13.37,2.138,12839.7
AC-1013,6,2.06,10.5,673.5,13.61,2.058,12840.1
AC-1013,7,1.942,10.2,654.7,12.95,2.124,12879.7
AC-1013,8,2.173,12.1,647.5,13.95,2.104,12747.0
AC-1013,9,1.941,11.0,653.8,13.79,1.951,12717.1
AC-1013,10,1.678,9.5,662.1,13.79,1.888,12811.5
AC-1013,11,1.665,11.2,676.3,13.67,2.005,12822.9
AC-1013,12,1.926,11.9,638.2,13.46,1.941,12763.1
AC-1013,13,2.055,9.0,643.5,13.63,2.019,12774.6
AC-1013,14,1.871,7.0,667.1,13.03,2.074,12894.1
AC-1013,15,1.859,10.9,653.7,13.51,2.007,12834.0
AC-1013,16,1.821,11.3,653.1,12.77,2.183,12772.1
AC-1013,17,1.976,8.2,671.1,13.34,2.114,12776.2
AC-1013,18,2.19,10.7,665.7,13.38,1.996,12851.9
AC-1013,19,1.841,9.2,647.6,13.54,1.917,12803.9
AC-1013,20,2.211,5.9,670.8,13.96,2.11,12755.8
AC-1013,21,2.214,11.5,644.0,13.29,2.061,12846.7
AC-1013,22,2.415,11.2,651.2,14.19,1.98,12857.0
AC-1013,23,1.845,9.5,653.8,13.64,1.983,12794.7
AC-1013,24,1.878,9.7,641.7,13.36,2.11,12871.9
AC-1013,25,2.029,11.5,655.2,13.58,2.06,12801.5
AC-1013,26,2.105,9.1,666.8,13.59,1.989,12831.0
AC-1013,27,2.036,9.0,639.4,14.02,2.089,12840.4
AC-1013,28,1.937,8.6,656.9,13.71,2.022,12770.9
AC-1013,29,1.902,14.8,651.1,13.43,1.929,12811.6
AC-1013,30,2.317,7.5,637.8,13.01,2.018,12717.7
AC-1013,31,2.023,10.4,660.8,13.67,1.993,12756.0
AC-1013,32,2.229,9.6,649.7,12.94,1.933,12857.9
AC-1013,33,1.619,11.9,666.2,13.32,2.125,12762.5
AC-1013,34,2.213,8.3,662.1,13.32,2.045,12868.8
AC-1013,35,2.425,10.1,621.6,13.36,2.001,12787.1
AC-1013,36,2.555,7.6,650.9,12.95,2.053,12755.8
AC-1013,37,2.372,7.9,641.7,13.76,2.179,12812.9
AC-1013,38,1.354,13.1,658.3,12.99,1.988,12801.9
AC-1013,39,2.135,11.5,659.4,13.06,1.979,12801.8
AC-1013,40,2.129,9.5,657.7,13.36,2.239,12863.4
AC-1013,41,2.034,9.2,665.4,13.48,1.976,12791.1
AC-1013,42,2.174,8.8,641.2,13.38,1.974,12809.7
AC-1013,43,2.251,10.2,676.1,13.64,2.098,12840.8
AC-1013,44,2.011,15.9,662.5,13.33,2.122,12791.3
AC-1013,45,2.383,8.4,650.9,13.43,2.013,12785.2
AC-1013,46,1.905,14.6,632.0,12.86,2.041,12837.0
AC-1013,47,1.724,9.8,641.4,13.69,1.929,12785.3
AC-1013,48,2.114,11.0,631.4,13.17,2.03,12801.6
AC-1013,49,1.902,9.2,640.0,13.23,1.991,12744.4
AC-1013,50,1.72,11.6,644.7,13.56,2.058,12836.3
AC-1013,51,2.17,8.2,665.5,13.57,2.018,12802.2
AC-1013,52,1.766,8.0,663.4,12.82,2.116,12762.0
AC-1013,53,1.614,7.6,662.3,13.81,1.959,12759.0
AC-1013,54,1.796,11.0,636.6,12.89,1.969,12834.5
AC-1013,55,2.315,10.0,666.6,13.86,2.024,12813.9
AC-1013,56,2.077,10.6,636.8,12.57,1.915,12765.6
AC-1013,57,1.534,4.1,656.1,13.25,2.146,12863.1
AC-1013,58,1.955,11.9,672.5,13.31,2.098,12845.5
AC-1013,59,1.517,8.6,655.5,12.83,2.169,12741.1
AC-1013,60,2.514,7.8,665.6,13.66,2.061,12785.8
AC-1013,61,1.781,10.7,653.3,13.23,1.985,12771.2
AC-1013,62,2.247,12.9,669.4,13.41,2.051,12859.6
AC-1013,63,2.365,11.3,660.2,13.3,1.999,12785.4
AC-1013,64,1.953,10.8,645.3,12.69,2.045,12750.6
AC-1013,65,2.549,11.6,668.9,12.97,2.088,12830.8
AC-1013,66,2.339,9.2,658.1,13.05,2.012,12751.6
AC-1013,67,1.728,10.6,656.3,12.89,2.025,12716.6
AC-1013,68,2.027,11.0,652.2,13.61,2.016,12763.7
AC-1013,69,1.787,9.8,658.9,12.97,2.082,12765.3
AC-1013,70,2.259,10.5,675.3,13.29,2.142,12781.0
AC-1013,71,2.365,10.1,680.8,13.38,2.013,12828.2
AC-1013,72,2.079,7.5,664.4,13.02,1.983,12788.2
AC-1013,73,2.251,10.5,659.8,13.31,2.09,12831.9
AC-1013,74,2.145,6.2,653.1,13.81,1.982,12732.4
AC-1013,75,2.186,13.2,657.2,13.34,2.15,12783.9
AC-1013,76,1.892,12.2,673.3,12.87,2.217,12839.5
AC-1013,77,1.94,8.6,656.8,12.73,2.057,12782.9
AC-1013,78,2.2,9.4,644.9,13.1,2.211,12820.0
AC-1013,79,2.594,11.8,679.0,12.59,1.949,12800.0
AC-1013,80,2.313,9.8,644.6,13.11,1.992,12887.6
AC-1013,81,2.014,9.8,656.4,13.31,2.068,12890.1
AC-1013,82,2.027,8.8,651.1,13.23,2.031,12787.6
AC-1013,83,1.772,7.1,678.9,12.98,2.11,12738.2
AC-1013,84,2.416,7.0,629.1,13.45,2.081,12784.8
AC-1013,85,2.285,11.6,682.4,12.84,2.163,12752.2
AC-1013,86,2.133,8.3,672.1,13.93,2.046,12782.7
AC-1013,87,2.292,11.0,668.4,12.86,2.084,12795.1
AC-1013,88,1.942,9.6,697.2,12.74,2.016,12785.9
AC-1013,89,1.652,10.4,682.6,13.36,2.184,12738.9
AC-1013,90,2.478,9.3,674.8,12.25,2.159,12786.9
AC-1013,91,1.871,9.3,656.0,12.61,2.171,12779.7
AC-1013,92,1.776,7.7,660.3,12.51,2.154,12791.0
AC-1013,93,2.115,12.4,671.6,12.32,1.997,12758.3
AC-1013,94,2.069,6.9,666.1,12.97,2.039,12841.3
AC-1013,95,1.976,7.3,675.4,12.53,2.104,12790.1
AC-1013,96,2.002,8.2,661.5,12.44,2.114,12814.4
AC-1013,97,2.431,7.6,657.6,12.97,2.191,12874.4
AC-1013,98,2.038,11.5,679.2,12.84,2.306,12799.4
AC-1013,99,2.239,7.0,695.1,12.72,2.428,12761.1
AC-1013,100,2.372,12.4,678.0,13.06,2.146,12867.0
AC-1013,101,2.087,6.5,670.0,12.75,2.214,12747.1
AC-1013,102,2.248,10.0,683.6,12.13,2.11,12801.4
AC-1013,103,1.767,10.2,669.8,12.67,2.211,12811.3
AC-1013,104,2.284,10.5,669.9,13.03,2.325,12829.5
AC-1013,105,2.119,7.4,689.7,13.26,2.243,12895.8
AC-1013,106,1.993,8.5,696.0,12.58,2.189,12874.9
AC-1013,107,2.33,10.7,688.0,12.16,2.117,12788.7
AC-1013,108,1.881,9.9,672.0,12.67,2.222,12745.2
AC-1013,109,1.941,10.2,691.8,12.87,2.211,12848.4
AC-1013,110,2.034,11.1,693.9,12.2,2.196,12822.5
AC-1013,111,1.898,12.3,690.7,12.39,2.279,12850.9
AC-1013,112,1.357,6.8,721.2,12.03,2.261,12812.9
AC-1013,113,2.396,10.6,699.4,12.09,2.189,12787.8
AC-1013,114,2.341,8.9,679.7,12.61,2.12,12729.6
AC-1013,115,2.429,9.5,714.7,12.39,2.214,12744.2
AC-1013,116,1.779,9.3,702.6,12.53,2.113,12781.7
AC-1013,117,2.78,11.2,685.0,11.67,2.298,12830.8
AC-1013,118,2.43,13.8,717.1,12.63,2.217,12766.2
AC-1013,119,2.583,10.2,694.1,12.56,2.307,12733.7
AC-1013,120,2.047,9.4,695.3,11.96,2.121,12870.7
AC-1013,121,1.851,8.4,728.9,12.23,2.228,12837.9
AC-1013,122,2.228,9.5,698.4,12.03,2.297,12745.2
AC-1013,123,2.151,9.5,711.7,12.01,2.224,12759.1
AC-1013,124,2.593,6.9,714.4,12.6,2.163,12777.3
AC-1013,125,2.564,12.6,745.7,12.26,2.395,12759.7
AC-1013,126,2.439,10.2,701.5,11.94,2.127,12814.6
AC-1013,127,2.688,12.3,721.2,11.65,2.244,12774.0
AC-1014,1,2.076,10.7,670.3,13.01,1.939,12813.2
AC-1014,2,2.603,8.2,646.8,13.62,1.965,12786.7
AC-1014,3,1.996,7.8,641.8,13.6,1.92,12837.2
AC-1014,4,2.452,13.8,671.5,12.91,2.099,12829.9
AC-1014,5,1.723,14.7,645.8,13.51,1.992,12854.1
AC-1014,6,2.182,6.8,654.1,13.56,1.974,12748.3
AC-1014,7,1.848,11.9,656.8,13.09,2.077,12824.2
AC-1014,8,1.746,11.7,627.2,14.22,2.078,12841.7
AC-1014,9,1.831,14.3,665.3,13.81,2.145,12809.7
AC-1014,10,2.11,14.2,660.8,14.14,2.059,12774.1
AC-1014,11,1.695,9.1,641.8,13.48,2.03,12752.6
AC-1014,12,1.725,12.2,648.7,12.97,1.973,12851.8
AC-1014,13,2.043,7.3,663.5,13.51,1.985,12842.0
AC-1014,14,1.871,10.6,654.9,12.95,2.071,12743.2
AC-1014,15,1.972,6.2,637.2,13.86,1.952,12760.7
AC-1014,16,1.629,10.1,644.2,13.82,2.008,12831.6
AC-1014,17,1.781,6.4,651.6,13.56,1.898,12907.6
AC-1014,18,2.097,11.5,651.5,13.69,2.011,12720.1
AC-1014,19,2.076,8.9,683.6,13.13,2.193,12806.9
AC-1014,20,2.016,8.5,626.2,13.31,1.967,12782.0
AC-1014,21,1.601,10.5,652.7,13.61,2.125,12748.0
AC-1014,22,2.297,11.4,635.2,13.77,1.916,12790.6
AC-1014,23,2.338,10.5,662.5,13.24,2.006,12775.6
AC-1014,24,1.939,10.1,668.0,13.87,1.941,12744.3
AC-1014,25,2.346,12.8,652.8,13.81,1.96,12808.4
AC-1014,26,2.17,11.1,656.0,13.65,1.953,12769.6
AC-1014,27,2.283,7.9,643.0,13.64,1.939,12797.9
AC-1014,28,2.449,12.2,632.1,13.62,2.11,12836.0
AC-1014,29,1.936,8.8,671.3,13.24,2.01,12814.9
AC-1014,30,1.813,11.5,650.3,14.01,1.919,12737.3
AC-1014,31,1.727,12.0,640.4,13.66,1.922,12710.2
AC-1014,32,2.444,10.9,624.0,12.67,2.098,12869.2
AC-1014,33,2.422,6.3,654.2,13.39,1.942,12815.0
AC-1014,34,1.858,7.6,653.6,13.44,2.089,12785.8
AC-1014,35,1.84,6.8,662.8,14.07,2.01,12799.2
AC-1014,36,2.462,7.8,657.6,13.46,1.819,12840.6
AC-1014,37,1.604,10.0,652.7,13.68,1.962,12747.3
AC-1014,38,2.637,8.5,658.7,13.24,1.915,12809.8
AC-1014,39,2.32,9.3,658.0,13.8,1.91,12726.5
AC-1014,40,1.808,9.5,657.7,13.49,2.052,12734.7
AC-1014,41,2.113,11.3,665.8,13.2,2.127,12826.7
AC-1014,42,1.996,9.6,670.3,13.61,2.054,12843.7
AC-1014,43,2.097,8.8,647.9,13.64,2.053,12817.6
AC-1014,44,2.331,8.8,632.7,13.14,2.042,12889.1
AC-1014,45,1.884,10.5,650.7,13.83,1.966,12852.7
AC-1014,46,2.232,12.1,653.2,14.32,2.089,12758.9
AC-1014,47,2.379,9.6,638.2,13.41,1.952,12790.8
AC-1014,48,2.299,9.3,658.1,13.63,2.022,12848.7
AC-1014,49,2.144,8.5,650.2,13.68,1.989,12795.8
AC-1014,50,1.87,11.1,645.8,13.53,1.997,12843.6
AC-1014,51,1.802,10.8,648.7,13.5,2.016,12776.9
AC-1014,52,2.019,9.0,649.3,12.85,1.857,12887.3
AC-1014,53,2.488,12.0,651.2,14.05,2.096,12828.7
AC-1014,54,2.485,12.2,647.6,13.41,2.181,12799.4
AC-1014,55,2.429,9.8,650.2,13.38,1.994,12750.6
AC-1014,56,2.172,10.2,666.1,13.03,1.877,12766.0
AC-1014,57,1.688,9.2,654.3,13.33,1.997,12704.4
AC-1014,58,2.256,9.1,660.1,13.8,1.9,12765.1
AC-1014,59,2.123,12.4,646.0,13.35,2.002,12804.5
AC-1014,60,2.198,10.8,651.0,13.25,1.92,12774.8
AC-1014,61,2.021,11.1,655.5,12.9,1.992,12739.5
AC-1014,62,2.067,11.2,663.5,12.9,2.02,12810.5
AC-1014,63,2.374,7.2,661.4,13.86,2.074,12686.3
AC-1014,64,2.15,11.8,647.4,13.61,2.095,12880.8
AC-1014,65,1.945,9.3,656.0,13.55,1.964,12803.7
AC-1014,66,1.949,10.0,660.2,13.83,2.061,12763.6
AC-1014,67,2.266,8.8,638.8,13.11,2.07,12744.4
AC-1014,68,1.897,8.2,644.8,13.96,1.991,12835.1
AC-1014,69,1.712,12.4,651.8,13.36,2.034,12827.5
AC-1014,70,1.962,9.5,651.7,13.9,2.001,12808.6
AC-1014,71,2.049,10.7,631.1,13.32,1.925,12774.2
AC-1014,72,2.339,14.1,664.5,13.83,1.967,12760.1
AC-1014,73,2.122,9.5,663.9,13.2,2.083,12674.0
AC-1014,74,2.245,9.6,660.8,13.26,1.994,12786.4
AC-1014,75,1.885,7.0,638.4,13.54,2.024,12785.1
AC-1014,76,1.957,10.1,636.0,12.76,2.045,12822.1
AC-1014,77,1.953,7.7,637.2,12.9,2.137,12748.2
AC-1014,78,1.605,8.6,669.2,13.23,2.113,12771.7
AC-1014,79,2.146,8.8,654.4,13.62,2.088,12773.6
AC-1014,80,2.268,10.1,666.9,13.58,1.953,12702.9
AC-1014,81,2.257,9.4,665.5,13.53,2.048,12689.0
AC-1014,82,2.287,11.1,658.5,14.01,2.027,12793.7
AC-1014,83,1.887,12.2,635.4,13.21,2.131,12709.7
AC-1014,84,1.907,10.0,659.1,12.89,2.053,12739.3
AC-1014,85,1.979,9.7,652.8,13.41,2.113,12843.5
AC-1014,86,1.733,8.2,652.9,13.75,1.979,12733.2
AC-1014,87,1.847,9.6,630.3,13.47,2.088,12694.0
AC-1014,88,1.834,7.5,657.5,13.83,2.076,12735.5
AC-1014,89,1.9,8.6,652.9,13.44,2.042,12703.6
AC-1014,90,2.335,8.4,663.9,14.21,2.081,12822.7
AC-1014,91,2.148,13.9,655.2,13.83,2.109,12762.6
AC-1014,92,2.054,10.8,652.8,12.88,2.205,12788.4
AC-1014,93,2.588,10.2,679.4,13.19,2.009,12783.2
AC-1014,94,1.755,14.1,640.3,12.85,2.203,12831.2
AC-1014,95,1.982,8.3,640.8,13.11,2.039,12728.0
AC-1014,96,2.07,11.2,656.5,13.23,2.198,12678.0
AC-1014,97,2.147,14.0,652.7,13.28,2.039,12728.3
AC-1014,98,2.144,14.6,651.2,13.49,2.283,12790.6
AC-1014,99,1.931,10.1,656.1,13.55,2.103,12750.7
AC-1014,100,1.943,10.1,662.1,13.43,1.906,12781.5
AC-1014,101,1.92,10.4,653.6,12.94,2.114,12734.1
AC-1014,102,2.186,9.2,646.4,12.44,2.02,12772.2
AC-1014,103,1.812,10.1,654.2,13.46,2.246,12712.5
AC-1014,104,2.394,11.5,662.0,14.08,2.054,12783.7
AC-1014,105,2.304,9.2,658.4,13.43,2.111,12719.4
AC-1014,106,1.684,12.1,668.0,13.95,2.161,12693.7
AC-1014,107,1.985,10.1,675.4,13.12,2.144,12770.8
AC-1014,108,2.008,12.9,656.4,13.59,2.145,12781.3
AC-1014,109,1.94,10.7,673.6,13.12,2.145,12738.5
AC-1014,110,1.945,8.4,648.2,13.88,2.214,12751.6
AC-1014,111,1.999,9.2,648.5,13.34,2.078,12765.7
AC-1014,112,1.71,11.7,666.3,13.47,2.087,12775.0
AC-1014,113,1.901,14.0,664.4,13.98,2.169,12728.5
AC-1014,114,1.727,10.5,666.1,13.34,2.011,12726.0
AC-1014,115,1.753,11.8,657.2,13.55,2.124,12667.9
AC-1014,116,1.926,16.2,667.8,13.54,2.116,12751.9
AC-1014,117,1.992,15.4,642.5,12.99,2.135,12674.1
AC-1014,118,1.813,10.6,660.1,13.51,2.118,12772.8
AC-1014,119,1.776,14.3,673.5,13.8,2.252,12623.0
AC-1014,120,1.952,11.3,667.9,13.03,2.22,12668.6
AC-1014,121,2.143,12.7,653.7,13.87,2.242,12699.0
AC-1014,122,1.946,13.9,661.5,13.13,2.193,12743.9
AC-1014,123,2.016,11.3,653.1,14.38,2.169,12709.6
AC-1014,124,1.822,10.7,665.3,13.33,2.148,12753.9
AC-1014,125,1.874,11.8,680.1,13.33,2.358,12687.7
AC-1014,126,2.028,11.0,657.8,12.81,2.151,12677.7
AC-1014,127,1.868,12.4,645.7,13.47,2.28,12637.0
AC-1014,128,2.359,13.2,664.6,13.63,2.27,12750.1
AC-1014,129,2.294,11.6,662.2,13.48,2.248,12660.3
AC-1014,130,2.092,8.7,653.6,13.61,2.321,12697.8
AC-1014,131,2.148,12.8,656.6,13.35,2.217,12702.0
AC-1014,132,2.092,11.3,681.6,13.27,2.26,12682.5
AC-1014,133,2.274,10.8,659.7,13.82,2.368,12794.8
AC-1015,1,1.817,9.1,635.3,13.77,1.902,12846.0
AC-1015,2,2.543,10.5,656.4,13.0,2.009,12829.4
AC-1015,3,1.83,10.3,650.4,13.47,1.933,12797.0
AC-1015,4,2.246,7.0,643.5,13.32,1.906,12793.4
AC-1015,5,2.124,11.3,655.6,13.16,1.91,12713.3
AC-1015,6,1.514,11.2,644.3,14.1,2.02,12769.4
AC-1015,7,2.216,10.4,657.9,13.78,2.102,12827.5
AC-1015,8,2.106,11.5,647.5,12.9,1.984,12772.0
AC-1015,9,1.806,9.1,672.5,13.7,1.968,12742.8
AC-1015,10,1.581,8.9,667.9,13.74,2.206,12768.4
AC-1015,11,2.304,9.9,641.4,13.73,2.069,12813.0
AC-1015,12,1.645,11.0,657.9,13.02,2.076,12765.1
AC-1015,13,2.224,9.5,671.9,13.43,2.018,12817.4
AC-1015,14,2.345,10.5,657.3,13.61,2.0,12834.6
AC-1015,15,2.211,10.7,644.4,13.47,1.986,12786.1
AC-1015,16,1.717,8.5,652.5,13.11,2.034,12803.3
AC-1015,17,2.124,11.3,651.4,13.89,2.026,12814.5
AC-1015,18,1.765,8.7,645.2,13.66,2.061,12843.4
AC-1015,19,2.334,13.1,643.3,13.0,1.858,12716.8
AC-1015,20,1.796,11.8,639.0,13.53,2.078,12894.5
AC-1015,21,2.259,9.5,638.2,13.22,1.886,12779.4
AC-1015,22,1.942,11.2,660.5,12.98,2.029,12815.1
AC-1015,23,1.855,10.3,656.0,13.06,2.022,12719.9
AC-1015,24,1.97,13.7,657.1,13.49,1.903,12866.4
AC-1015,25,1.781,11.0,672.6,13.33,1.989,12839.3
AC-1015,26,1.93,5.2,668.6,13.68,1.871,12817.9
AC-1015,27,2.341,9.9,638.7,13.09,1.941,12764.4
AC-1015,28,1.78,11.3,660.4,13.31,1.988,12813.2
AC-1015,29,1.938,10.5,664.5,13.32,2.066,12824.4
AC-1015,30,2.042,8.8,645.0,13.57,1.983,12792.0
AC-1015,31,1.924,11.5,639.1,13.89,2.043,12730.0
AC-1015,32,1.821,12.4,642.5,13.86,1.906,12816.2
AC-1015,33,1.966,12.8,644.7,13.63,1.89,12774.2
AC-1015,34,2.243,7.3,640.5,13.62,1.983,12759.1
AC-1015,35,1.678,12.9,648.4,13.77,2.027,12809.6
AC-1015,36,2.251,11.1,644.7,13.44,2.144,12742.1
AC-1015,37,1.843,15.1,661.3,13.79,2.1,12815.0
AC-1015,38,2.115,10.5,652.2,13.23,2.043,12882.6
AC-1015,39,2.511,10.0,656.2,13.65,2.026,12795.4
AC-1015,40,1.989,9.0,655.0,13.39,2.056,12812.7
AC-1015,41,2.228,9.9,631.6,13.67,2.009,12854.8
AC-1015,42,1.916,9.2,648.3,13.87,2.119,12834.1
AC-1015,43,2.203,11.2,631.7,13.23,1.899,12801.6
AC-1015,44,2.173,13.2,651.1,13.79,2.136,12789.7
AC-1015,45,2.122,11.8,642.8,13.31,2.076,12749.2
AC-1015,46,2.669,10.1,648.6,13.54,2.033,12776.0
AC-1015,47,1.871,12.1,673.1,12.73,1.983,12788.7
AC-1015,48,1.77,7.2,648.8,13.71,1.966,12781.4
AC-1015,49,1.943,11.2,657.0,13.18,1.96,12701.8
AC-1015,50,2.209,13.3,643.6,13.24,2.025,12778.6
AC-1015,51,1.912,12.6,644.8,13.11,1.913,12865.7
AC-1015,52,1.969,13.9,647.8,13.67,1.963,12741.8
AC-1015,53,2.415,10.2,660.3,13.7,2.074,12753.3
AC-1015,54,2.103,7.0,676.1,12.89,2.12,12789.3
AC-1015,55,1.95,9.3,651.1,14.21,2.035,12828.9
AC-1015,56,1.905,12.4,647.3,13.75,2.044,12755.0
AC-1015,57,2.119,11.9,638.9,13.02,2.01,12844.7
AC-1015,58,2.033,10.4,638.8,12.94,1.882,12819.0
AC-1015,59,2.346,12.0,646.1,13.02,1.882,12893.5
AC-1015,60,2.628,11.0,659.3,13.16,2.179,12815.4
AC-1015,61,2.307,13.0,667.7,13.84,2.195,12808.7
AC-1015,62,2.172,8.2,662.4,13.4,2.039,12741.9
AC-1015,63,2.369,12.3,670.2,13.17,2.103,12787.5
AC-1015,64,1.943,11.1,665.3,13.46,1.833,12832.7
AC-1015,65,2.55,11.5,652.5,13.31,2.086,12838.1
AC-1015,66,1.736,11.1,647.3,13.79,2.048,12828.9
AC-1015,67,2.178,10.4,654.0,13.66,2.0,12726.1
AC-1015,68,1.793,12.2,617.4,13.6,1.995,12807.1
AC-1015,69,1.903,11.8,630.2,14.12,2.072,12753.7
AC-1015,70,2.182,10.2,671.7,13.37,1.952,12861.5
AC-1015,71,1.77,9.1,668.9,13.92,2.083,12755.1
AC-1015,72,2.527,11.0,653.2,13.4,2.02,12814.3
AC-1015,73,2.039,10.7,646.2,13.35,2.085,12867.8
AC-1015,74,2.053,12.5,659.9,13.51,2.063,12851.0
AC-1015,75,1.826,13.5,636.8,13.94,2.033,12853.8
AC-1015,76,1.518,10.2,650.5,13.54,1.961,12791.6
AC-1015,77,2.181,13.9,646.7,14.16,2.042,12769.8
AC-1015,78,2.431,12.4,663.3,14.18,1.989,12862.1
AC-1015,79,2.296,16.0,654.6,13.1,2.073,12731.9
AC-1015,80,1.769,12.0,640.0,13.41,2.011,12794.7
AC-1015,81,2.682,16.5,664.4,13.81,1.989,12832.1
AC-1015,82,2.291,10.7,651.3,13.67,2.088,12841.3
AC-1015,83,2.691,9.4,649.2,12.93,1.967,12768.8
AC-1015,84,2.076,14.9,671.2,13.52,1.964,12775.2
AC-1015,85,2.473,11.0,634.8,13.19,1.9,12725.5
AC-1015,86,2.384,13.6,640.7,13.66,1.912,12928.1
AC-1015,87,2.314,12.9,671.2,13.8,2.002,12736.8
AC-1015,88,2.417,13.3,647.8,13.47,1.88,12743.7
AC-1015,89,2.371,15.7,675.1,13.74,2.118,12819.4
AC-1015,90,2.062,12.9,636.9,13.06,1.967,12803.4
AC-1015,91,2.515,13.6,665.4,13.79,2.007,12883.6
AC-1015,92,2.106,15.1,636.0,13.75,2.054,12740.6
AC-1015,93,2.476,14.1,651.6,13.41,1.954,12836.4
AC-1015,94,2.372,16.1,676.1,13.45,1.94,12782.1
AC-1015,95,2.61,15.8,671.9,13.6,2.108,12803.6
AC-1015,96,2.773,16.5,640.9,13.17,2.148,12905.5
AC-1015,97,3.186,17.5,644.5,13.45,1.928,12767.5
AC-1015,98,2.099,17.6,673.5,13.78,1.929,12794.8
AC-1015,99,2.085,14.1,661.5,14.0,2.019,12805.7
AC-1015,100,2.541,17.8,673.8,13.46,2.095,12769.5
AC-1015,101,2.427,15.5,662.9,13.52,1.953,12741.3
AC-1015,102,2.46,19.7,678.0,13.51,1.898,12848.9
AC-1015,103,2.493,15.1,672.0,14.0,1.994,12765.3
AC-1015,104,2.736,18.3,647.2,13.58,1.986,12859.4
AC-1015,105,2.793,16.5,654.6,13.81,1.987,12927.3
AC-1015,106,2.2,19.5,658.9,13.66,1.994,12759.2
AC-1015,107,2.545,16.7,653.1,14.77,1.992,12873.9
AC-1015,108,3.048,18.6,646.2,13.17,1.896,12866.8
AC-1015,109,2.552,18.4,628.0,13.55,1.902,12741.7
AC-1015,110,2.654,19.3,663.6,13.68,1.987,12785.9
AC-1015,111,2.594,18.0,660.0,13.39,1.976,12818.3
AC-1015,112,2.313,17.4,650.2,14.02,2.064,12774.2
AC-1015,113,3.041,17.1,659.8,13.04,1.961,12861.7
AC-1015,114,2.723,19.3,656.3,13.76,1.959,12811.3
AC-1015,115,2.84,20.0,682.3,13.26,2.1,12863.8
AC-1015,116,2.487,21.4,647.9,13.58,2.069,12865.2
AC-1015,117,2.715,25.3,663.2,13.26,2.049,12781.2
AC-1015,118,2.437,16.0,668.4,13.67,2.024,12797.0
AC-1015,119,3.231,22.8,650.8,13.9,1.883,12737.6
AC-1015,120,3.391,20.3,684.0,13.48,2.02,12809.7
AC-1015,121,3.031,20.6,648.0,13.37,1.954,12727.1
AC-1015,122,2.932,19.7,686.6,13.64,1.912,12813.8
AC-1015,123,3.282,23.1,677.6,13.45,1.865,12816.7
AC-1015,124,2.968,20.8,650.3,13.03,2.064,12815.6
AC-1015,125,3.191,23.6,642.3,13.56,2.004,12820.8
AC-1015,126,3.017,23.5,662.0,13.42,1.966,12736.1
AC-1015,127,3.132,20.1,687.0,13.63,1.978,12789.1
AC-1015,128,2.86,22.9,654.5,13.38,1.971,12763.4
AC-1015,129,2.935,23.3,650.6,12.79,1.999,12795.5
AC-1015,130,3.347,27.6,675.8,13.51,1.996,12842.2
AC-1015,131,3.076,22.7,682.4,12.68,1.895,12795.0
AC-1015,132,2.842,22.7,672.0,13.18,1.92,12773.4
AC-1015,133,3.431,27.1,681.0,13.43,1.988,12776.9
AC-1015,134,3.632,23.8,653.1,12.99,1.964,12854.0
AC-1015,135,3.587,26.2,675.8,13.29,2.134,12921.6
AC-1015,136,3.317,29.3,679.7,13.69,1.995,12833.5
AC-1015,137,3.58,30.8,659.2,14.07,1.81,12854.7
AC-1015,138,3.201,27.2,682.6,13.49,1.873,12765.4
AC-1015,139,3.198,30.6,655.0,13.61,1.965,12843.0
AC-1015,140,3.362,30.7,696.0,13.82,1.935,12811.3
AC-1015,141,3.683,28.6,682.5,13.25,1.993,12772.7
AC-1015,142,3.95,30.6,676.2,13.86,2.085,12798.2
AC-1015,143,3.653,29.2,681.5,13.65,1.831,12766.4
AC-1015,144,3.551,33.3,686.8,13.09,2.175,12764.4
AC-1015,145,3.454,29.9,679.2,12.85,1.982,12773.9
AC-1015,146,3.962,30.4,674.6,13.08,2.043,12814.1
AC-1015,147,3.592,32.4,655.4,13.75,1.929,12851.0
AC-1015,148,3.739,32.4,669.6,13.37,2.012,12782.9
AC-1015,149,3.532,30.8,673.7,13.67,2.096,12743.5
AC-1015,150,3.704,28.2,688.5,13.44,1.945,12788.3
AC-1015,151,3.424,30.3,673.4,12.77,1.945,12813.1
AC-1015,152,3.852,35.7,680.1,13.45,2.078,12834.6
AC-1015,153,3.988,36.0,668.7,13.56,2.123,12830.3
AC-1015,154,4.279,34.3,684.7,13.23,1.908,12694.9
AC-1015,155,4.481,36.5,684.2,13.85,1.921,12705.9
AC-1016,1,2.098,11.6,658.6,13.32,2.063,12858.5
AC-1016,2,1.777,9.0,644.2,13.61,1.978,12870.8
AC-1016,3,1.826,12.5,648.7,13.56,1.894,12866.6
AC-1016,4,2.555,11.8,643.2,13.2,1.985,12793.4
AC-1016,5,2.472,9.4,645.8,13.46,1.981,12824.9
AC-1016,6,2.016,8.8,638.5,13.32,1.911,12793.4
AC-1016,7,2.062,11.8,653.9,13.74,1.903,12824.4
AC-1016,8,2.375,8.6,644.2,12.78,1.988,12815.5
AC-1016,9,2.036,12.8,635.3,13.9,2.052,12854.2
AC-1016,10,2.19,11.8,649.2,13.8,2.051,12817.6
AC-1016,11,2.165,5.7,639.5,13.52,2.017,12788.5
AC-1016,12,2.078,10.1,664.2,13.44,2.023,12812.0
AC-1016,13,1.643,6.5,626.4,13.72,2.048,12810.7
AC-1016,14,2.037,8.7,672.7,13.63,1.941,12807.0
AC-1016,15,2.343,9.1,652.7,13.69,1.877,12702.2
AC-1016,16,1.858,4.7,670.1,13.37,2.076,12869.3
AC-1016,17,1.907,9.4,645.6,13.7,2.04,12838.1
AC-1016,18,1.974,13.9,671.9,14.55,2.025,12810.4
AC-1016,19,2.233,7.5,645.6,14.37,1.931,12802.2
AC-1016,20,2.23,4.8,668.0,13.2,1.828,12750.7
AC-1016,21,1.942,10.9,664.9,13.55,2.073,12803.1
AC-1016,22,2.208,9.7,663.6,13.26,2.003,12777.5
AC-1016,23,1.893,13.7,670.9,13.45,2.06,12778.5
AC-1016,24,2.342,9.0,646.6,13.1,2.082,12805.1
AC-1016,25,1.879,11.0,638.6,13.64,2.091,12846.0
AC-1016,26,1.935,13.0,654.9,13.41,2.034,12824.1
AC-1016,27,1.837,8.5,659.3,13.95,2.077,12765.1
AC-1016,28,1.874,8.6,641.3,13.56,1.878,12694.7
AC-1016,29,2.426,8.4,650.3,13.18,2.058,12799.1
AC-1016,30,1.948,10.2,652.1,13.14,2.002,12801.9
AC-1016,31,1.95,7.3,633.8,13.73,2.085,12888.4
AC-1016,32,1.679,10.9,653.0,13.43,1.994,12805.2
AC-1016,33,1.877,11.8,635.7,13.1,1.998,12896.5
AC-1016,34,1.842,9.3,640.8,13.64,2.013,12732.7
AC-1016,35,1.822,12.0,652.6,13.19,2.011,12797.3
AC-1016,36,2.158,8.9,650.2,13.18,2.108,12910.7
AC-1016,37,2.301,13.8,645.1,13.91,2.083,12844.9
AC-1016,38,2.499,7.4,635.9,13.69,2.099,12838.6
AC-1016,39,1.9,11.8,645.3,13.16,2.018,12791.0
AC-1016,40,2.145,14.8,645.3,13.43,2.033,12783.8
AC-1016,41,1.935,11.8,649.2,14.1,1.883,12790.3
AC-1016,42,2.116,13.0,667.6,14.05,2.033,12846.6
AC-1016,43,1.862,12.9,652.4,13.8,2.048,12787.1
AC-1016,44,2.262,8.6,646.2,13.12,2.02,12846.3
AC-1016,45,1.789,9.3,655.8,13.34,1.96,12787.4
AC-1016,46,2.077,10.7,658.6,13.11,2.125,12911.8
AC-1016,47,2.043,11.4,650.9,13.45,1.948,12815.3
AC-1016,48,2.199,11.2,656.4,13.14,2.102,12789.4
AC-1016,49,1.922,12.0,635.5,13.85,1.955,12752.9
AC-1016,50,2.007,11.2,643.5,13.36,2.04,12877.9
AC-1016,51,2.059,10.8,638.4,13.87,1.948,12881.8
AC-1016,52,2.1,10.5,644.4,13.1,1.956,12784.3
AC-1016,53,2.389,10.3,665.6,13.5,2.084,12812.6
AC-1016,54,2.301,9.6,660.7,13.6,1.91,12835.4
AC-1016,55,2.158,13.1,651.5,13.29,2.008,12812.4
AC-1016,56,2.041,11.0,657.8,13.19,1.915,12826.7
AC-1016,57,2.144,10.2,647.3,13.18,2.024,12830.4
AC-1016,58,1.863,9.1,660.1,13.51,1.97,12782.5
AC-1016,59,2.081,7.0,631.0,13.76,2.157,12836.4
AC-1016,60,1.967,8.1,650.0,13.61,2.058,12812.0
AC-1016,61,1.994,12.2,643.5,13.82,2.065,12821.9
AC-1016,62,1.995,11.3,636.2,12.98,1.997,12733.5
AC-1016,63,2.452,11.4,661.4,13.54,2.026,12750.2
AC-1016,64,1.612,12.5,640.1,13.31,2.029,12721.1
AC-1016,65,2.583,10.2,646.2,13.15,1.929,12881.6
AC-1016,66,1.847,6.8,635.7,13.2,2.083,12832.0
AC-1016,67,2.099,10.2,663.3,13.66,2.056,12775.7
AC-1016,68,2.018,9.1,652.7,14.56,1.914,12822.8
AC-1016,69,2.163,7.5,673.6,14.05,1.981,12880.8
AC-1016,70,1.913,8.6,637.4,13.13,2.031,12760.4
AC-1016,71,2.138,8.2,632.3,12.63,1.959,12824.4
AC-1016,72,1.764,10.0,646.8,13.6,1.96,12818.4
AC-1016,73,2.171,9.3,676.4,13.85,2.008,12830.5
AC-1016,74,2.143,10.0,656.8,13.59,1.897,12867.3
AC-1016,75,2.343,6.1,654.6,13.81,2.054,12773.1
AC-1016,76,1.928,8.3,684.6,13.63,1.915,12849.1
AC-1016,77,2.033,12.5,648.7,13.54,1.892,12801.2
AC-1016,78,2.144,11.6,658.2,13.14,1.876,12832.9
AC-1016,79,2.482,8.8,632.5,12.91,1.924,12774.1
AC-1016,80,2.281,8.5,654.1,13.69,2.068,12799.8
AC-1016,81,1.614,11.0,660.8,13.3,2.099,12726.1
AC-1016,82,1.658,13.4,679.3,13.37,1.957,12813.5
AC-1016,83,2.068,8.2,646.7,14.23,1.924,12804.8
AC-1016,84,2.357,7.9,648.6,13.27,1.889,12815.8
AC-1016,85,2.074,13.5,625.4,13.42,2.048,12855.5
AC-1016,86,1.64,10.9,668.3,13.28,1.932,12800.7
AC-1016,87,2.165,12.7,652.6,13.16,2.17,12738.9
AC-1016,88,2.064,11.5,680.6,13.45,2.1,12778.7
AC-1016,89,2.345,11.7,656.7,14.14,2.12,12808.7
AC-1016,90,2.057,10.4,663.8,13.33,2.033,12854.4
AC-1016,91,2.127,5.3,651.2,13.32,1.886,12840.2
AC-1016,92,1.88,10.1,672.7,13.48,1.991,12765.5
AC-1016,93,1.862,7.9,664.3,13.49,2.004,12840.4
AC-1016,94,1.632,12.3,631.9,12.82,1.876,12821.5
AC-1016,95,1.855,13.9,659.3,13.25,1.993,12821.9
AC-1016,96,2.327,6.8,656.3,13.06,1.956,12797.2
AC-1016,97,1.685,10.6,653.1,13.31,2.052,12767.2
AC-1016,98,1.971,10.8,663.2,13.61,2.017,12746.2
AC-1016,99,2.246,8.8,649.4,13.5,1.943,12784.6
AC-1016,100,1.792,6.4,629.4,13.84,2.096,12830.6
AC-1016,101,2.217,14.7,658.2,13.33,1.978,12744.2
AC-1016,102,1.587,9.2,654.2,13.01,1.882,12802.4
AC-1016,103,2.336,7.5,684.7,12.85,2.086,12846.7
AC-1016,104,1.594,12.3,664.3,13.15,1.962,12767.5
AC-1016,105,1.856,8.6,662.9,13.18,2.087,12820.2
AC-1016,106,2.093,11.2,644.1,13.46,1.96,12756.1
AC-1016,107,1.847,14.4,647.6,13.63,2.149,12803.6
AC-1016,108,1.895,8.7,657.7,13.37,2.187,12814.3
AC-1016,109,2.272,7.6,658.5,13.7,2.193,12784.5
AC-1016,110,2.25,7.7,654.5,13.37,2.071,12762.3
AC-1016,111,1.915,11.0,648.4,13.49,2.001,12798.7
AC-1016,112,2.127,7.7,644.1,13.22,2.029,12876.2
AC-1016,113,2.355,10.0,654.9,14.36,2.172,12770.6
AC-1016,114,1.917,14.3,660.4,13.92,2.129,12771.6
AC-1016,115,2.344,8.8,663.4,13.31,1.956,12813.0
AC-1016,116,2.884,9.9,679.1,13.2,1.911,12794.2
AC-1016,117,2.305,11.9,658.5,13.07,2.016,12809.0
AC-1016,118,2.056,13.1,640.6,13.47,1.968,12768.2
AC-1016,119,1.967,7.3,661.6,12.66,2.105,12757.4
AC-1016,120,1.828,10.0,665.8,13.24,1.92,12851.1
AC-1016,121,1.932,11.5,656.3,13.41,1.98,12759.6
AC-1016,122,2.316,10.3,663.3,12.99,2.002,12814.5
AC-1016,123,1.645,9.3,650.2,13.48,2.031,12775.4
AC-1016,124,1.964,13.2,663.5,14.02,2.163,12729.6
AC-1016,125,2.334,8.8,665.7,13.23,2.142,12787.8
AC-1016,126,1.835,9.2,674.8,13.44,2.114,12760.0
AC-1016,127,1.93,11.0,646.2,13.4,2.025,12828.6
AC-1016,128,1.996,10.2,661.4,12.66,2.124,12765.5
AC-1016,129,2.429,11.4,667.6,12.36,2.162,12844.7
AC-1016,130,2.164,11.4,669.9,13.06,1.974,12884.6
AC-1016,131,1.816,7.9,661.9,13.4,2.108,12757.5
AC-1016,132,1.669,11.5,650.5,13.17,2.161,12770.1
AC-1016,133,2.006,15.9,662.3,13.18,2.072,12768.9
AC-1016,134,1.945,13.1,658.7,13.49,2.115,12869.7
AC-1016,135,1.842,12.6,679.2,13.05,2.191,12792.4
AC-1016,136,2.31,10.5,651.8,13.06,2.043,12754.8
AC-1016,137,2.297,12.1,642.2,12.99,2.011,12845.6
AC-1016,138,2.017,9.7,649.6,13.3,2.048,12770.1
AC-1016,139,1.837,10.5,643.6,13.32,2.047,12822.3
AC-1016,140,1.9,8.7,637.4,13.41,2.137,12772.2
AC-1016,141,1.806,11.1,668.3,13.7,2.078,12804.5
AC-1016,142,2.165,11.0,668.1,13.03,2.161,12790.8
AC-1016,143,1.783,11.6,668.1,12.92,2.157,12771.0
AC-1016,144,1.926,9.8,685.2,13.47,2.168,12748.7
AC-1016,145,2.202,10.9,669.9,13.19,2.083,12774.3
AC-1016,146,1.867,9.2,671.9,12.97,2.148,12802.7
AC-1016,147,2.622,8.0,673.1,13.44,2.099,12738.4
AC-1016,148,1.82,8.7,682.1,12.95,1.992,12794.8
AC-1016,149,2.483,10.7,644.0,12.54,2.007,12796.0
AC-1016,150,1.685,11.5,667.9,13.43,2.031,12835.4
AC-1016,151,2.29,4.6,651.2,13.11,2.244,12888.2
AC-1016,152,2.161,9.6,687.8,13.29,2.01,12821.2
AC-1016,153,1.84,10.1,679.7,13.04,2.037,12847.8
AC-1016,154,1.903,11.6,690.3,13.29,2.162,12760.8
AC-1016,155,1.812,8.4,676.8,13.23,2.021,12754.3
AC-1016,156,1.955,12.1,639.5,12.73,2.212,12840.2
AC-1016,157,2.21,7.7,679.0,12.87,2.052,12869.3
AC-1016,158,2.306,10.9,688.3,12.95,1.988,12883.0
AC-1016,159,1.773,12.0,673.7,12.85,1.954,12827.4
AC-1016,160,2.061,9.9,686.4,13.17,2.048,12799.1
AC-1016,161,2.144,12.0,700.6,12.97,2.186,12799.5
AC-1016,162,2.372,13.2,670.9,13.36,2.166,12798.8
AC-1016,163,2.151,8.1,657.6,13.35,2.204,12761.4
AC-1016,164,1.939,8.8,674.7,13.15,2.151,12787.5
AC-1016,165,2.219,7.8,666.2,12.88,2.044,12806.6
AC-1016,166,2.273,9.8,683.0,13.24,2.217,12847.3
AC-1016,167,2.216,8.1,665.8,13.08,2.142,12801.6
AC-1016,168,2.541,8.9,677.8,12.94,2.133,12812.0
AC-1016,169,2.206,6.2,666.5,12.5,2.072,12784.9
AC-1016,170,2.396,10.2,694.6,12.55,2.193,12830.1
AC-1016,171,1.747,14.8,657.0,12.37,2.07,12899.4
AC-1016,172,2.074,9.3,662.7,12.86,2.132,12593.0
AC-1016,173,2.746,9.8,663.5,12.45,2.094,12812.8
AC-1016,174,1.849,9.3,661.1,12.88,2.101,12875.1
AC-1016,175,2.224,8.5,688.7,13.34,2.228,12807.9
AC-1016,176,2.219,9.5,677.6,13.42,1.996,12846.2
AC-1016,177,1.867,7.4,688.7,12.35,2.202,12797.7
AC-1016,178,2.146,8.1,668.4,13.55,2.087,12770.4
AC-1016,179,1.802,9.2,685.1,12.72,2.094,12723.8
AC-1016,180,1.866,11.1,672.8,12.94,2.136,12861.4
AC-1016,181,2.537,7.9,694.3,12.91,2.207,12830.3
AC-1016,182,2.008,11.5,682.4,12.34,2.071,12877.5
AC-1016,183,2.102,9.9,690.0,12.11,2.171,12807.1
AC-1016,184,2.84,8.2,681.7,12.37,2.271,12836.1
AC-1016,185,2.591,12.6,697.3,12.25,2.202,12828.6
AC-1016,186,2.19,10.2,676.8,12.66,2.19,12807.3
AC-1016,187,2.424,10.0,690.1,12.59,2.084,12810.0
AC-1016,188,2.511,10.3,700.1,12.59,2.235,12797.1
AC-1016,189,2.126,5.5,684.5,12.63,2.268,12773.7
AC-1016,190,2.431,13.9,688.2,12.36,2.191,12795.9
AC-1016,191,2.312,7.1,713.2,12.55,2.279,12805.2
AC-1016,192,2.125,9.9,693.9,12.56,2.39,12774.2
AC-1016,193,2.514,10.0,701.3,12.27,2.14,12803.8
AC-1016,194,2.372,11.1,691.0,12.18,2.243,12805.3
AC-1016,195,2.061,14.0,696.3,12.16,2.203,12784.1
AC-1016,196,2.155,9.7,701.8,12.73,2.246,12838.7
AC-1016,197,2.268,9.3,675.7,11.91,2.306,12794.2
AC-1016,198,2.28,7.9,722.4,12.83,2.253,12867.9
AC-1016,199,2.266,8.5,702.8,12.56,2.231,12772.9
AC-1016,200,2.368,9.3,712.8,12.18,2.224,12765.2
AC-1016,201,2.319,9.1,695.3,12.22,2.377,12827.2
AC-1016,202,2.158,7.9,684.0,11.99,2.37,12741.7
AC-1016,203,2.445,9.5,716.5,12.36,2.244,12818.0
AC-1016,204,1.703,14.8,700.8,12.99,2.161,12765.5
AC-1016,205,2.339,11.4,710.5,12.5,2.324,12887.8
AC-1016,206,2.506,6.5,707.5,11.73,2.225,12774.9
AC-1016,207,2.033,6.9,714.2,11.94,2.257,12828.5
AC-1016,208,1.804,9.1,685.7,12.01,2.182,12847.1
AC-1016,209,2.319,11.6,704.9,11.77,2.247,12789.6
AC-1017,1,1.998,9.7,655.8,13.28,2.137,12758.0
AC-1017,2,2.328,11.7,658.5,13.44,1.932,12806.4
AC-1017,3,1.624,11.3,652.1,13.89,2.067,12779.0
AC-1017,4,2.107,8.5,645.0,13.27,2.133,12869.7
AC-1017,5,1.887,10.7,650.4,13.26,1.983,12775.3
AC-1017,6,1.819,6.6,663.7,13.38,1.947,12824.2
AC-1017,7,2.292,13.0,656.5,14.03,1.937,12784.6
AC-1017,8,1.926,13.6,649.3,12.82,1.883,12839.5
AC-1017,9,1.634,12.1,660.1,13.58,2.066,12812.8
AC-1017,10,1.952,13.7,667.6,13.54,1.946,12823.1
AC-1017,11,1.674,9.7,646.1,13.34,2.093,12854.7
AC-1017,12,1.796,9.8,658.8,12.72,1.982,12803.7
AC-1017,13,1.954,10.8,638.4,13.68,1.974,12785.1
AC-1017,14,1.967,10.6,655.7,13.23,2.03,12814.4
AC-1017,15,2.178,6.8,646.7,13.62,2.126,12839.3
AC-1017,16,2.058,7.6,652.9,13.2,1.96,12872.4
AC-1017,17,2.612,10.7,642.8,13.65,1.994,12822.2
AC-1017,18,2.151,10.0,645.5,13.67,1.942,12783.2
AC-1017,19,2.223,12.2,670.4,13.14,1.988,12754.9
AC-1017,20,1.678,7.1,645.0,13.47,2.019,12792.6
AC-1017,21,1.966,12.8,656.7,13.59,2.021,12824.6
AC-1017,22,2.024,8.9,647.8,13.8,1.931,12808.7
AC-1017,23,1.662,9.5,641.6,13.34,2.002,12765.2
AC-1017,24,2.488,8.9,647.3,13.5,1.917,12836.7
AC-1017,25,1.967,10.7,659.0,13.7,1.985,12765.8
AC-1017,26,2.05,10.9,636.5,12.72,1.932,12692.1
AC-1017,27,1.708,10.2,665.0,12.99,1.97,12825.3
AC-1017,28,1.874,10.1,639.8,13.37,1.946,12774.9
AC-1017,29,1.607,8.2,675.2,13.19,2.064,12740.1
AC-1017,30,1.916,9.1,642.3,13.31,1.972,12789.4
AC-1017,31,2.297,10.2,660.4,12.89,1.895,12868.2
AC-1017,32,2.076,11.4,650.2,13.31,1.957,12821.6
AC-1017,33,1.723,9.2,647.3,13.18,1.873,12850.1
AC-1017,34,2.455,8.8,639.1,13.45,1.948,12846.9
AC-1017,35,2.039,12.0,650.9,13.77,2.166,12797.4
AC-1017,36,2.029,8.6,669.9,13.46,2.145,12797.2
AC-1017,37,1.601,8.3,680.1,13.14,2.041,12880.8
AC-1017,38,2.194,9.0,636.5,14.07,1.954,12803.8
AC-1017,39,2.361,7.7,643.3,14.03,2.098,12800.8
AC-1017,40,2.083,9.6,652.5,13.62,1.839,12775.3
AC-1017,41,2.018,5.2,660.3,13.62,2.105,12766.2
AC-1017,42,1.922,9.3,662.5,13.48,2.195,12742.9
AC-1017,43,2.106,8.9,638.4,12.79,1.98,12758.2
AC-1017,44,2.057,12.3,643.2,13.71,1.949,12804.4
AC-1017,45,2.252,7.7,650.2,13.04,2.007,12797.3
AC-1017,46,1.934,8.1,633.7,13.55,1.9,12788.3
AC-1017,47,2.168,9.5,645.3,13.74,2.063,12884.5
AC-1017,48,2.094,9.0,641.5,13.08,1.975,12918.6
AC-1017,49,1.808,6.9,656.9,13.05,2.075,12813.9
AC-1017,50,1.799,8.6,653.9,13.18,2.028,12773.1
AC-1017,51,1.85,9.1,633.1,12.89,2.093,12756.8
AC-1017,52,1.976,6.2,655.8,13.33,1.96,12876.4
AC-1017,53,2.416,9.4,647.7,13.69,2.019,12764.5
AC-1017,54,2.31,9.9,641.8,13.08,1.952,12819.0
AC-1017,55,2.261,9.8,651.6,13.48,1.932,12815.6
AC-1017,56,1.761,7.2,646.4,13.66,2.061,12791.8
AC-1017,57,1.946,9.7,667.9,13.87,2.075,12797.3
AC-1017,58,2.193,9.9,663.2,13.51,2.039,12902.5
AC-1017,59,1.937,9.7,657.0,13.34,1.893,12731.9
AC-1017,60,1.875,11.3,636.4,13.13,2.038,12716.5
AC-1017,61,2.326,12.9,640.9,12.68,1.943,12753.8
AC-1017,62,2.517,10.6,649.0,13.42,1.952,12786.0
AC-1017,63,1.716,9.1,645.1,13.22,1.98,12701.8
AC-1017,64,2.105,9.2,661.5,13.25,2.075,12848.7
AC-1017,65,2.301,11.1,661.4,14.04,2.032,12809.0
AC-1017,66,1.685,13.7,654.9,13.32,1.866,12760.0
AC-1017,67,1.846,8.7,661.0,13.96,2.028,12796.9
AC-1017,68,2.053,6.2,660.5,13.83,2.08,12772.1
AC-1017,69,1.883,12.5,649.2,13.7,2.079,12744.5
AC-1017,70,2.09,12.5,649.1,13.4,1.979,12707.7
AC-1017,71,1.63,7.6,645.3,13.43,1.97,12760.3
AC-1017,72,2.119,10.4,665.0,13.61,2.034,12778.7
AC-1017,73,1.625,11.1,661.0,13.33,1.887,12821.8
AC-1017,74,2.08,9.1,652.3,13.49,2.028,12718.4
AC-1017,75,2.226,9.8,624.0,13.6,1.971,12850.8
AC-1017,76,1.852,9.2,640.3,13.51,2.045,12778.6
AC-1017,77,1.785,8.1,654.6,13.11,2.197,12746.1
AC-1017,78,1.685,15.1,641.6,13.74,2.098,12905.0
AC-1017,79,2.259,6.8,644.1,14.0,1.981,12702.0
AC-1017,80,1.7,10.1,676.9,12.84,2.145,12779.4
AC-1017,81,2.039,11.4,630.2,13.23,1.955,12800.9
AC-1017,82,2.307,12.2,630.1,13.26,2.01,12716.8
AC-1017,83,1.957,5.8,636.4,13.36,2.127,12838.1
AC-1017,84,1.901,13.0,640.1,14.05,2.037,12770.7
AC-1017,85,2.054,12.2,666.7,13.57,2.013,12796.5
AC-1017,86,2.098,10.5,671.2,13.54,2.12,12800.8
AC-1017,87,2.453,11.0,659.0,13.44,2.042,12796.1
AC-1017,88,1.738,12.3,670.7,13.17,2.053,12839.6
AC-1017,89,2.095,13.6,652.7,12.94,2.083,12828.1
AC-1017,90,1.788,11.4,640.9,14.15,2.058,12852.3
AC-1017,91,1.994,8.7,649.6,13.57,2.021,12763.3
AC-1017,92,1.925,8.0,658.2,13.31,2.023,12717.6
AC-1017,93,1.553,10.8,669.2,13.53,2.231,12763.7
AC-1017,94,1.923,10.7,649.8,13.93,2.032,12832.5
AC-1017,95,1.888,13.8,644.6,13.65,2.104,12834.0
AC-1017,96,2.467,12.7,649.5,14.15,2.071,12797.2
AC-1017,97,2.512,14.0,656.8,13.91,1.958,12715.9
AC-1017,98,2.012,11.9,659.8,13.81,2.058,12771.4
AC-1017,99,2.177,13.1,644.3,13.73,2.093,12776.0
AC-1017,100,1.904,8.8,661.5,13.4,1.963,12704.2
AC-1017,101,2.009,14.8,655.8,12.99,2.06,12770.4
AC-1017,102,2.35,10.0,640.8,13.91,2.123,12803.1
AC-1017,103,1.98,9.6,648.5,13.49,1.917,12808.3
AC-1017,104,1.715,10.2,635.3,13.03,2.123,12895.2
AC-1017,105,2.31,10.9,671.5,13.27,2.046,12748.8
AC-1017,106,1.839,8.2,654.0,13.35,2.088,12794.9
AC-1017,107,1.917,13.7,644.5,13.31,2.025,12734.7
AC-1017,108,1.96,13.3,640.1,13.13,2.226,12762.3
AC-1017,109,2.397,12.0,657.5,13.36,2.18,12660.9
AC-1017,110,1.672,7.2,671.5,13.62,2.073,12772.1
AC-1017,111,1.962,11.1,658.3,13.33,2.15,12734.6
AC-1017,112,2.27,14.6,650.2,14.0,1.958,12698.6
AC-1017,113,2.322,10.8,655.1,13.69,2.005,12724.6
AC-1017,114,2.044,11.3,643.7,13.55,2.164,12824.5
AC-1017,115,2.138,11.3,659.6,12.69,2.198,12691.1
AC-1017,116,2.065,13.1,653.9,13.04,2.125,12773.5
AC-1017,117,2.559,10.1,666.8,13.87,2.009,12735.2
AC-1017,118,2.282,11.3,655.0,13.02,2.153,12720.7
AC-1017,119,1.977,16.6,652.3,13.88,2.016,12773.5
AC-1017,120,2.107,10.2,664.0,13.35,2.077,12733.4
AC-1017,121,1.933,5.3,651.7,13.67,2.213,12784.4
AC-1017,122,1.844,13.0,639.7,13.14,2.027,12732.3
AC-1017,123,1.904,14.4,671.1,13.73,2.132,12796.0
AC-1017,124,1.847,11.2,680.6,13.48,2.043,12842.4
AC-1017,125,2.518,11.4,660.4,13.34,2.129,12641.7
AC-1017,126,1.835,11.5,661.3,13.57,2.042,12742.0
AC-1017,127,1.872,13.5,654.2,13.5,2.1,12702.1
AC-1017,128,2.06,12.8,679.9,12.89,2.093,12729.7
AC-1017,129,2.064,9.7,650.8,13.65,2.303,12729.6
AC-1017,130,1.688,14.2,645.2,13.67,2.11,12759.2
AC-1017,131,2.38,9.6,646.9,12.78,2.132,12688.6
AC-1017,132,2.293,15.8,648.7,13.64,2.253,12874.2
AC-1017,133,1.93,13.8,664.2,13.71,2.147,12766.7
AC-1017,134,2.36,10.8,655.4,12.84,2.033,12679.4
AC-1017,135,2.142,14.2,649.5,13.77,2.23,12705.9
AC-1017,136,2.045,12.7,653.9,13.54,2.226,12660.9
AC-1017,137,1.965,10.3,647.0,13.87,2.031,12726.2
AC-1017,138,2.093,11.5,661.1,13.4,2.276,12736.3
AC-1017,139,1.598,14.4,658.2,13.05,2.181,12732.2
AC-1017,140,1.777,12.8,655.7,13.76,2.311,12723.4
AC-1017,141,2.542,9.7,671.4,13.5,2.09,12749.4
AC-1017,142,1.865,16.4,652.7,13.2,2.112,12756.3
AC-1017,143,1.911,13.6,649.0,13.47,2.092,12718.3
AC-1017,144,2.212,16.2,659.9,13.42,2.298,12687.4
AC-1017,145,2.017,15.5,670.0,13.68,2.133,12723.7
AC-1017,146,2.098,14.9,630.7,13.0,2.162,12652.6
AC-1017,147,1.752,11.7,662.1,13.74,2.249,12663.7
AC-1017,148,2.234,12.9,651.2,13.45,2.173,12699.8
AC-1017,149,1.683,11.6,662.6,12.99,2.349,12682.8
AC-1017,150,2.086,9.5,651.1,13.76,2.259,12745.4
AC-1017,151,1.799,11.5,683.9,13.28,2.148,12728.8
AC-1017,152,1.812,12.2,649.6,13.57,2.24,12750.4
AC-1017,153,1.995,13.2,679.1,13.45,2.237,12661.1
AC-1017,154,2.077,15.7,672.5,12.97,2.354,12722.2
AC-1017,155,1.795,14.8,675.0,13.37,2.255,12679.6
AC-1017,156,2.036,14.0,652.9,13.47,2.27,12681.5
AC-1017,157,2.047,10.7,659.3,13.89,2.331,12590.4
AC-1017,158,2.061,14.0,671.6,13.64,2.265,12672.5
AC-1017,159,1.61,15.3,661.3,13.25,2.217,12709.1
AC-1017,160,2.178,12.5,658.0,13.29,2.129,12702.0
AC-1017,161,1.837,13.8,660.2,13.69,2.282,12643.8
AC-1017,162,2.02,16.6,686.0,12.78,2.208,12663.9
AC-1017,163,1.879,11.6,658.8,13.77,2.306,12689.9
AC-1017,164,1.756,11.2,658.5,13.6,2.228,12552.8
AC-1017,165,2.314,12.2,665.5,13.19,2.372,12591.0
AC-1017,166,2.058,15.9,677.1,13.72,2.261,12629.4
AC-1017,167,2.179,10.5,661.1,13.01,2.492,12611.8
AC-1017,168,2.044,12.6,657.0,13.86,2.331,12561.6
AC-1017,169,1.749,15.6,670.6,13.84,2.35,12627.4
AC-1017,170,1.785,15.7,667.7,13.94,2.438,12776.2
AC-1017,171,2.415,14.6,686.4,13.21,2.28,12649.9
AC-1017,172,1.743,13.6,670.6,13.47,2.23,12621.6
AC-1017,173,1.657,14.7,647.4,13.3,2.313,12563.1
AC-1017,174,1.586,12.0,668.2,13.35,2.262,12560.8
AC-1017,175,2.321,14.2,651.7,14.02,2.345,12592.5
AC-1017,176,2.21,14.3,677.2,14.21,2.421,12726.5
AC-1017,177,1.941,14.2,666.3,13.88,2.258,12643.5
AC-1017,178,1.76,17.5,683.6,13.93,2.299,12678.0
AC-1017,179,1.981,15.3,689.5,13.84,2.459,12702.8
AC-1017,180,1.939,18.5,679.7,13.4,2.285,12684.4
AC-1017,181,1.857,10.9,685.3,13.55,2.399,12621.7
AC-1017,182,2.125,14.8,677.2,14.21,2.384,12674.2
AC-1017,183,1.554,16.9,667.5,13.35,2.436,12655.5
AC-1017,184,2.213,14.9,687.1,13.94,2.51,12540.8
AC-1017,185,1.744,15.1,668.6,12.91,2.421,12601.1
AC-1017,186,2.185,17.4,673.8,13.25,2.48,12588.4
AC-1017,187,1.589,16.5,683.9,13.97,2.349,12560.8
AC-1017,188,2.215,14.3,676.9,13.06,2.428,12689.5
AC-1017,189,2.089,17.9,667.3,13.89,2.386,12668.2
AC-1017,190,1.887,16.0,690.1,13.61,2.454,12602.2
AC-1017,191,1.587,16.7,685.7,14.01,2.392,12504.1
AC-1017,192,2.125,15.0,675.4,13.43,2.593,12678.4
AC-1017,193,2.011,18.8,677.1,13.53,2.489,12433.9
AC-1017,194,2.187,17.5,658.7,13.3,2.445,12544.7
AC-1017,195,2.129,14.8,692.2,13.47,2.531,12650.5
AC-1017,196,1.789,15.8,686.6,13.83,2.607,12528.0
AC-1017,197,2.083,17.9,702.3,13.46,2.396,12554.6
AC-1017,198,2.342,14.5,701.4,13.04,2.548,12540.6
AC-1017,199,2.03,13.7,676.1,13.3,2.436,12607.5
AC-1017,200,1.709,18.1,694.5,13.0,2.592,12539.7
AC-1017,201,1.919,12.8,695.5,13.69,2.484,12620.6
AC-1017,202,2.142,16.8,683.8,13.62,2.559,12516.7
AC-1017,203,1.737,15.6,674.7,13.36,2.748,12524.4
AC-1017,204,2.387,14.9,698.6,14.03,2.524,12368.7
AC-1017,205,2.216,14.2,668.7,13.36,2.603,12436.8
AC-1017,206,1.748,19.4,693.1,13.61,2.389,12527.9
AC-1017,207,2.247,17.3,680.8,13.26,2.506,12448.5
AC-1017,208,2.142,18.8,674.0,13.53,2.452,12380.8
AC-1017,209,2.359,20.5,685.6,14.02,2.5,12593.6
AC-1017,210,2.109,16.4,691.3,13.11,2.57,12384.6
AC-1017,211,2.106,16.7,673.2,13.41,2.721,12542.9
AC-1017,212,1.901,17.0,686.3,13.27,2.715,12620.8
AC-1017,213,2.504,17.5,677.5,13.67,2.717,12376.7
AC-1017,214,2.018,22.5,690.6,13.6,2.692,12311.3
AC-1017,215,2.059,14.4,682.1,13.79,2.568,12488.5
AC-1017,216,1.873,21.0,685.1,13.56,2.65,12460.5
AC-1017,217,1.982,16.5,678.4,13.95,2.698,12385.0
AC-1017,218,2.019,17.8,677.9,13.41,2.622,12680.9
AC-1017,219,1.906,19.8,673.7,13.66,2.596,12589.4
AC-1017,220,1.614,21.1,708.7,13.76,2.733,12577.6
AC-1017,221,1.986,15.7,698.5,14.21,2.854,12301.5
AC-1017,222,1.937,24.7,696.3,14.1,2.695,12550.5
AC-1017,223,1.697,20.4,707.8,14.05,2.861,12305.0
AC-1018,1,2.098,10.1,663.9,13.45,2.055,12817.7
AC-1018,2,1.887,12.9,660.8,13.6,1.968,12786.7
AC-1018,3,1.716,9.5,637.7,13.21,1.989,12836.3
AC-1018,4,1.874,5.9,648.9,13.28,2.006,12842.2
AC-1018,5,2.378,10.0,656.0,14.58,1.979,12776.0
AC-1018,6,2.112,6.6,648.9,13.66,2.038,12863.6
AC-1018,7,2.138,9.6,637.0,13.85,1.901,12845.7
AC-1018,8,1.952,7.9,663.6,13.75,2.039,12789.7
AC-1018,9,2.347,9.8,652.7,13.57,2.093,12888.7
AC-1018,10,2.178,9.5,653.8,13.26,2.17,12779.5
AC-1018,11,2.172,9.7,644.8,13.46,2.11,12865.3
AC-1018,12,1.878,13.4,645.7,13.31,1.974,12816.2
AC-1018,13,2.298,8.7,671.1,13.65,2.06,12823.3
AC-1018,14,1.968,9.9,652.2,13.56,2.045,12712.9
AC-1018,15,1.917,8.8,670.1,13.07,2.067,12823.4
AC-1018,16,1.441,7.2,646.4,13.84,2.032,12842.1
AC-1018,17,2.405,10.4,665.7,13.47,1.97,12723.7
AC-1018,18,1.698,14.6,671.6,13.38,1.984,12800.8
AC-1018,19,1.795,10.4,654.2,13.39,1.994,12762.4
AC-1018,20,1.993,8.0,654.8,13.49,1.873,12732.9
AC-1018,21,2.186,10.5,661.4,13.59,1.949,12802.8
AC-1018,22,2.059,12.7,665.2,12.85,2.013,12713.7
AC-1018,23,2.315,11.2,630.9,13.85,1.964,12769.9
AC-1018,24,1.792,6.8,646.4,13.01,2.064,12787.2
AC-1018,25,2.27,8.7,626.7,13.16,1.928,12777.2
AC-1018,26,1.875,11.7,637.5,13.29,2.135,12766.4
AC-1018,27,2.311,5.9,652.1,13.33,2.061,12788.4
AC-1018,28,1.863,14.1,650.2,13.45,2.091,12822.3
AC-1018,29,2.119,10.0,639.7,13.1,1.899,12835.2
AC-1018,30,1.376,10.9,635.6,13.9,2.073,12802.1
AC-1018,31,1.987,9.7,637.9,13.58,2.072,12829.0
AC-1018,32,2.3,4.2,647.6,13.3,1.894,12789.7
AC-1018,33,2.142,8.7,647.1,13.85,1.999,12890.0
AC-1018,34,2.276,12.1,646.5,13.1,1.894,12767.5
AC-1018,35,1.615,10.0,638.4,13.18,1.826,12782.7
AC-1018,36,1.886,12.1,638.4,13.72,1.974,12819.0
AC-1018,37,1.887,10.1,661.1,13.75,1.89,12790.7
AC-1018,38,2.399,10.9,646.6,13.2,2.009,12766.2
AC-1018,39,1.705,7.5,654.3,13.85,2.061,12745.4
AC-1018,40,2.15,7.6,622.0,13.33,2.003,12773.2
AC-1018,41,2.114,7.5,662.8,13.69,1.998,12745.5
AC-1018,42,2.373,10.6,644.8,13.16,2.133,12786.8
AC-1018,43,2.435,9.8,642.5,13.55,2.005,12846.5
AC-1018,44,2.362,10.7,641.9,13.52,2.072,12854.3
AC-1018,45,1.897,9.9,654.9,13.1,1.983,12756.5
AC-1018,46,1.682,11.2,642.3,13.17,2.074,12803.5
AC-1018,47,2.144,9.2,632.0,13.29,2.234,12803.4
AC-1018,48,2.403,2.4,649.0,14.46,1.892,12752.6
AC-1018,49,2.172,11.4,629.2,13.66,1.965,12878.7
AC-1018,50,1.861,8.6,656.5,13.64,1.97,12876.1
AC-1018,51,1.871,10.3,639.3,13.31,2.043,12770.3
AC-1018,52,1.842,11.4,661.5,13.97,1.88,12793.3
AC-1018,53,2.326,12.9,646.8,13.14,1.998,12786.4
AC-1018,54,1.586,14.4,660.5,13.24,1.82,12799.2
AC-1018,55,2.235,10.1,643.3,13.37,2.017,12830.1
AC-1018,56,1.86,10.4,627.6,13.19,1.992,12821.1
AC-1018,57,1.763,10.8,661.6,13.65,1.948,12815.4
AC-1018,58,2.312,11.3,642.7,13.54,2.015,12750.8
AC-1018,59,2.047,11.6,669.1,13.1,1.976,12917.9
AC-1018,60,2.116,10.3,649.6,13.62,2.043,12853.3
AC-1018,61,1.6,4.7,653.1,14.06,1.977,12842.7
AC-1018,62,1.777,10.6,640.6,14.33,2.024,12820.8
AC-1018,63,2.477,10.7,676.7,13.36,2.148,12796.6
AC-1018,64,1.98,11.1,646.5,13.38,1.976,12806.7
AC-1018,65,2.121,11.3,648.0,13.65,1.956,12808.0
AC-1018,66,2.077,9.2,671.4,14.01,1.881,12806.8
AC-1018,67,2.28,10.1,662.6,13.13,1.926,12796.3
AC-1018,68,2.221,10.6,630.3,13.23,2.028,12819.9
AC-1018,69,1.907,7.9,687.9,13.05,1.96,12853.9
AC-1018,70,2.023,11.4,651.9,13.65,2.045,12834.7
AC-1018,71,2.067,9.1,659.4,13.69,1.933,12777.4
AC-1018,72,1.413,13.2,660.8,13.44,1.911,12774.5
AC-1018,73,2.401,11.3,662.5,13.31,1.979,12814.0
AC-1018,74,2.016,11.0,636.8,13.41,2.071,12804.4
AC-1018,75,1.813,10.0,648.3,13.37,1.946,12797.2
AC-1018,76,2.111,14.9,656.1,13.3,1.781,12828.9
AC-1018,77,1.946,14.5,659.2,14.19,1.962,12761.7
AC-1018,78,1.996,12.4,670.0,13.15,1.977,12754.9
AC-1018,79,2.181,11.8,640.0,14.2,1.991,12771.8
AC-1018,80,1.479,11.2,663.5,13.2,1.919,12756.7
AC-1018,81,1.823,11.4,660.0,14.28,1.879,12796.8
AC-1018,82,1.943,10.6,648.1,13.28,1.962,12710.0
AC-1018,83,2.177,9.5,611.6,13.99,2.013,12812.7
AC-1018,84,2.504,15.2,661.5,13.22,2.076,12739.3
AC-1018,85,1.932,14.7,648.1,13.16,1.958,12688.3
AC-1018,86,2.143,8.6,671.7,13.51,1.967,12835.9
AC-1018,87,1.926,11.7,652.9,13.96,1.916,12783.1
AC-1018,88,2.216,11.2,651.6,13.02,1.885,12786.9
AC-1018,89,2.07,12.5,655.5,13.22,2.049,12807.8
AC-1018,90,1.947,12.0,638.6,13.59,2.019,12841.7
AC-1018,91,1.89,12.7,637.5,13.23,1.982,12865.5
AC-1018,92,2.28,14.4,646.8,13.66,2.067,12804.5
AC-1018,93,1.754,12.6,645.6,13.58,2.053,12825.7
AC-1018,94,2.394,10.3,660.6,13.56,1.853,12854.7
AC-1018,95,2.325,16.3,662.6,13.31,1.922,12889.2
AC-1018,96,2.159,13.2,669.9,13.44,2.01,12808.9
AC-1018,97,2.214,14.5,639.6,12.52,2.106,12789.7
AC-1018,98,2.34,13.4,643.6,12.59,2.013,12750.5
AC-1018,99,2.362,13.1,668.8,13.22,2.198,12802.0
AC-1018,100,2.026,16.6,638.4,13.41,2.104,12833.2
AC-1018,101,2.379,11.6,642.4,13.33,2.043,12748.6
AC-1018,102,2.328,10.6,646.2,13.9,1.991,12808.2
AC-1018,103,2.156,11.3,661.0,13.49,2.035,12840.5
AC-1018,104,2.054,12.9,630.0,13.53,1.969,12849.2
AC-1018,105,2.014,13.3,663.7,13.54,2.22,12740.8
AC-1018,106,2.266,14.7,630.9,13.99,2.028,12797.4
AC-1018,107,1.941,15.5,633.7,13.68,2.074,12873.7
AC-1018,108,1.572,16.1,654.9,14.12,2.013,12814.0
AC-1018,109,2.351,11.7,637.9,13.36,2.09,12797.5
AC-1018,110,2.217,15.9,659.3,12.96,2.086,12834.4
AC-1018,111,2.035,12.9,654.5,13.49,2.007,12863.6
AC-1018,112,2.344,17.7,657.0,12.67,2.017,12750.2
AC-1018,113,2.616,16.2,646.5,13.7,2.066,12783.9
AC-1018,114,3.046,13.3,651.2,13.28,2.001,12744.9
AC-1018,115,2.964,17.4,668.2,13.24,1.991,12744.4
AC-1018,116,2.53,13.9,655.5,13.6,1.991,12791.8
AC-1018,117,2.143,14.6,650.1,13.74,1.93,12742.5
AC-1018,118,2.521,17.8,668.2,13.66,2.015,12837.5
AC-1018,119,2.578,17.8,657.0,13.51,2.002,12819.7
AC-1018,120,2.432,14.2,640.1,12.96,2.031,12806.7
AC-1018,121,2.455,13.9,663.7,13.56,2.011,12808.1
AC-1018,122,2.754,18.5,676.0,12.9,1.987,12771.2
AC-1018,123,2.514,17.0,672.8,13.41,2.059,12774.0
AC-1018,124,2.372,14.3,663.1,13.48,1.974,12834.2
AC-1018,125,2.807,16.1,655.0,13.87,1.859,12805.2
AC-1018,126,2.36,17.8,660.3,13.85,2.073,12815.2
AC-1018,127,2.241,25.3,664.4,13.85,2.03,12819.2
AC-1018,128,2.433,14.8,643.4,13.36,1.968,12713.6
AC-1018,129,2.582,17.4,653.4,13.52,2.087,12751.6
AC-1018,130,2.811,19.2,678.1,13.56,2.093,12725.5
AC-1018,131,2.9,20.2,657.8,13.52,1.922,12818.4
AC-1018,132,2.792,21.3,656.3,13.55,1.962,12753.2
AC-1018,133,2.91,18.9,650.9,13.39,1.942,12861.2
AC-1018,134,2.559,19.3,636.1,13.12,1.918,12755.1
AC-1018,135,2.539,19.3,682.2,13.23,2.152,12732.5
AC-1018,136,2.225,17.3,651.4,13.83,1.999,12816.1
AC-1018,137,2.276,20.0,655.8,13.71,1.858,12756.2
AC-1018,138,2.481,18.5,657.0,13.49,2.082,12872.1
AC-1018,139,2.484,17.4,657.7,13.25,2.044,12731.5
AC-1018,140,3.06,16.8,673.3,13.47,1.927,12748.7
AC-1018,141,3.169,20.0,676.8,13.17,2.024,12785.6
AC-1018,142,2.807,22.4,651.9,14.04,1.921,12805.0
AC-1018,143,2.642,21.7,662.4,13.05,2.132,12753.0
AC-1018,144,2.93,18.7,667.2,13.07,1.832,12820.2
AC-1018,145,3.083,21.6,659.3,13.82,1.921,12776.0
AC-1018,146,2.858,20.0,647.8,13.65,1.956,12817.1
AC-1018,147,2.919,20.3,650.2,13.63,2.022,12751.2
AC-1018,148,2.825,19.5,679.2,13.45,1.911,12823.6
AC-1018,149,3.111,23.7,671.5,13.51,1.955,12869.6
AC-1018,150,3.2,17.1,673.4,13.34,1.921,12755.2
AC-1018,151,3.306,21.0,656.7,13.2,1.98,12829.5
AC-1018,152,2.908,23.4,683.9,13.4,2.125,12778.3
AC-1018,153,2.678,20.9,654.3,13.25,1.935,12825.4
AC-1018,154,3.051,20.1,659.9,13.33,2.046,12813.3
AC-1018,155,3.338,21.5,654.0,13.3,2.04,12743.9
AC-1018,156,3.277,20.2,670.9,13.61,1.939,12799.3
AC-1018,157,3.103,24.2,667.0,12.89,2.038,12819.2
AC-1018,158,3.515,25.6,681.3,13.31,2.076,12796.2
AC-1018,159,3.283,28.4,658.6,13.85,1.881,12876.1
AC-1018,160,3.373,25.1,649.0,13.45,2.028,12775.9
AC-1018,161,3.266,24.3,658.7,13.04,1.975,12803.3
AC-1018,162,3.307,22.6,670.6,14.13,1.939,12823.3
AC-1018,163,3.558,24.5,670.3,12.88,2.009,12793.3
AC-1018,164,3.593,25.9,643.0,13.47,2.036,12848.5
AC-1018,165,3.545,25.6,667.6,13.4,1.952,12802.7
AC-1018,166,3.155,24.6,659.0,13.65,1.89,12743.8
AC-1018,167,3.061,24.6,649.8,14.17,1.973,12841.1
AC-1018,168,3.386,28.9,658.9,13.83,2.077,12797.7
AC-1018,169,3.672,28.4,659.4,13.61,1.731,12796.5
AC-1018,170,3.235,25.5,649.8,13.62,2.09,12725.8
AC-1018,171,3.606,25.6,677.8,13.47,1.944,12807.5
AC-1018,172,3.117,26.7,690.0,13.87,1.969,12779.6
AC-1018,173,3.312,29.8,668.1,13.05,2.141,12794.4
AC-1018,174,3.266,25.0,701.0,13.44,2.069,12720.3
AC-1018,175,3.407,33.3,668.9,13.36,1.993,12734.2
AC-1018,176,3.427,30.6,658.6,13.73,2.121,12836.8
AC-1018,177,4.126,31.3,717.4,12.88,1.888,12850.1
AC-1018,178,3.514,30.4,655.9,13.45,2.031,12805.5
AC-1018,179,3.555,29.8,669.4,13.71,2.016,12788.6
AC-1018,180,3.674,34.7,663.6,13.33,1.957,12827.1
AC-1018,181,3.933,31.9,681.4,13.57,2.177,12838.8
AC-1018,182,3.657,32.4,678.0,13.61,1.979,12850.4
AC-1018,183,3.946,35.2,676.2,13.45,2.035,12775.7
AC-1018,184,4.136,31.1,680.5,13.3,1.985,12764.5
AC-1018,185,4.022,34.7,686.4,13.15,2.081,12807.4
AC-1018,186,3.97,35.0,677.6,13.53,2.05,12704.7
AC-1018,187,3.521,33.3,686.8,13.35,1.878,12771.9
AC-1018,188,3.966,36.0,668.0,13.93,1.87,12778.5
AC-1018,189,4.395,34.9,677.2,13.24,1.998,12733.4
AC-1018,190,3.879,38.8,681.9,13.61,2.084,12766.2
AC-1018,191,3.48,36.7,674.2,13.1,2.109,12737.6
AC-1018,192,4.199,35.8,678.5,13.77,2.099,12823.5
AC-1018,193,4.0,38.2,670.3,13.55,1.95,12802.7
AC-1018,194,3.81,34.3,680.2,13.2,1.995,12845.0
AC-1018,195,3.854,37.4,689.5,13.26,1.962,12738.0
AC-1018,196,4.093,33.6,705.0,12.81,2.082,12766.5
AC-1018,197,4.926,37.3,678.0,13.0,1.953,12846.1
AC-1018,198,4.492,37.7,687.6,13.7,2.141,12755.3
AC-1018,199,4.269,40.2,653.4,13.64,1.978,12800.3
AC-1018,200,4.318,39.6,691.2,13.85,2.018,12871.1
AC-1018,201,4.776,35.8,700.7,13.0,2.077,12813.8
AC-1018,202,5.149,41.8,679.2,13.6,1.99,12824.6
AC-1018,203,4.239,40.8,686.4,12.74,1.984,12819.4
AC-1018,204,4.458,42.1,701.0,13.47,2.003,12820.1
AC-1018,205,4.167,41.9,671.0,13.14,1.86,12783.6
AC-1018,206,4.738,42.1,674.6,13.66,1.874,12880.8
AC-1019,1,2.035,8.8,657.6,13.51,2.018,12835.9
AC-1019,2,1.644,11.8,649.8,13.81,2.031,12820.2
AC-1019,3,2.138,9.5,616.1,13.63,2.031,12753.7
AC-1019,4,1.651,10.5,648.5,13.01,1.824,12776.1
AC-1019,5,1.653,9.3,638.1,12.81,2.008,12771.2
AC-1019,6,2.028,8.6,662.4,13.86,2.064,12767.2
AC-1019,7,2.458,9.1,651.6,13.73,2.086,12745.1
AC-1019,8,2.02,12.2,640.3,14.3,2.015,12761.2
AC-1019,9,1.67,8.8,639.4,13.57,1.829,12817.2
AC-1019,10,2.145,11.5,650.1,13.5,2.071,12767.3
AC-1019,11,1.648,10.0,650.6,13.09,1.936,12845.3
AC-1019,12,1.851,8.1,639.2,13.84,2.028,12858.5
AC-1019,13,1.887,10.6,663.2,13.25,1.999,12826.3
AC-1019,14,2.051,9.8,640.9,13.19,2.0,12759.6
AC-1019,15,1.943,7.7,659.3,13.3,1.983,12738.5
AC-1019,16,1.696,6.1,647.0,13.26,2.005,12785.6
AC-1019,17,1.763,8.1,654.7,13.17,1.941,12726.2
AC-1019,18,2.473,10.2,655.9,13.57,1.898,12752.4
AC-1019,19,1.968,10.0,668.8,13.61,1.971,12772.0
AC-1019,20,1.836,7.0,661.7,13.78,2.084,12785.1
AC-1019,21,2.475,10.8,664.3,13.3,2.103,12748.4
AC-1019,22,2.13,12.6,641.1,14.04,2.028,12735.7
AC-1019,23,2.012,10.6,644.0,13.79,1.969,12872.7
AC-1019,24,2.596,8.9,661.6,13.26,1.908,12777.3
AC-1019,25,1.787,10.1,647.2,13.41,1.905,12737.1
AC-1019,26,2.211,14.5,645.0,13.43,1.943,12674.7
AC-1019,27,2.185,8.4,635.1,13.46,2.025,12733.8
AC-1019,28,1.902,13.8,653.1,13.37,2.237,12828.2
AC-1019,29,1.903,7.5,660.1,13.38,2.013,12772.5
AC-1019,30,2.038,9.1,653.4,13.48,1.998,12719.9
AC-1019,31,2.292,10.1,659.8,13.31,2.053,12770.1
AC-1019,32,1.765,7.3,669.2,13.49,1.934,12803.5
AC-1019,33,2.552,12.7,641.0,12.9,1.903,12764.9
AC-1019,34,2.166,9.0,635.5,12.95,2.053,12816.2
AC-1019,35,1.844,15.0,650.3,13.59,2.052,12746.4
AC-1019,36,2.074,13.7,650.5,13.44,2.105,12817.7
AC-1019,37,2.342,11.4,649.9,13.78,1.977,12752.1
AC-1019,38,2.004,13.6,664.4,13.55,2.04,12865.9
AC-1019,39,2.023,12.0,649.3,12.91,1.822,12786.6
AC-1019,40,2.01,9.4,660.6,13.27,1.959,12738.7
AC-1019,41,1.864,12.4,647.0,13.32,1.946,12817.6
AC-1019,42,1.641,11.2,669.3,13.27,2.012,12868.3
AC-1019,43,2.311,9.7,648.8,13.19,2.039,12691.6
AC-1019,44,1.692,13.4,630.4,13.64,2.022,12795.2
AC-1019,45,1.968,11.6,664.1,13.54,2.071,12894.0
AC-1019,46,2.295,9.7,667.0,14.22,1.906,12790.2
AC-1019,47,2.376,8.5,641.7,12.79,1.954,12817.5
AC-1019,48,2.095,8.4,657.0,13.02,2.015,12868.6
AC-1019,49,2.197,13.1,633.6,13.31,1.962,12819.9
AC-1019,50,2.115,8.4,659.5,12.66,1.917,12797.9
AC-1019,51,1.906,12.7,648.7,13.59,1.938,12838.4
AC-1019,52,2.418,13.9,658.6,13.06,2.037,12754.5
AC-1019,53,2.058,11.0,638.1,13.32,2.115,12728.4
AC-1019,54,2.303,11.2,662.1,13.27,2.045,12807.9
AC-1019,55,2.064,12.1,643.7,13.97,1.957,12793.1
AC-1019,56,1.897,11.7,643.8,13.72,2.004,12787.0
AC-1019,57,2.214,10.0,647.7,13.17,2.013,12869.4
AC-1019,58,2.115,7.2,646.7,13.36,2.012,12788.1
AC-1019,59,1.836,8.3,642.6,12.91,2.127,12778.2
AC-1019,60,2.081,8.0,644.0,13.6,2.001,12762.5
AC-1019,61,2.108,12.6,674.8,13.55,2.016,12816.0
AC-1019,62,1.882,7.0,634.8,13.67,1.988,12809.9
AC-1019,63,2.302,10.0,650.7,13.39,2.072,12730.5
AC-1019,64,2.175,7.4,646.8,13.41,2.015,12782.7
AC-1019,65,1.799,13.2,641.3,13.9,1.946,12768.8
AC-1019,66,2.102,8.9,666.1,13.93,2.112,12837.6
AC-1019,67,2.774,10.2,649.7,13.14,2.089,12805.6
AC-1019,68,2.342,11.3,648.1,13.55,2.013,12727.5
AC-1019,69,1.919,14.9,654.0,13.03,2.075,12806.8
AC-1019,70,1.851,12.8,683.0,13.69,2.039,12806.9
AC-1019,71,2.158,9.9,649.2,12.48,1.843,12860.5
AC-1019,72,1.705,10.0,657.1,13.44,2.153,12816.0
AC-1019,73,1.722,8.7,668.3,13.09,2.044,12785.9
AC-1019,74,2.244,11.8,656.6,13.27,2.084,12846.1
AC-1019,75,2.201,8.1,652.7,13.2,2.021,12733.9
AC-1019,76,2.23,8.8,664.0,13.46,2.058,12871.7
AC-1019,77,2.109,12.8,666.5,13.52,1.935,12784.3
AC-1019,78,2.139,10.0,653.2,12.93,2.017,12747.5
AC-1019,79,1.831,7.7,652.3,13.46,1.966,12760.3
AC-1019,80,1.937,9.1,641.2,13.43,1.997,12859.5
AC-1019,81,2.097,6.7,645.5,12.84,2.004,12741.5
AC-1019,82,1.338,9.9,662.4,13.38,2.119,12848.6
AC-1019,83,1.766,9.8,645.5,13.67,2.055,12839.4
AC-1019,84,2.45,12.1,652.5,13.94,2.017,12799.7
AC-1019,85,2.149,9.2,665.2,13.69,1.966,12835.9
AC-1019,86,2.136,11.3,649.6,13.66,2.024,12811.5
AC-1019,87,1.919,8.9,650.6,13.55,2.013,12813.3
AC-1019,88,1.648,10.0,671.8,13.05,2.049,12822.9
AC-1019,89,2.176,12.1,659.8,13.55,1.989,12836.1
AC-1019,90,2.018,11.4,661.6,13.91,2.011,12799.3
AC-1019,91,1.729,9.5,658.4,13.51,1.941,12771.3
AC-1019,92,2.18,6.9,654.7,13.26,2.138,12731.3
AC-1019,93,2.152,10.1,639.4,13.58,2.144,12845.0
AC-1019,94,2.267,6.9,666.1,13.33,1.907,12788.0
AC-1019,95,2.021,10.9,669.1,13.64,2.212,12776.3
AC-1019,96,1.996,10.2,666.9,13.39,2.114,12775.4
AC-1019,97,1.888,8.1,664.4,13.43,1.973,12793.4
AC-1019,98,2.318,10.8,658.8,13.28,2.12,12808.8
AC-1019,99,2.211,9.4,664.6,12.92,1.89,12821.9
AC-1019,100,2.311,8.0,667.3,13.19,1.968,12749.7
AC-1019,101,1.866,8.2,670.6,13.06,2.05,12804.1
AC-1019,102,2.319,13.0,642.6,12.96,1.84,12753.6
AC-1019,103,2.152,9.3,684.0,12.85,2.095,12793.5
AC-1019,104,1.974,13.9,630.5,13.33,2.155,12774.6
AC-1019,105,2.134,13.8,654.0,13.11,2.059,12891.8
AC-1019,106,1.818,12.3,689.8,13.11,2.098,12755.2
AC-1019,107,2.084,8.6,682.7,13.12,2.078,12824.3
AC-1019,108,2.33,6.5,682.3,13.38,2.047,12761.9
AC-1019,109,2.067,9.0,672.7,13.23,2.008,12790.5
AC-1019,110,1.855,6.5,663.3,13.26,2.05,12801.4
AC-1019,111,1.945,8.7,656.1,12.83,2.102,12755.6
AC-1019,112,2.096,5.1,678.0,12.27,2.226,12729.7
AC-1019,113,2.726,4.8,652.9,12.7,2.126,12837.4
AC-1019,114,1.758,8.1,686.1,13.01,2.182,12809.6
AC-1019,115,1.709,8.5,678.0,12.66,2.079,12771.0
AC-1019,116,2.127,13.7,662.9,13.31,2.074,12727.3
AC-1019,117,2.058,10.9,661.5,12.93,2.207,12708.0
AC-1019,118,2.228,11.5,674.5,13.18,2.103,12790.7
AC-1019,119,2.029,7.8,685.9,13.04,2.127,12802.5
AC-1019,120,2.008,10.9,656.5,13.16,2.151,12836.1
AC-1019,121,1.998,8.9,686.5,13.61,2.124,12731.6
AC-1019,122,2.159,12.5,687.7,13.16,1.981,12819.1
AC-1019,123,1.995,8.6,675.0,13.04,2.099,12769.7
AC-1019,124,2.152,12.1,672.7,12.66,2.014,12821.8
AC-1019,125,2.171,9.9,679.6,12.57,2.213,12819.9
AC-1019,126,2.137,8.3,663.2,12.01,2.019,12804.5
AC-1019,127,2.164,9.4,692.9,12.81,2.245,12865.9
AC-1019,128,2.314,7.9,670.8,12.47,2.168,12881.9
AC-1019,129,2.42,8.2,689.1,12.91,2.225,12773.8
AC-1019,130,2.455,9.3,683.2,12.56,2.281,12810.8
AC-1019,131,2.242,11.0,679.1,13.12,1.884,12797.3
AC-1019,132,2.486,9.2,681.2,12.29,2.126,12803.3
AC-1019,133,2.494,10.7,676.4,12.21,2.11,12792.5
AC-1019,134,2.227,7.8,688.6,12.53,2.133,12792.1
AC-1019,135,2.383,13.5,671.8,12.8,2.132,12887.3
AC-1019,136,2.454,9.3,709.4,12.86,1.997,12774.9
AC-1019,137,2.173,7.3,685.2,12.24,2.212,12773.6
AC-1019,138,2.129,14.0,709.0,13.02,2.155,12807.1
AC-1019,139,1.944,12.0,676.2,12.33,2.147,12778.5
AC-1019,140,2.438,10.7,676.9,12.62,2.326,12782.0
AC-1019,141,2.227,11.4,696.5,12.58,2.192,12892.4
AC-1019,142,2.488,9.4,709.2,12.51,2.147,12842.2
AC-1019,143,2.245,9.9,701.5,12.5,2.227,12753.3
AC-1019,144,2.295,8.4,696.4,12.17,2.304,12832.7
AC-1019,145,2.275,10.1,693.4,12.32,2.075,12826.2
AC-1019,146,2.33,10.8,701.5,12.54,2.104,12702.5
AC-1019,147,2.1,10.0,696.9,12.29,2.213,12810.1
AC-1019,148,2.082,7.2,691.4,11.88,2.208,12677.2
AC-1019,149,1.928,7.5,701.1,12.67,2.091,12764.1
AC-1019,150,1.976,8.9,686.6,12.59,2.36,12760.9
AC-1019,151,2.528,9.6,688.6,11.93,2.261,12912.8
AC-1019,152,2.402,8.7,688.8,12.59,2.198,12759.9
AC-1019,153,2.494,8.2,685.5,11.97,2.276,12867.5
AC-1019,154,1.704,7.6,705.1,12.4,2.195,12724.9
AC-1019,155,2.459,11.3,705.0,12.46,2.282,12780.8
AC-1019,156,2.361,8.2,692.7,11.62,2.311,12827.5
AC-1019,157,2.302,9.1,720.7,12.32,2.298,12832.0
AC-1019,158,2.171,8.9,710.0,12.15,2.29,12903.4
AC-1019,159,2.394,10.0,700.1,11.63,2.155,12825.0
AC-1019,160,2.428,15.6,710.9,11.77,2.344,12738.8
AC-1019,161,2.436,8.5,719.6,11.75,2.234,12787.7
AC-1019,162,2.052,9.3,716.5,11.55,2.346,12802.0
AC-1019,163,2.348,12.0,719.6,11.79,2.341,12754.3
AC-1019,164,2.608,9.7,726.1,11.74,2.362,12803.2
AC-1019,165,2.269,9.0,722.5,11.75,2.273,12790.5
AC-1019,166,2.34,6.1,731.7,11.78,2.472,12771.9
AC-1019,167,2.67,10.4,725.2,11.53,2.224,12821.8
AC-1019,168,2.438,9.8,726.1,12.57,2.312,12846.4
AC-1019,169,2.563,11.0,738.3,11.73,2.392,12820.8
AC-1019,170,2.142,10.8,712.2,11.94,2.386,12835.9
AC-1019,171,2.354,8.8,736.8,11.75,2.322,12779.8
AC-1019,172,2.488,7.7,725.7,11.76,2.383,12728.3
AC-1019,173,2.182,13.5,741.6,11.27,2.323,12795.4
AC-1019,174,2.37,12.1,745.2,12.06,2.297,12822.0
AC-1019,175,2.445,10.5,718.3,11.4,2.464,12747.2
AC-1019,176,2.368,10.8,748.2,11.6,2.37,12788.8
AC-1019,177,2.356,8.1,737.2,11.11,2.378,12792.6
AC-1019,178,2.127,13.0,760.7,11.08,2.356,12850.2
AC-1019,179,2.458,12.6,720.9,11.54,2.474,12893.3
AC-1019,180,2.452,9.7,733.7,11.54,2.419,12752.0
AC-1019,181,2.333,8.2,753.2,10.97,2.406,12772.4
AC-1019,182,2.668,11.0,753.4,11.39,2.392,12812.9
AC-1019,183,2.335,8.9,756.6,11.78,2.32,12852.8
AC-1019,184,2.194,7.2,740.8,11.17,2.557,12919.0
AC-1019,185,2.193,10.9,759.0,11.46,2.482,12853.6
AC-1019,186,2.397,12.0,739.1,11.31,2.637,12833.8
AC-1019,187,2.533,11.5,731.6,10.31,2.361,12769.6
AC-1019,188,2.93,13.3,759.6,11.35,2.348,12724.3
AC-1019,189,2.813,9.4,756.3,11.0,2.412,12865.5
AC-1019,190,2.893,9.6,734.9,11.03,2.493,12785.2
AC-1019,191,2.727,12.0,745.3,10.9,2.524,12765.7
AC-1019,192,2.702,8.3,774.6,10.28,2.548,12782.7
AC-1019,193,2.569,15.1,753.8,11.12,2.558,12791.8
AC-1019,194,2.444,10.9,746.4,10.89,2.446,12845.4
AC-1019,195,2.834,13.6,767.9,11.71,2.604,12805.3
AC-1019,196,2.979,10.0,749.1,10.88,2.479,12806.4
AC-1019,197,2.659,6.2,754.8,10.37,2.53,12801.1
AC-1020,1,1.69,12.0,642.6,13.63,1.976,12770.4
AC-1020,2,2.084,11.2,665.4,12.51,1.974,12831.9
AC-1020,3,1.704,10.4,655.2,13.9,2.015,12842.9
AC-1020,4,1.605,12.4,662.9,13.23,1.994,12826.4
AC-1020,5,2.15,9.0,627.3,13.76,2.013,12813.7
AC-1020,6,1.989,5.2,647.9,13.86,2.062,12837.2
AC-1020,7,1.907,8.4,664.2,12.93,2.03,12731.3
AC-1020,8,1.919,10.2,647.1,13.16,1.936,12852.4
AC-1020,9,1.746,9.3,667.4,13.55,1.881,12776.4
AC-1020,10,1.642,11.4,662.2,13.51,1.958,12784.7
AC-1020,11,1.893,8.6,644.4,14.07,2.028,12789.9
AC-1020,12,1.503,7.3,634.2,13.54,1.981,12816.0
AC-1020,13,1.898,11.5,641.4,13.22,2.039,12824.7
AC-1020,14,2.029,9.9,663.0,13.36,1.945,12814.7
AC-1020,15,1.738,9.2,661.1,13.18,1.988,12784.6
AC-1020,16,2.321,8.5,655.0,13.59,2.095,12811.5
AC-1020,17,2.228,12.5,642.9,13.43,2.146,12791.6
AC-1020,18,1.796,10.1,649.1,13.46,2.116,12797.0
AC-1020,19,1.577,7.6,649.2,13.79,1.986,12823.9
AC-1020,20,1.936,9.4,664.7,13.2,1.929,12836.6
AC-1020,21,1.985,8.6,652.1,13.45,2.159,12882.3
AC-1020,22,2.089,8.6,652.4,13.65,1.975,12806.6
AC-1020,23,2.099,10.3,647.5,13.63,1.961,12798.7
AC-1020,24,2.03,8.3,643.5,13.41,2.057,12811.9
AC-1020,25,1.709,10.5,651.2,13.95,1.964,12802.5
AC-1020,26,1.776,12.7,629.2,13.25,2.071,12778.3
AC-1020,27,1.754,8.5,669.4,13.29,1.998,12830.4
AC-1020,28,2.367,10.9,646.1,13.02,1.929,12744.0
AC-1020,29,2.089,10.1,646.2,13.64,1.831,12786.8
AC-1020,30,1.988,10.7,650.4,13.67,2.016,12825.2
AC-1020,31,1.87,8.6,667.2,13.7,1.988,12879.3
AC-1020,32,1.919,9.1,637.7,13.81,2.044,12838.8
AC-1020,33,1.947,8.4,646.6,13.74,2.063,12816.2
AC-1020,34,2.2,7.0,662.6,13.36,2.06,12793.2
AC-1020,35,2.248,11.1,665.2,13.79,2.052,12771.6
AC-1020,36,1.757,12.5,652.3,13.8,2.04,12752.6
AC-1020,37,2.029,10.6,659.0,13.5,1.961,12699.1
AC-1020,38,2.012,9.2,641.8,14.15,1.942,12792.4
AC-1020,39,2.021,8.6,632.0,13.74,1.995,12848.9
AC-1020,40,1.704,9.7,671.5,13.98,1.919,12760.2
AC-1020,41,2.052,9.3,661.4,13.48,1.964,12829.9
AC-1020,42,1.973,11.6,653.2,13.48,1.918,12850.4
AC-1020,43,1.967,8.3,670.5,13.05,1.948,12851.8
AC-1020,44,2.005,9.7,650.7,13.83,2.031,12800.8
AC-1020,45,2.078,11.5,663.4,13.56,2.059,12828.4
AC-1020,46,1.456,12.6,651.5,13.78,2.005,12743.3
AC-1020,47,1.814,9.9,649.8,13.87,1.89,12821.8
AC-1020,48,2.052,8.4,629.4,12.99,2.081,12777.4
AC-1020,49,2.277,8.9,640.9,13.35,2.027,12790.2
AC-1020,50,2.308,7.8,650.4,14.0,2.013,12800.0
AC-1020,51,1.49,9.8,639.2,13.59,1.937,12851.7
AC-1020,52,2.152,8.3,640.3,13.64,2.228,12820.6
AC-1020,53,2.545,11.0,654.4,13.46,2.105,12743.5
AC-1020,54,2.309,9.5,653.6,13.04,2.057,12776.3
AC-1020,55,1.903,10.7,640.2,13.64,2.038,12811.2
AC-1020,56,1.825,11.0,671.7,13.21,2.048,12766.2
AC-1020,57,1.861,6.5,660.4,13.78,2.063,12761.5
AC-1020,58,2.166,11.8,655.7,13.76,2.039,12817.6
AC-1020,59,2.41,11.2,635.2,13.63,2.137,12839.7
AC-1020,60,2.316,12.4,627.3,13.47,2.046,12807.1
AC-1020,61,2.337,9.3,660.3,13.68,1.966,12836.1
AC-1020,62,1.838,12.7,660.3,13.48,2.111,12757.8
AC-1020,63,1.829,7.6,635.4,13.61,2.038,12781.3
AC-1020,64,2.485,14.0,636.6,13.07,1.91,12823.1
AC-1020,65,1.515,8.0,666.2,12.91,2.008,12832.9
AC-1020,66,2.003,14.0,651.2,13.73,2.062,12788.5
AC-1020,67,1.916,11.0,637.7,13.56,1.925,12817.9
AC-1020,68,1.999,7.1,641.8,13.64,2.016,12765.4
AC-1020,69,1.894,5.0,671.2,13.48,1.919,12746.2
AC-1020,70,2.572,13.6,654.9,12.59,2.044,12745.8
AC-1020,71,1.93,9.4,672.8,13.64,2.016,12815.5
AC-1020,72,1.917,7.7,640.4,13.5,2.003,12731.4
AC-1020,73,2.278,8.8,662.3,13.09,2.004,12683.7
AC-1020,74,2.113,10.8,648.3,13.54,1.994,12792.9
AC-1020,75,1.73,7.3,643.3,13.75,2.106,12732.6
AC-1020,76,2.303,11.7,655.2,13.16,2.027,12721.5
AC-1020,77,1.854,10.1,650.6,13.73,1.917,12864.3
AC-1020,78,2.398,12.5,680.2,13.53,1.935,12771.2
AC-1020,79,1.88,11.5,646.6,13.64,2.1,12718.3
AC-1020,80,2.205,11.5,653.8,13.35,2.135,12676.3
AC-1020,81,2.366,11.5,657.9,12.88,1.916,12803.1
AC-1020,82,1.985,9.3,677.4,13.04,2.103,12745.5
AC-1020,83,2.342,11.8,652.2,13.44,2.153,12868.6
AC-1020,84,1.991,7.4,668.5,13.73,2.07,12776.3
AC-1020,85,1.733,12.9,666.5,14.38,2.023,12776.5
AC-1020,86,2.047,12.0,655.6,13.17,1.917,12836.2
AC-1020,87,2.851,12.3,674.1,13.46,2.227,12776.6
AC-1020,88,2.068,10.4,658.1,13.55,1.963,12720.2
AC-1020,89,2.264,10.5,660.0,13.68,2.12,12720.4
AC-1020,90,2.131,13.8,643.8,13.92,2.096,12715.7
AC-1020,91,1.806,14.0,659.7,14.29,2.1,12838.1
AC-1020,92,1.65,7.7,658.0,13.71,2.033,12735.5
AC-1020,93,2.057,14.0,657.5,13.18,2.06,12706.7
AC-1020,94,2.415,12.3,648.3,13.52,2.02,12780.0
AC-1020,95,2.462,10.1,666.2,12.92,2.08,12696.2
AC-1020,96,1.883,12.5,685.6,13.18,2.168,12689.0
AC-1020,97,1.865,6.0,666.2,13.72,2.139,12673.2
AC-1020,98,1.674,11.5,665.1,13.51,2.234,12805.7
AC-1020,99,2.123,9.0,692.5,13.39,2.251,12723.0
AC-1020,100,1.42,10.2,649.3,13.37,2.169,12772.6
AC-1020,101,2.387,14.7,667.6,13.25,2.161,12772.8
AC-1020,102,2.14,13.6,646.1,13.37,2.17,12723.3
AC-1020,103,1.985,14.2,636.3,13.53,2.206,12782.1
AC-1020,104,1.847,9.8,647.3,13.4,2.091,12723.2
AC-1020,105,2.33,11.1,648.5,13.45,2.052,12710.6
AC-1020,106,2.029,9.3,662.6,13.83,2.312,12704.7
AC-1020,107,1.921,12.2,642.3,13.7,2.225,12769.2
AC-1020,108,2.109,13.8,656.4,13.58,1.954,12817.5
AC-1020,109,1.898,14.6,660.8,13.11,2.291,12709.4
AC-1020,110,1.909,12.9,663.2,13.11,2.07,12718.3
AC-1020,111,1.674,13.1,657.1,13.24,2.151,12729.0
AC-1020,112,2.049,12.9,642.3,12.98,2.157,12737.6
AC-1020,113,2.184,9.0,688.1,13.05,2.165,12673.2
AC-1020,114,2.097,12.3,638.3,13.83,2.233,12783.7
AC-1020,115,2.49,15.2,664.0,13.52,2.059,12652.6
AC-1020,116,2.304,14.2,663.7,14.03,2.203,12659.8
AC-1020,117,1.773,11.2,696.2,13.9,2.275,12549.6
AC-1020,118,2.168,12.8,657.6,13.65,2.076,12663.7
AC-1020,119,1.692,11.2,657.4,12.67,2.199,12702.5
AC-1020,120,1.982,10.0,641.6,13.49,2.269,12773.2
AC-1020,121,2.142,14.8,680.7,13.1,2.186,12717.7
AC-1020,122,1.85,11.9,655.4,13.02,2.217,12636.3
AC-1020,123,1.617,13.0,649.7,13.6,2.306,12609.7
AC-1020,124,1.604,11.4,667.5,13.17,2.351,12608.0
AC-1020,125,2.092,10.4,662.2,13.83,2.238,12610.0
AC-1020,126,2.216,10.4,676.3,13.94,2.176,12711.6
AC-1020,127,2.538,14.3,669.5,13.33,2.17,12705.6
AC-1020,128,2.396,13.6,647.2,13.77,2.303,12565.4
AC-1020,129,2.321,13.2,668.5,13.24,2.163,12566.7
AC-1020,130,1.679,14.0,657.7,13.02,2.278,12720.9
AC-1020,131,2.402,12.7,655.8,12.77,2.247,12676.1
AC-1020,132,2.026,10.0,641.5,14.01,2.294,12701.7
AC-1020,133,1.624,15.7,673.7,13.0,2.259,12670.5
AC-1020,134,2.355,10.2,676.4,13.31,2.487,12774.0
AC-1020,135,2.077,17.1,671.6,13.38,2.222,12623.4
AC-1020,136,2.168,13.0,671.3,13.34,2.237,12772.6
AC-1020,137,1.912,14.1,679.2,13.95,2.311,12738.3
AC-1020,138,1.707,13.4,658.6,12.72,2.274,12624.9
AC-1020,139,2.419,12.9,650.5,13.36,2.329,12666.7
AC-1020,140,1.945,13.6,680.8,13.42,2.292,12651.5
AC-1020,141,2.351,13.8,644.2,13.88,2.257,12628.6
AC-1020,142,1.816,20.0,670.9,14.22,2.281,12573.6
AC-1020,143,2.35,17.3,667.4,13.75,2.266,12759.9
AC-1020,144,1.997,18.2,661.9,13.41,2.381,12637.3
AC-1020,145,1.811,13.0,682.9,13.99,2.342,12668.5
AC-1020,146,2.181,12.3,686.9,13.29,2.202,12520.4
AC-1020,147,2.409,14.6,671.8,13.46,2.471,12595.0
AC-1020,148,1.721,14.1,676.2,13.98,2.343,12552.1
AC-1020,149,2.151,14.0,671.5,13.62,2.379,12621.9
AC-1020,150,1.789,15.9,677.8,13.03,2.408,12667.5
AC-1020,151,1.904,16.6,688.5,13.79,2.596,12585.0
AC-1020,152,1.849,15.4,671.6,13.36,2.312,12458.9
AC-1020,153,2.007,16.9,677.2,13.63,2.475,12635.8
AC-1020,154,1.886,18.9,683.2,13.02,2.383,12472.6
AC-1020,155,2.068,18.1,665.0,13.29,2.403,12748.9
AC-1020,156,2.441,14.1,707.3,13.44,2.53,12700.8
AC-1020,157,2.021,15.7,681.6,13.0,2.456,12569.0
AC-1020,158,1.782,13.7,665.8,13.14,2.374,12539.6
AC-1020,159,2.119,14.5,669.6,12.83,2.551,12532.2
AC-1020,160,1.628,13.7,674.6,13.69,2.603,12576.6
AC-1020,161,1.795,17.2,673.3,13.0,2.524,12558.4
AC-1020,162,2.13,17.2,677.6,13.54,2.636,12550.7
AC-1020,163,2.201,16.0,682.3,13.18,2.642,12442.4
AC-1020,164,2.302,18.9,670.5,13.4,2.443,12491.4
AC-1020,165,2.527,16.1,669.6,14.12,2.566,12541.7
AC-1020,166,1.745,19.5,668.7,13.62,2.654,12628.5
AC-1021,1,2.055,9.1,660.2,13.54,2.012,12855.1
AC-1021,2,2.428,9.8,646.2,13.75,2.072,12763.5
AC-1021,3,1.863,8.6,662.9,13.5,2.024,12699.2
AC-1021,4,2.254,8.1,667.8,13.54,1.947,12789.7
AC-1021,5,2.05,9.9,665.1,13.67,1.97,12784.6
AC-1021,6,2.224,9.3,659.2,13.09,1.923,12723.5
AC-1021,7,1.956,11.3,652.6,13.67,1.904,12826.7
AC-1021,8,1.83,9.0,660.3,13.75,2.026,12798.1
AC-1021,9,2.222,7.0,667.9,14.08,2.014,12815.9
AC-1021,10,2.214,11.3,659.8,13.04,1.983,12790.2
AC-1021,11,1.672,9.0,654.7,13.32,1.951,12819.6
AC-1021,12,1.962,8.8,658.9,13.58,1.942,12769.3
AC-1021,13,2.33,9.8,654.8,13.4,2.029,12765.7
AC-1021,14,2.262,10.4,656.7,14.21,2.027,12878.6
AC-1021,15,2.129,9.0,647.2,13.65,1.941,12791.5
AC-1021,16,2.241,9.3,657.1,13.3,2.049,12779.8
AC-1021,17,1.829,10.0,644.6,13.65,1.954,12672.6
AC-1021,18,1.598,14.4,648.3,14.19,1.94,12821.0
AC-1021,19,2.097,7.7,653.1,13.73,2.102,12777.7
AC-1021,20,2.245,10.3,624.3,13.35,2.029,12763.1
AC-1021,21,1.836,10.2,663.5,13.63,1.942,12773.1
AC-1021,22,1.804,10.3,644.1,13.04,1.957,12855.8
AC-1021,23,1.934,10.4,656.7,12.87,2.094,12856.6
AC-1021,24,2.072,7.3,658.0,13.61,2.025,12758.2
AC-1021,25,1.991,8.9,649.3,13.12,1.858,12855.6
AC-1021,26,2.139,13.4,647.4,13.22,2.102,12817.9
AC-1021,27,2.101,6.6,641.6,13.23,2.035,12787.0
AC-1021,28,2.136,8.0,654.5,13.82,2.03,12889.8
AC-1021,29,1.719,10.7,650.3,14.39,1.988,12878.3
AC-1021,30,1.941,13.8,621.5,13.37,2.065,12781.7
AC-1021,31,1.832,7.3,643.8,13.56,2.046,12744.4
AC-1021,32,2.261,9.9,636.4,13.07,2.134,12879.2
AC-1021,33,1.896,8.0,665.5,13.32,2.104,12788.7
AC-1021,34,2.11,9.6,657.5,13.55,2.018,12821.3
AC-1021,35,2.089,11.1,654.5,14.15,1.902,12888.9
AC-1021,36,1.758,8.1,671.6,13.02,2.03,12834.9
AC-1021,37,2.34,6.6,640.9,13.48,2.105,12811.1
AC-1021,38,1.963,8.1,640.0,13.55,2.07,12809.2
AC-1021,39,1.806,11.1,659.1,13.75,1.897,12777.0
AC-1021,40,1.797,10.8,665.7,13.43,2.022,12822.4
AC-1021,41,2.235,14.1,649.7,13.23,2.077,12789.4
AC-1021,42,1.762,10.8,643.8,13.32,2.084,12907.0
AC-1021,43,2.527,9.3,651.1,13.36,2.188,12740.4
AC-1021,44,1.987,8.9,665.1,13.5,2.007,12808.1
AC-1021,45,2.297,11.1,650.0,14.29,1.967,12830.6
AC-1021,46,2.512,16.1,654.0,13.09,1.961,12733.3
AC-1021,47,1.997,10.3,647.7,14.03,2.045,12852.6
AC-1021,48,1.983,8.4,637.7,13.71,1.999,12832.4
AC-1021,49,2.409,9.8,662.3,13.78,2.024,12766.6
AC-1021,50,1.885,11.9,662.4,12.74,2.053,12778.8
AC-1021,51,2.316,10.1,642.3,13.93,1.892,12768.5
AC-1021,52,1.841,11.3,652.4,13.21,2.114,12782.7
AC-1021,53,1.812,12.4,664.8,13.42,2.115,12918.1
AC-1021,54,1.961,10.3,639.3,13.83,1.918,12825.4
AC-1021,55,2.194,8.1,634.0,13.49,1.986,12812.8
AC-1021,56,1.861,13.5,649.5,13.4,1.96,12828.2
AC-1021,57,2.067,10.4,650.9,13.45,1.972,12790.4
AC-1021,58,2.249,11.3,660.7,13.2,1.877,12805.1
AC-1021,59,2.318,9.5,678.6,13.6,1.996,12773.3
AC-1021,60,2.287,11.8,643.5,13.23,2.085,12821.6
AC-1021,61,1.854,13.2,636.0,13.45,1.973,12754.0
AC-1021,62,1.633,8.7,654.3,13.67,1.925,12832.7
AC-1021,63,1.949,10.2,635.9,13.43,2.054,12839.1
AC-1021,64,2.372,9.8,640.7,13.59,1.885,12820.5
AC-1021,65,2.29,9.0,646.9,13.87,1.934,12783.4
AC-1021,66,2.298,14.8,643.3,13.56,1.951,12745.4
AC-1021,67,2.345,15.9,628.1,13.53,1.922,12689.3
AC-1021,68,2.143,9.7,655.2,13.49,1.993,12910.5
AC-1021,69,2.052,10.7,652.4,12.94,2.059,12845.2
AC-1021,70,2.098,11.6,678.8,13.92,1.918,12831.8
AC-1021,71,2.386,11.3,634.8,14.1,2.008,12779.8
AC-1021,72,1.989,11.3,659.4,13.96,2.041,12861.6
AC-1021,73,2.139,9.7,648.1,13.36,1.959,12788.3
AC-1021,74,2.38,13.4,642.5,13.07,2.023,12677.3
AC-1021,75,2.14,11.0,650.2,13.62,1.928,12801.5
AC-1021,76,2.174,13.9,644.4,12.87,1.965,12731.6
AC-1021,77,1.785,10.6,632.1,13.52,1.927,12765.6
AC-1021,78,2.04,9.3,666.7,13.86,2.146,12843.6
AC-1021,79,2.227,11.5,646.5,13.47,2.015,12755.4
AC-1021,80,2.062,13.3,665.6,13.23,2.034,12694.5
AC-1021,81,2.151,10.1,658.4,13.93,1.953,12833.5
AC-1021,82,2.053,13.7,640.8,13.69,1.961,12822.8
AC-1021,83,2.146,6.9,670.9,13.09,1.992,12760.0
AC-1021,84,2.051,14.1,661.9,13.57,1.864,12858.0
AC-1021,85,2.284,15.6,626.9,14.1,1.991,12779.0
AC-1021,86,2.117,11.8,665.8,13.24,1.91,12763.8
AC-1021,87,2.075,14.8,653.1,13.51,1.975,12864.4
AC-1021,88,2.212,14.8,645.0,13.9,2.015,12842.7
AC-1021,89,2.467,12.9,639.5,13.82,2.029,12838.0
AC-1021,90,1.973,15.6,682.2,13.47,1.87,12745.2
AC-1021,91,2.15,11.1,640.9,13.74,2.181,12807.6
AC-1021,92,2.751,13.6,665.7,13.56,1.893,12729.7
AC-1021,93,2.338,11.4,660.3,12.86,1.871,12810.6
AC-1021,94,3.1,11.6,663.0,13.5,1.979,12794.3
AC-1021,95,2.242,14.9,654.5,13.78,2.049,12757.0
AC-1021,96,2.317,14.5,671.8,13.18,2.072,12892.2
AC-1021,97,2.09,13.3,659.9,13.32,2.001,12823.2
AC-1021,98,2.005,12.9,632.6,13.94,1.992,12784.6
AC-1021,99,1.902,11.4,659.8,13.81,2.009,12804.6
AC-1021,100,2.672,19.0,666.0,13.31,1.958,12848.3
AC-1021,101,2.918,14.4,658.0,13.36,1.937,12824.5
AC-1021,102,2.377,9.4,681.3,13.45,2.004,12824.1
AC-1021,103,2.39,14.2,623.6,12.95,1.971,12720.9
AC-1021,104,1.694,15.9,639.8,14.01,2.082,12780.1
AC-1021,105,2.472,16.6,654.2,13.18,1.924,12812.8
AC-1021,106,2.484,14.8,678.2,13.33,1.897,12863.0
AC-1021,107,2.392,15.5,653.1,14.26,2.061,12760.0
AC-1021,108,2.277,14.5,659.3,13.15,2.019,12811.0
AC-1021,109,2.604,14.2,628.4,13.73,1.984,12790.5
AC-1021,110,2.266,16.6,648.9,13.95,1.802,12800.7
AC-1021,111,2.501,17.2,642.7,13.81,1.914,12784.4
AC-1021,112,2.196,17.2,664.8,13.1,1.9,12780.8
AC-1021,113,2.371,15.4,670.3,13.38,2.099,12761.5
AC-1021,114,2.558,18.8,647.6,14.3,2.028,12759.9
AC-1021,115,2.184,19.6,610.0,13.5,1.927,12822.8
AC-1021,116,2.502,14.9,650.4,13.72,2.013,12697.6
AC-1021,117,2.215,20.7,673.0,13.01,1.995,12910.4
AC-1021,118,1.827,18.7,648.2,13.8,2.051,12812.5
AC-1021,119,2.512,19.2,652.2,13.57,2.116,12808.1
AC-1021,120,2.81,16.0,640.5,13.81,2.157,12843.1
AC-1021,121,2.566,20.0,664.0,13.66,1.935,12818.8
AC-1021,122,2.428,22.5,652.6,12.92,2.032,12817.9
AC-1022,1,1.997,9.0,651.8,13.47,2.079,12822.7
AC-1022,2,1.42,10.9,652.3,13.78,1.992,12698.9
AC-1022,3,2.237,10.6,653.7,13.32,1.922,12813.8
AC-1022,4,1.884,10.6,634.1,13.8,2.068,12765.6
AC-1022,5,2.248,9.6,664.1,14.23,2.015,12759.8
AC-1022,6,1.835,12.9,656.0,13.38,2.006,12800.1
AC-1022,7,2.137,9.7,665.4,13.81,2.203,12725.5
AC-1022,8,1.361,11.0,655.8,13.15,2.055,12863.5
AC-1022,9,2.056,11.4,659.6,13.81,2.072,12979.8
AC-1022,10,1.732,9.8,658.0,13.52,2.039,12767.2
AC-1022,11,1.957,8.8,650.8,13.13,1.984,12770.6
AC-1022,12,2.057,11.4,649.9,13.91,2.059,12823.3
AC-1022,13,1.877,6.0,653.9,13.39,1.983,12787.1
AC-1022,14,2.174,10.3,652.8,13.33,2.003,12811.6
AC-1022,15,2.351,9.1,663.4,13.56,1.991,12820.6
AC-1022,16,2.008,15.5,646.0,14.15,2.032,12854.9
AC-1022,17,1.98,9.2,666.6,13.8,2.032,12792.7
AC-1022,18,1.889,9.4,637.1,13.62,2.153,12796.0
AC-1022,19,1.983,7.5,642.9,13.86,1.83,12757.7
AC-1022,20,1.835,12.0,625.2,13.8,1.958,12783.2
AC-1022,21,2.116,7.9,658.5,13.78,1.973,12806.3
AC-1022,22,1.975,8.4,672.0,13.3,1.941,12867.8
AC-1022,23,2.072,9.9,653.3,13.03,1.971,12822.5
AC-1022,24,2.546,11.0,682.0,13.92,2.009,12827.1
AC-1022,25,2.143,10.8,640.4,13.9,1.97,12835.6
AC-1022,26,1.617,8.9,638.5,14.18,1.834,12746.5
AC-1022,27,1.531,10.2,661.6,13.16,2.106,12780.5
AC-1022,28,2.415,11.5,649.8,13.42,2.156,12782.2
AC-1022,29,2.25,6.0,657.1,13.17,1.97,12815.4
AC-1022,30,2.122,9.6,642.3,13.18,1.988,12782.8
AC-1022,31,2.117,10.1,661.6,13.51,2.083,12857.8
AC-1022,32,1.904,7.5,675.7,13.17,1.955,12872.7
AC-1022,33,1.884,8.2,628.4,13.34,1.951,12827.0
AC-1022,34,1.815,11.7,673.3,13.18,1.972,12839.8
AC-1022,35,1.912,9.4,655.9,13.31,2.122,12798.1
AC-1022,36,2.266,10.1,651.1,13.54,1.874,12797.1
AC-1022,37,2.015,10.7,651.8,13.6,1.953,12887.8
AC-1022,38,2.095,10.7,677.4,13.49,1.952,12746.8
AC-1022,39,2.427,9.5,647.6,13.08,1.928,12830.1
AC-1022,40,2.097,12.5,659.6,13.45,1.995,12757.1
AC-1022,41,2.127,14.0,642.2,13.85,2.085,12825.4
AC-1022,42,1.996,11.3,647.5,13.19,1.93,12740.7
AC-1022,43,2.332,7.9,641.5,14.03,1.969,12844.3
AC-1022,44,1.757,4.6,669.5,13.41,1.981,12788.4
AC-1022,45,2.256,7.8,657.9,13.11,1.981,12735.8
AC-1022,46,2.359,9.3,660.1,14.08,2.071,12794.6
AC-1022,47,2.299,13.7,659.0,13.51,2.098,12873.2
AC-1022,48,1.834,8.7,641.4,13.36,2.037,12827.3
AC-1022,49,2.236,8.9,658.2,13.43,1.951,12830.8
AC-1022,50,1.698,7.0,650.2,12.86,2.092,12759.2
AC-1022,51,2.162,11.7,656.9,14.14,1.881,12750.8
AC-1022,52,2.222,8.8,671.4,13.22,2.005,12793.8
AC-1022,53,1.607,10.7,655.0,13.74,2.049,12835.5
AC-1022,54,2.368,7.3,645.4,13.51,2.033,12774.7
AC-1022,55,1.879,11.7,667.7,13.92,1.933,12813.3
AC-1022,56,1.92,12.4,658.1,13.07,2.15,12776.2
AC-1022,57,2.148,8.9,665.8,13.51,2.031,12853.5
AC-1022,58,2.492,7.8,657.7,13.09,2.025,12772.1
AC-1022,59,2.093,11.5,645.8,13.9,2.035,12785.4
AC-1022,60,1.729,12.7,640.5,13.99,1.968,12861.5
AC-1022,61,2.122,11.7,656.2,13.43,2.09,12799.1
AC-1022,62,2.23,9.6,665.0,12.43,2.102,12717.9
AC-1022,63,1.967,9.2,668.4,12.77,2.06,12695.7
AC-1022,64,1.948,13.2,671.7,13.33,2.14,12833.7
AC-1022,65,2.017,7.7,656.4,13.37,1.989,12823.4
AC-1022,66,1.572,6.8,662.6,12.88,1.999,12813.6
AC-1022,67,2.089,11.0,676.1,13.58,2.035,12725.3
AC-1022,68,2.084,7.6,664.0,12.76,2.033,12695.6
AC-1022,69,1.949,8.4,656.4,12.93,2.058,12748.9
AC-1022,70,1.526,9.4,670.9,13.0,1.94,12733.8
AC-1022,71,2.352,12.0,658.3,13.56,2.092,12763.1
AC-1022,72,1.965,7.6,652.0,13.53,2.113,12908.0
AC-1022,73,2.531,8.9,657.3,12.53,1.979,12842.8
AC-1022,74,2.269,10.2,667.6,13.26,1.908,12759.7
AC-1022,75,2.506,6.4,677.7,13.39,2.099,12750.9
AC-1022,76,2.157,10.9,678.3,13.14,2.23,12853.9
AC-1022,77,1.918,5.8,670.3,13.71,2.181,12751.2
AC-1022,78,2.06,9.1,678.8,13.28,2.048,12807.9
AC-1022,79,2.36,8.8,670.1,13.0,2.124,12836.0
AC-1022,80,2.208,3.2,665.1,13.39,2.042,12844.9
AC-1022,81,2.168,8.2,643.4,12.57,2.011,12794.9
AC-1022,82,2.003,10.9,680.5,12.68,2.146,12831.6
AC-1022,83,2.007,10.2,660.2,13.36,2.033,12854.4
AC-1022,84,2.124,9.1,676.4,12.44,2.131,12799.0
AC-1022,85,2.189,8.6,657.5,13.6,2.274,12815.9
AC-1022,86,2.236,10.9,671.9,12.74,2.008,12836.5
AC-1023,1,2.208,10.7,655.7,13.48,2.037,12731.6
AC-1023,2,2.112,12.1,660.2,13.67,1.934,12892.3
AC-1023,3,1.984,10.4,654.0,13.81,1.945,12756.8
AC-1023,4,1.971,8.0,659.2,13.82,2.034,12789.1
AC-1023,5,2.033,8.8,651.5,13.4,1.972,12848.9
AC-1023,6,2.069,13.0,633.6,12.84,2.069,12796.1
AC-1023,7,1.81,10.8,651.4,13.37,1.981,12749.2
AC-1023,8,1.578,7.9,646.4,13.63,1.923,12899.9
AC-1023,9,2.179,9.6,631.0,13.44,2.114,12780.1
AC-1023,10,2.041,13.8,661.1,13.03,1.973,12765.9
AC-1023,11,1.948,7.7,645.6,13.38,2.101,12820.0
AC-1023,12,1.416,9.5,648.7,13.29,2.025,12753.3
AC-1023,13,2.076,11.1,663.4,13.6,2.043,12790.4
AC-1023,14,1.805,5.5,629.8,13.26,1.992,12727.5
AC-1023,15,2.047,8.0,637.4,13.34,2.126,12807.7
AC-1023,16,1.639,11.2,649.9,13.35,1.934,12813.7
AC-1023,17,1.734,10.7,639.8,13.43,1.89,12736.9
AC-1023,18,2.306,10.0,657.7,13.43,1.854,12778.2
AC-1023,19,2.02,9.9,654.3,13.46,2.072,12810.2
AC-1023,20,2.199,10.4,629.3,13.11,1.958,12826.7
AC-1023,21,1.851,9.9,649.5,13.31,1.867,12794.9
AC-1023,22,1.858,10.0,656.4,13.54,1.987,12787.5
AC-1023,23,1.557,8.1,649.3,14.16,2.08,12811.1
AC-1023,24,2.171,12.0,623.7,13.23,2.139,12818.1
AC-1023,25,2.499,9.0,632.9,13.51,2.014,12855.9
AC-1023,26,2.086,9.6,647.6,13.65,1.999,12846.8
AC-1023,27,1.888,9.1,642.5,13.12,1.938,12831.4
AC-1023,28,2.015,11.0,667.3,12.74,1.962,12837.2
AC-1023,29,2.163,13.4,660.1,13.64,2.008,12701.9
AC-1023,30,2.226,5.3,664.1,13.67,2.126,12866.6
AC-1023,31,2.459,10.6,654.1,13.96,1.919,12777.8
AC-1023,32,2.017,8.2,651.3,13.41,2.043,12819.4
AC-1023,33,1.567,10.8,651.4,13.81,2.079,12891.5
AC-1023,34,1.841,7.8,651.3,13.62,1.903,12793.0
AC-1023,35,2.189,11.6,646.3,13.21,1.965,12771.1
AC-1023,36,1.999,13.7,656.3,13.94,1.985,12836.9
AC-1023,37,1.962,6.3,643.4,13.2,1.918,12781.2
AC-1023,38,1.868,8.7,643.7,13.91,2.188,12835.9
AC-1023,39,1.986,7.5,687.3,13.96,2.013,12728.5
AC-1023,40,1.563,10.6,657.5,12.9,2.049,12811.7
AC-1023,41,2.105,7.7,655.7,13.47,2.079,12797.5
AC-1023,42,1.918,9.4,653.0,13.69,1.98,12788.0
AC-1023,43,2.158,10.4,636.5,13.56,1.984,12839.5
AC-1023,44,1.904,11.1,629.6,13.61,1.863,12873.4
AC-1023,45,2.171,7.3,648.6,13.15,2.022,12787.0
AC-1023,46,2.024,12.4,650.5,13.46,1.962,12741.6
AC-1023,47,2.192,12.2,636.9,13.22,1.934,12734.1
AC-1023,48,1.909,11.0,646.2,13.4,2.083,12812.9
AC-1023,49,1.626,8.5,654.9,13.48,2.011,12759.3
AC-1023,50,1.6,8.2,653.0,13.49,1.859,12904.6
AC-1023,51,1.75,10.5,654.8,12.8,2.034,12806.6
AC-1023,52,2.261,10.4,651.9,13.49,1.888,12788.4
AC-1023,53,2.193,9.7,658.7,13.36,2.031,12711.5
AC-1023,54,2.19,5.6,664.4,13.32,2.014,12833.0
AC-1023,55,2.07,14.2,646.7,13.0,1.967,12808.3
AC-1023,56,1.989,7.7,673.7,13.66,2.102,12833.6
AC-1023,57,2.047,11.2,639.4,13.37,1.983,12866.8
AC-1023,58,2.461,9.4,674.5,13.71,1.946,12846.1
AC-1023,59,2.158,11.5,647.5,13.22,2.089,12754.7
AC-1023,60,1.576,9.7,647.8,13.35,2.073,12800.4
AC-1023,61,2.354,9.9,640.4,13.81,1.972,12684.7
AC-1023,62,1.956,9.5,631.4,13.51,1.891,12787.3
AC-1023,63,1.586,11.3,639.7,13.07,1.99,12854.8
AC-1023,64,1.905,16.0,648.3,13.3,1.958,12777.9
AC-1023,65,2.206,11.6,650.0,13.82,1.967,12757.2
AC-1023,66,2.037,13.5,648.1,13.97,1.974,12792.9
AC-1023,67,1.856,11.4,647.1,13.25,2.096,12806.1
AC-1023,68,1.741,9.4,639.2,13.53,2.052,12764.0
AC-1023,69,1.919,7.4,631.6,13.0,1.892,12789.5
AC-1023,70,2.193,10.2,648.4,13.79,1.983,12713.7
AC-1023,71,2.104,11.0,656.9,13.3,1.903,12771.1
AC-1023,72,1.789,11.5,632.2,13.94,2.001,12855.1
AC-1023,73,1.995,12.7,646.5,13.24,2.071,12798.7
AC-1023,74,2.112,6.8,675.2,13.37,2.068,12836.7
AC-1023,75,1.694,9.1,635.5,13.03,1.914,12735.5
AC-1023,76,1.75,9.3,630.8,13.27,2.023,12789.8
AC-1023,77,1.947,11.2,644.0,13.49,2.008,12713.6
AC-1023,78,1.763,13.9,646.4,14.38,2.102,12716.6
AC-1023,79,2.806,12.6,644.6,13.79,2.126,12718.1
AC-1023,80,2.008,10.4,663.0,12.95,2.082,12793.3
AC-1023,81,1.871,10.5,651.7,13.57,2.051,12734.3
AC-1023,82,1.872,8.8,652.4,13.62,2.103,12819.0
AC-1023,83,1.703,13.5,639.6,13.47,2.024,12846.8
AC-1023,84,2.455,10.6,655.4,13.28,2.032,12723.5
AC-1023,85,2.121,12.9,660.7,13.67,2.099,12849.5
AC-1023,86,2.401,11.3,672.7,14.21,1.924,12847.5
AC-1023,87,2.132,9.5,656.8,13.5,1.831,12742.1
AC-1023,88,1.763,8.8,658.7,13.79,1.974,12800.1
AC-1023,89,2.162,11.9,658.0,13.61,2.003,12720.3
AC-1023,90,1.767,10.6,638.7,13.44,1.859,12777.0
AC-1023,91,1.614,11.8,645.3,13.47,2.145,12737.8
AC-1023,92,1.978,8.6,641.7,13.59,1.991,12775.4
AC-1023,93,1.87,8.9,652.5,13.34,2.024,12743.8
AC-1023,94,1.685,14.9,658.1,13.08,2.027,12833.6
AC-1023,95,2.197,10.1,669.3,13.25,2.098,12775.9
AC-1023,96,1.61,12.9,630.0,12.8,2.034,12795.7
AC-1023,97,2.184,9.4,651.6,13.71,2.09,12811.7
AC-1023,98,1.773,12.1,667.9,13.5,1.965,12761.0
AC-1023,99,2.173,8.9,661.6,13.2,2.006,12797.6
AC-1023,100,1.764,7.9,660.3,13.41,2.048,12765.9
AC-1023,101,2.092,12.8,663.0,13.14,1.992,12738.7
AC-1023,102,2.581,10.0,639.4,13.43,2.147,12765.0
AC-1023,103,1.695,13.1,666.9,12.84,2.145,12865.5
AC-1023,104,1.735,8.9,648.1,13.62,1.996,12781.4
AC-1023,105,1.778,9.6,645.7,13.77,2.136,12742.2
AC-1023,106,1.647,13.2,652.8,13.5,1.981,12795.6
AC-1023,107,2.045,10.4,651.1,13.54,1.954,12672.7
AC-1023,108,2.205,11.7,660.2,13.04,2.091,12663.1
AC-1023,109,1.835,12.4,642.4,13.53,2.25,12657.5
AC-1023,110,2.107,14.0,658.7,14.17,1.955,12749.7
AC-1023,111,1.749,10.2,678.4,13.11,1.907,12796.6
AC-1023,112,2.187,12.5,669.9,13.7,2.137,12818.0
AC-1023,113,1.95,9.3,651.1,13.49,1.918,12752.5
AC-1023,114,2.153,10.2,640.9,13.92,2.039,12756.2
AC-1023,115,2.093,10.1,657.0,13.54,2.208,12803.2
AC-1023,116,1.893,9.7,637.7,13.78,2.104,12766.8
AC-1023,117,1.944,10.9,650.0,13.33,2.141,12730.7
AC-1023,118,2.564,10.3,658.6,13.47,2.048,12720.7
AC-1023,119,1.823,8.6,634.7,12.98,2.167,12686.4
AC-1023,120,2.169,8.4,660.8,13.57,2.067,12733.9
AC-1023,121,1.921,10.5,645.9,13.89,2.157,12811.9
AC-1023,122,2.111,12.2,658.0,13.73,2.1,12744.4
AC-1023,123,1.633,10.8,656.3,13.49,2.133,12738.7
AC-1023,124,2.108,12.5,635.5,13.13,2.15,12701.0
AC-1023,125,2.219,9.6,672.4,13.32,2.138,12799.9
AC-1023,126,1.731,13.9,662.3,13.24,2.061,12740.0
AC-1023,127,2.086,14.6,652.6,13.19,2.095,12736.3
AC-1023,128,2.262,9.0,666.9,13.63,2.131,12747.2
AC-1023,129,1.649,11.6,648.2,13.68,2.254,12693.3
AC-1023,130,1.9,10.9,645.5,13.54,2.158,12655.7
AC-1023,131,2.059,10.4,671.3,13.03,2.219,12803.7
AC-1023,132,1.721,12.6,615.2,13.45,2.302,12715.0
AC-1023,133,1.909,14.1,652.2,13.9,2.217,12752.7
AC-1023,134,2.01,13.2,663.5,13.35,2.146,12699.9
AC-1023,135,2.072,16.9,676.5,13.94,2.252,12721.6
AC-1023,136,2.173,13.7,666.8,12.7,2.118,12736.6
AC-1023,137,1.619,9.2,658.7,14.05,2.164,12715.8
AC-1023,138,2.211,11.6,667.9,13.88,2.233,12725.2
AC-1023,139,1.702,14.5,661.8,13.42,2.24,12690.0
AC-1023,140,2.024,14.1,680.9,13.16,2.143,12737.8
AC-1023,141,2.168,15.5,641.5,13.45,2.169,12594.9
AC-1023,142,2.088,6.8,652.5,13.48,2.197,12685.9
AC-1023,143,1.969,13.9,662.9,13.43,2.156,12677.6
AC-1023,144,1.88,13.1,646.6,13.63,2.273,12707.7
AC-1023,145,1.988,13.6,640.5,13.91,2.229,12694.0
AC-1023,146,2.208,13.4,684.4,13.64,2.149,12765.2
AC-1023,147,1.963,14.2,646.9,13.6,2.196,12711.1
AC-1023,148,2.111,12.7,670.1,13.32,2.201,12685.2
AC-1023,149,2.075,11.7,664.2,13.71,2.296,12694.7
AC-1023,150,1.675,12.3,685.4,13.15,2.22,12670.7
AC-1023,151,2.134,13.1,650.1,14.11,2.264,12686.0
AC-1023,152,1.47,11.4,655.2,13.52,2.177,12670.4
AC-1023,153,1.86,11.9,654.2,13.73,2.302,12747.7
AC-1023,154,2.072,14.7,697.1,12.94,2.307,12628.4
AC-1023,155,2.372,15.1,674.2,13.87,2.227,12677.2
AC-1023,156,1.696,14.1,645.3,13.33,2.155,12677.3
AC-1023,157,1.81,12.7,653.4,12.98,2.374,12677.8
AC-1023,158,2.245,8.8,668.7,13.91,2.109,12637.1
AC-1023,159,1.688,11.3,675.8,13.34,2.367,12630.1
AC-1023,160,1.811,16.5,661.9,13.25,2.292,12684.5
AC-1023,161,2.116,14.5,670.3,13.75,2.164,12681.6
AC-1023,162,1.543,14.1,663.2,13.14,2.23,12556.5
AC-1023,163,2.089,10.1,666.3,13.21,2.454,12636.5
AC-1023,164,1.789,14.7,684.5,13.35,2.373,12546.9
AC-1023,165,1.733,12.9,679.3,13.24,2.307,12717.9
AC-1023,166,1.811,14.7,665.9,13.42,2.34,12699.9
AC-1023,167,1.805,11.8,676.9,13.56,2.337,12619.5
AC-1023,168,2.193,13.0,657.7,12.79,2.203,12501.3
AC-1023,169,2.167,16.4,677.8,13.56,2.258,12597.8
AC-1023,170,2.067,13.9,672.1,13.43,2.344,12788.5
AC-1023,171,1.563,14.1,680.6,13.79,2.144,12636.5
AC-1023,172,1.806,16.9,691.8,13.57,2.267,12612.8
AC-1023,173,1.83,11.6,675.4,13.63,2.368,12620.6
AC-1023,174,1.971,11.1,646.3,13.61,2.395,12616.3
AC-1023,175,2.39,15.4,677.3,13.65,2.432,12607.6
AC-1023,176,2.597,17.3,675.0,14.1,2.476,12695.9
AC-1023,177,2.267,14.6,669.3,13.31,2.397,12586.9
AC-1023,178,1.837,11.9,664.3,13.59,2.513,12677.8
AC-1023,179,1.869,13.6,683.4,13.34,2.368,12630.7
AC-1023,180,2.14,17.9,703.7,13.88,2.198,12672.3
AC-1023,181,1.681,13.4,684.2,13.71,2.252,12627.3
AC-1023,182,2.18,17.1,681.4,13.41,2.429,12652.1
AC-1023,183,1.531,16.0,692.8,13.0,2.425,12571.4
AC-1023,184,1.627,16.6,655.2,13.8,2.415,12616.3
AC-1023,185,2.447,13.6,669.2,13.57,2.444,12576.1
AC-1023,186,1.885,14.2,659.0,13.49,2.512,12478.1
AC-1023,187,2.095,12.9,673.2,13.83,2.481,12550.1
AC-1023,188,1.724,17.5,660.3,13.51,2.547,12596.8
AC-1023,189,1.942,14.8,662.7,13.39,2.536,12530.4
AC-1023,190,2.066,17.3,679.7,13.2,2.562,12523.1
AC-1023,191,1.959,14.3,690.0,13.34,2.536,12637.1
AC-1023,192,2.131,17.6,658.2,13.98,2.369,12536.9
AC-1023,193,1.903,17.4,685.8,13.37,2.46,12673.7
AC-1023,194,1.989,15.5,667.1,13.16,2.493,12495.4
AC-1023,195,2.239,15.3,689.1,14.23,2.461,12631.0
AC-1023,196,1.762,19.1,687.8,13.09,2.492,12517.2
AC-1023,197,1.891,17.5,691.5,13.04,2.613,12465.3
AC-1023,198,1.867,12.8,692.7,13.92,2.517,12562.2
AC-1023,199,1.889,18.1,666.5,13.42,2.438,12520.1
AC-1023,200,2.258,14.6,674.1,13.72,2.473,12551.0
AC-1023,201,1.936,15.6,684.8,13.51,2.522,12501.2
AC-1023,202,1.981,14.1,684.0,13.78,2.691,12445.4
AC-1023,203,1.739,18.7,698.9,13.87,2.529,12459.5
AC-1023,204,1.938,19.7,696.6,13.41,2.694,12494.2
AC-1023,205,2.012,14.1,703.4,13.58,2.712,12453.2
AC-1023,206,1.932,16.3,689.4,13.42,2.729,12712.5
AC-1023,207,2.059,16.8,679.6,12.92,2.606,12513.8
AC-1023,208,1.855,16.0,695.2,12.96,2.596,12455.1
AC-1023,209,1.626,17.8,707.4,12.93,2.545,12485.6
AC-1023,210,2.376,17.0,693.2,13.72,2.728,12285.4
AC-1023,211,1.724,19.8,692.3,13.69,2.676,12727.1
AC-1023,212,1.954,15.9,690.8,13.68,2.583,12426.7
AC-1023,213,1.932,19.6,680.7,13.8,2.746,12461.8
AC-1023,214,2.198,21.8,695.4,13.72,2.706,12396.6
AC-1023,215,1.761,24.5,691.0,13.31,2.545,12506.7
AC-1023,216,1.997,17.5,679.8,13.34,2.646,12339.1
AC-1023,217,1.897,22.8,677.0,13.28,2.713,12369.3
AC-1023,218,2.005,20.9,684.5,13.04,2.718,12332.5
AC-1023,219,2.025,21.4,688.5,13.22,2.806,12450.0
AC-1023,220,2.108,19.3,708.4,13.59,2.68,12263.7
AC-1023,221,2.433,19.6,721.0,14.29,2.695,12369.8
AC-1023,222,2.014,20.3,698.5,13.35,2.683,12331.2
AC-1024,1,1.805,8.9,641.5,13.63,2.029,12845.3
AC-1024,2,1.952,8.9,641.5,13.85,1.886,12768.2
AC-1024,3,1.923,12.5,644.8,13.79,1.988,12749.7
AC-1024,4,1.349,9.4,658.2,13.02,1.858,12831.2
AC-1024,5,2.32,10.3,654.6,13.52,2.105,12791.7
AC-1024,6,1.898,8.9,641.9,13.59,2.014,12746.3
AC-1024,7,1.793,9.0,644.6,13.22,1.887,12794.1
AC-1024,8,2.072,16.1,657.4,13.19,1.893,12807.5
AC-1024,9,1.916,10.8,650.2,13.99,2.007,12806.7
AC-1024,10,1.799,10.3,655.0,14.06,2.036,12837.1
AC-1024,11,2.072,9.2,660.9,13.54,1.962,12853.2
AC-1024,12,1.803,6.4,637.1,13.02,1.976,12761.5
AC-1024,13,2.105,10.4,667.1,13.27,2.091,12797.1
AC-1024,14,1.9,13.0,656.4,14.24,1.975,12787.9
AC-1024,15,1.913,10.0,663.6,13.48,2.02,12823.1
AC-1024,16,2.328,11.1,671.4,13.64,2.024,12799.0
AC-1024,17,2.168,7.8,635.7,13.26,1.912,12869.6
AC-1024,18,1.8,12.1,637.0,13.75,1.883,12763.8
AC-1024,19,2.394,8.1,658.8,13.38,1.895,12875.2
AC-1024,20,1.851,11.8,656.8,13.63,1.876,12846.9
AC-1024,21,1.842,9.8,651.8,13.65,1.994,12818.9
AC-1024,22,1.693,7.7,644.5,13.73,2.107,12806.2
AC-1024,23,2.027,10.2,671.6,13.28,2.064,12790.2
AC-1024,24,1.608,15.3,668.1,13.49,1.945,12820.7
AC-1024,25,1.838,5.4,663.1,13.71,2.06,12801.8
AC-1024,26,2.247,12.4,637.6,13.13,2.121,12775.7
AC-1024,27,1.778,11.8,650.2,13.59,1.932,12809.3
AC-1024,28,2.21,10.5,692.1,13.04,1.934,12807.8
AC-1024,29,2.029,9.0,646.7,13.17,2.077,12819.7
AC-1024,30,2.105,10.5,648.9,13.52,2.141,12791.0
AC-1024,31,2.33,10.8,646.5,13.04,1.966,12761.1
AC-1024,32,2.651,9.6,656.6,13.4,1.957,12761.3
AC-1024,33,2.305,10.5,631.3,13.92,1.962,12773.3
AC-1024,34,1.969,9.5,648.9,13.49,1.943,12766.1
AC-1024,35,2.59,9.8,632.1,13.79,1.996,12823.8
AC-1024,36,2.035,8.2,637.9,13.37,1.982,12771.5
AC-1024,37,2.215,5.1,645.0,13.26,1.869,12767.4
AC-1024,38,2.022,9.4,648.5,13.72,2.042,12818.8
AC-1024,39,2.252,10.5,673.1,13.76,1.978,12903.3
AC-1024,40,2.134,9.2,638.7,14.21,1.95,12786.7
AC-1024,41,1.888,9.9,671.7,13.17,2.053,12854.0
AC-1024,42,2.239,14.2,671.2,13.54,1.929,12805.0
AC-1024,43,1.725,12.0,691.1,13.41,1.974,12819.3
AC-1024,44,2.81,8.0,646.6,13.92,2.054,12843.1
AC-1024,45,2.077,10.0,652.6,14.13,1.997,12800.3
AC-1024,46,1.973,11.4,663.6,13.44,1.912,12764.8
AC-1024,47,1.988,12.0,663.7,13.67,1.987,12723.5
AC-1024,48,1.924,10.4,638.2,13.59,1.971,12855.6
AC-1024,49,2.04,8.5,646.9,13.94,2.081,12788.6
AC-1024,50,2.579,11.4,665.2,13.27,1.943,12828.2
AC-1024,51,1.829,8.4,626.6,13.97,2.116,12734.1
AC-1024,52,1.992,11.2,674.3,13.67,1.926,12722.2
AC-1024,53,2.168,10.6,649.0,13.22,2.008,12840.1
AC-1024,54,2.215,12.6,632.4,13.5,2.121,12855.2
AC-1024,55,2.007,10.4,651.6,13.81,1.977,12778.1
AC-1024,56,1.885,7.8,664.7,13.31,1.961,12811.2
AC-1024,57,2.219,7.3,621.7,13.1,1.965,12770.6
AC-1024,58,2.085,9.7,644.7,13.2,2.008,12793.3
AC-1024,59,1.52,13.7,674.3,14.41,2.106,12717.2
AC-1024,60,2.122,10.5,663.9,13.04,1.932,12854.5
AC-1024,61,1.874,11.2,655.2,13.7,1.902,12789.5
AC-1024,62,2.003,8.3,652.9,13.52,2.113,12805.7
AC-1024,63,2.071,9.5,630.5,13.22,2.029,12808.7
AC-1024,64,1.948,10.8,637.8,13.68,2.035,12827.1
AC-1024,65,2.218,10.6,642.3,13.62,2.108,12843.0
AC-1024,66,2.026,10.0,663.8,13.09,1.829,12848.0
AC-1024,67,1.798,10.4,640.3,13.87,1.983,12841.9
AC-1024,68,2.158,10.4,649.4,13.66,1.922,12823.2
AC-1024,69,1.775,10.7,628.0,14.12,1.93,12806.1
AC-1024,70,1.945,11.8,662.9,13.56,2.094,12758.4
AC-1024,71,2.28,6.7,647.6,13.64,1.849,12769.4
AC-1024,72,1.563,8.8,653.7,13.11,1.976,12782.7
AC-1024,73,2.614,10.6,657.2,13.34,1.989,12748.5
AC-1024,74,2.31,9.4,663.1,13.32,1.882,12822.1
AC-1024,75,1.937,10.0,659.8,13.83,1.995,12820.2
AC-1024,76,2.055,11.4,658.3,13.4,2.15,12737.2
AC-1024,77,2.101,12.1,657.3,14.04,1.964,12749.1
AC-1024,78,2.489,14.0,675.6,13.85,1.802,12897.6
AC-1024,79,2.579,8.7,649.1,13.38,1.945,12803.4
AC-1024,80,2.165,7.1,668.3,13.87,1.942,12896.8
AC-1024,81,1.951,13.8,656.8,13.45,1.927,12812.3
AC-1024,82,2.073,10.2,670.2,13.91,2.052,12842.6
AC-1024,83,2.203,11.4,667.8,13.94,1.875,12823.2
AC-1024,84,2.107,13.0,677.3,13.81,1.966,12792.4
AC-1024,85,1.606,12.7,649.7,14.43,1.92,12878.4
AC-1024,86,2.102,14.9,678.7,13.46,2.164,12735.2
AC-1024,87,2.705,11.4,671.0,12.83,1.931,12791.8
AC-1024,88,2.0,10.8,656.9,13.67,2.044,12748.5
AC-1024,89,1.833,12.4,656.1,13.67,2.03,12738.6
AC-1024,90,2.129,14.9,659.3,13.4,1.988,12765.6
AC-1024,91,2.124,12.2,656.3,13.4,1.865,12758.1
AC-1024,92,2.24,12.6,683.5,13.12,2.103,12842.5
AC-1024,93,1.924,14.4,634.4,13.63,1.999,12789.9
AC-1024,94,2.657,13.4,645.2,13.33,2.022,12743.5
AC-1024,95,2.058,14.8,660.2,13.48,2.018,12816.5
AC-1024,96,2.684,12.3,642.1,14.15,1.946,12843.9
AC-1024,97,2.147,14.5,652.7,13.23,2.011,12872.0
AC-1024,98,2.211,14.0,660.5,13.69,2.002,12802.1
AC-1024,99,2.598,13.4,673.0,13.43,2.077,12745.8
AC-1024,100,2.557,11.6,655.4,13.37,1.967,12696.4
AC-1024,101,2.199,11.3,629.1,13.53,2.016,12838.1
AC-1024,102,2.468,13.4,637.7,13.87,1.952,12828.6
AC-1024,103,2.122,14.7,637.1,12.83,1.89,12830.4
AC-1024,104,2.523,13.6,640.2,13.25,2.17,12781.6
AC-1024,105,2.055,11.2,653.3,13.55,1.966,12883.7
AC-1024,106,2.404,15.8,667.0,13.31,2.135,12780.9
AC-1024,107,1.991,15.3,638.6,13.43,2.073,12770.7
AC-1024,108,2.361,10.3,630.2,13.68,2.008,12848.4
AC-1024,109,2.202,12.0,640.2,13.43,1.996,12807.1
AC-1024,110,2.366,12.6,638.3,13.11,2.092,12813.6
AC-1024,111,2.0,11.7,658.7,13.01,1.972,12886.3
AC-1024,112,2.361,15.0,646.2,13.55,1.918,12770.2
AC-1024,113,2.325,12.9,642.8,13.87,1.996,12800.1
AC-1024,114,2.168,15.6,639.7,13.94,2.045,12814.4
AC-1024,115,2.528,16.6,655.9,13.44,2.073,12897.8
AC-1024,116,2.636,16.1,657.4,12.98,1.962,12801.7
AC-1024,117,1.921,18.8,649.4,13.97,2.131,12776.0
AC-1024,118,2.388,19.0,656.9,13.75,2.09,12707.9
AC-1024,119,2.349,12.9,647.4,13.38,1.9,12825.9
AC-1024,120,2.087,14.9,650.4,13.74,1.943,12799.2
AC-1024,121,2.098,15.1,661.7,13.91,2.059,12773.4
AC-1024,122,2.92,16.6,654.5,13.54,2.118,12850.1
AC-1024,123,2.531,15.7,670.3,12.89,1.961,12745.5
AC-1024,124,2.81,17.2,645.5,13.92,2.009,12739.6
AC-1024,125,2.42,16.6,640.2,13.46,2.1,12750.7
AC-1024,126,2.698,20.5,641.2,13.7,1.986,12761.2
AC-1024,127,2.541,15.0,676.6,13.64,1.798,12743.4
AC-1024,128,2.462,15.6,679.3,13.15,2.028,12768.0
AC-1024,129,2.447,15.2,675.0,12.62,2.068,12694.4
AC-1024,130,2.187,19.1,630.9,13.75,2.085,12861.8
AC-1024,131,2.411,15.3,641.2,13.66,2.137,12765.9
AC-1024,132,2.619,20.5,661.4,13.51,2.076,12727.1
AC-1024,133,2.493,17.5,662.9,13.35,1.986,12743.9
AC-1024,134,2.342,16.1,673.3,13.74,2.14,12674.5
AC-1024,135,2.593,16.5,673.7,13.28,2.129,12785.1
AC-1024,136,2.175,16.6,661.9,13.43,2.023,12735.6
AC-1024,137,2.991,13.9,678.1,13.68,2.045,12845.1
AC-1024,138,3.067,23.9,654.6,13.8,2.075,12925.2
AC-1024,139,2.665,21.1,658.0,13.47,1.921,12770.9
AC-1024,140,2.896,19.5,651.8,13.48,1.976,12720.3
AC-1024,141,2.461,17.9,662.0,13.39,2.001,12784.1
AC-1024,142,2.792,17.8,678.5,13.71,1.991,12816.1
AC-1024,143,2.381,25.4,662.4,12.89,2.032,12787.7
AC-1024,144,2.638,20.2,656.4,14.03,2.159,12851.3
AC-1024,145,2.977,14.6,664.6,14.15,1.964,12785.3
AC-1024,146,2.55,18.2,664.0,13.5,2.099,12792.7
AC-1024,147,2.64,19.5,646.2,13.97,1.977,12850.2
AC-1024,148,3.131,15.1,653.7,13.36,2.076,12758.1
AC-1024,149,3.114,20.8,652.8,13.71,2.058,12725.9
AC-1024,150,2.234,19.9,674.9,13.34,1.902,12829.6
AC-1024,151,2.621,22.0,670.6,13.66,2.02,12853.7
AC-1024,152,2.759,18.6,673.4,13.58,1.944,12794.8
AC-1024,153,3.238,25.6,665.2,13.44,1.949,12792.9
AC-1024,154,3.083,21.3,649.0,13.23,1.902,12860.9
AC-1024,155,3.264,27.9,668.5,13.63,1.979,12811.8
AC-1024,156,2.775,22.5,653.2,13.26,1.991,12842.9
AC-1024,157,3.606,22.4,660.9,13.51,1.962,12854.5
AC-1024,158,3.188,21.2,671.1,13.14,1.992,12743.8
AC-1024,159,3.16,26.4,667.3,13.33,1.937,12750.4
AC-1024,160,2.658,21.4,656.8,14.03,1.905,12758.0
AC-1024,161,3.117,23.6,663.3,13.0,1.885,12757.2
AC-1024,162,3.416,24.3,680.1,13.35,1.876,12798.0
AC-1024,163,2.951,23.1,656.0,13.54,2.004,12821.1
AC-1024,164,2.472,25.3,664.5,13.81,2.131,12764.1
AC-1024,165,3.187,25.2,665.2,13.64,1.994,12814.4
AC-1024,166,3.567,24.0,671.0,13.45,2.19,12842.6
AC-1024,167,3.226,26.6,651.9,13.77,1.95,12837.0
AC-1024,168,3.292,26.7,678.8,13.57,1.957,12829.5
AC-1024,169,2.811,26.4,684.7,12.93,2.021,12833.1
AC-1024,170,3.292,27.8,672.9,13.62,2.074,12765.2
AC-1024,171,3.454,28.5,667.5,13.98,2.059,12834.2
AC-1024,172,3.714,26.8,659.6,13.5,1.895,12827.2
AC-1024,173,3.595,30.1,653.0,12.98,2.07,12848.0
AC-1024,174,3.187,26.8,664.1,13.31,2.0,12792.2
AC-1024,175,3.019,29.9,666.6,13.5,1.871,12711.4
AC-1024,176,3.137,29.1,681.6,13.32,2.101,12747.0
AC-1024,177,2.819,28.6,669.2,13.04,2.116,12805.3
AC-1024,178,3.415,27.4,682.3,13.65,1.871,12855.7
AC-1024,179,3.219,27.8,672.0,13.85,2.074,12755.8
AC-1024,180,3.848,28.6,668.0,13.34,1.979,12846.1
AC-1024,181,3.93,29.6,656.9,13.45,1.95,12768.4
AC-1024,182,3.623,31.8,674.5,13.94,1.941,12778.3
AC-1024,183,3.55,32.0,675.8,13.41,2.043,12830.6
AC-1024,184,3.984,29.7,662.4,13.49,2.088,12801.3
AC-1025,1,1.803,10.2,654.4,13.13,1.941,12864.4
AC-1025,2,2.058,9.5,658.6,13.4,1.865,12786.6
AC-1025,3,2.215,8.2,649.2,13.42,2.087,12872.7
AC-1025,4,1.823,5.5,662.0,13.37,1.974,12769.3
AC-1025,5,2.34,12.7,625.9,13.55,1.969,12839.3
AC-1025,6,2.376,7.5,640.4,14.28,2.063,12731.8
AC-1025,7,2.29,12.1,650.6,13.68,1.997,12750.5
AC-1025,8,2.042,12.2,653.2,13.3,1.932,12786.6
AC-1025,9,1.753,9.4,637.5,13.46,1.961,12759.9
AC-1025,10,1.466,8.2,648.9,13.6,1.84,12765.6
AC-1025,11,2.004,14.8,662.9,13.28,1.945,12891.1
AC-1025,12,2.033,10.4,669.3,12.69,2.028,12706.3
AC-1025,13,1.62,10.5,658.5,12.97,1.968,12801.2
AC-1025,14,1.818,8.1,655.9,13.77,1.989,12816.3
AC-1025,15,2.306,12.7,645.6,13.31,2.008,12886.2
AC-1025,16,1.804,14.4,664.6,13.72,1.868,12833.9
AC-1025,17,1.702,9.3,624.0,13.54,2.042,12886.2
AC-1025,18,1.936,9.9,641.4,13.21,1.997,12811.4
AC-1025,19,2.275,12.1,649.5,13.72,1.939,12723.9
AC-1025,20,2.092,9.0,657.5,14.21,1.947,12799.9
AC-1025,21,2.297,6.3,655.4,12.94,1.913,12836.3
AC-1025,22,1.874,12.1,642.4,13.88,2.049,12804.9
AC-1025,23,2.002,6.2,665.5,13.91,2.077,12809.3
AC-1025,24,1.732,10.5,635.8,13.82,1.963,12816.9
AC-1025,25,1.754,9.7,637.3,13.66,2.149,12827.0
AC-1025,26,1.767,8.7,638.9,13.36,1.982,12881.3
AC-1025,27,2.511,5.7,640.3,13.53,2.055,12693.6
AC-1025,28,2.256,12.8,641.8,14.23,2.009,12795.2
AC-1025,29,1.94,14.5,637.4,12.89,1.983,12814.1
AC-1025,30,1.959,9.1,646.0,13.37,2.039,12794.7
AC-1025,31,1.477,9.5,640.1,13.48,1.975,12844.1
AC-1025,32,1.943,12.2,655.2,14.24,2.061,12780.5
AC-1025,33,1.662,7.2,670.5,13.97,1.965,12698.3
AC-1025,34,1.905,10.9,644.3,13.53,1.925,12848.1
AC-1025,35,1.642,11.0,645.9,13.09,2.094,12740.8
AC-1025,36,1.687,6.8,663.4,12.75,1.927,12753.9
AC-1025,37,1.935,9.2,646.2,13.84,2.114,12765.8
AC-1025,38,1.679,9.9,657.9,13.1,2.106,12755.5
AC-1025,39,2.13,7.7,654.2,13.38,1.881,12798.5
AC-1025,40,2.133,10.5,655.3,13.58,1.96,12819.4
AC-1025,41,1.962,11.7,647.0,13.79,2.101,12841.6
AC-1025,42,1.922,9.3,656.9,13.69,2.079,12900.6
AC-1025,43,1.982,12.6,661.8,13.67,2.102,12778.2
AC-1025,44,2.354,10.1,655.6,13.15,2.207,12818.8
AC-1025,45,2.201,7.9,659.0,13.44,2.022,12802.6
AC-1025,46,1.722,11.8,660.0,13.57,2.012,12919.0
AC-1025,47,1.939,11.2,657.1,13.17,2.066,12765.0
AC-1025,48,2.079,11.0,670.1,13.31,1.895,12776.7
AC-1025,49,2.354,7.5,659.2,13.27,2.044,12840.7
AC-1025,50,1.692,12.4,650.3,12.7,2.035,12818.8
AC-1025,51,2.033,9.6,645.7,13.16,1.973,12755.1
AC-1025,52,2.094,7.8,677.1,13.28,1.982,12736.4
AC-1025,53,2.129,12.7,638.8,13.87,2.187,12851.1
AC-1025,54,2.125,10.9,637.4,13.52,2.034,12776.2
AC-1025,55,2.031,10.4,672.3,13.17,2.086,12746.1
AC-1025,56,2.074,8.2,651.0,13.22,2.063,12757.5
AC-1025,57,2.283,10.3,647.1,13.35,1.992,12742.6
AC-1025,58,2.342,9.1,631.6,13.96,1.959,12904.5
AC-1025,59,1.812,11.7,666.6,13.56,1.97,12688.1
AC-1025,60,1.778,8.0,656.1,13.22,1.83,12799.6
AC-1025,61,2.522,7.6,637.1,13.16,1.97,12821.6
AC-1025,62,1.828,11.0,646.7,13.31,2.043,12735.9
AC-1025,63,2.377,8.6,658.4,13.52,2.029,12898.7
AC-1025,64,2.128,11.8,632.9,14.1,2.001,12776.4
AC-1025,65,1.968,10.5,664.3,13.81,1.941,12794.5
AC-1025,66,1.802,13.0,644.9,13.55,1.88,12777.5
AC-1025,67,1.738,10.9,658.8,12.81,2.109,12817.7
AC-1025,68,2.229,9.5,656.7,13.19,1.933,12751.8
AC-1025,69,2.275,12.9,671.0,13.09,2.071,12849.2
AC-1025,70,2.213,10.2,651.7,13.55,1.934,12799.6
AC-1025,71,1.925,9.6,657.2,13.53,1.967,12797.5
AC-1025,72,2.236,5.8,667.1,13.03,2.001,12696.5
AC-1025,73,1.699,11.8,649.8,13.14,1.918,12844.2
AC-1025,74,2.077,11.0,677.0,13.19,1.907,12763.0
AC-1025,75,1.683,8.0,641.1,13.35,2.167,12753.0
AC-1025,76,1.785,12.2,636.2,13.3,1.967,12786.0
AC-1025,77,1.869,4.2,644.6,12.95,2.073,12678.1
AC-1025,78,2.519,10.1,674.2,13.04,2.05,12888.7
AC-1025,79,2.007,10.4,670.8,13.85,2.005,12885.1
AC-1025,80,2.203,11.9,669.1,13.3,2.104,12760.3
AC-1025,81,2.159,8.8,670.7,13.65,2.018,12841.3
AC-1025,82,2.041,9.3,660.2,13.24,2.106,12798.3
AC-1025,83,2.144,7.2,642.8,13.84,2.073,12806.9
AC-1025,84,2.375,10.7,652.5,13.49,1.972,12771.7
AC-1025,85,2.427,10.7,663.1,13.24,2.048,12799.6
AC-1025,86,2.504,12.1,630.9,13.4,2.12,12838.1
AC-1025,87,1.905,7.7,644.9,13.2,2.132,12860.5
AC-1025,88,2.019,9.7,674.9,12.97,2.05,12835.7
AC-1025,89,2.319,11.6,647.7,13.2,1.97,12686.5
AC-1025,90,1.994,12.0,660.2,13.3,2.001,12840.1
AC-1025,91,2.407,11.5,660.0,12.82,1.934,12838.4
AC-1025,92,2.27,13.4,637.6,13.05,2.043,12794.4
AC-1025,93,1.894,8.5,652.6,13.47,1.966,12824.0
AC-1025,94,2.199,10.7,665.6,12.9,2.203,12741.5
AC-1025,95,1.906,5.6,679.4,13.67,2.131,12820.5
AC-1025,96,1.956,10.2,679.8,13.16,2.068,12883.5
AC-1025,97,1.855,5.4,664.8,13.07,2.129,12744.4
AC-1025,98,1.807,11.8,659.3,12.33,2.087,12809.7
AC-1025,99,2.478,9.7,670.3,13.35,2.146,12725.1
AC-1025,100,2.542,10.5,670.8,12.97,2.155,12787.5
AC-1025,101,1.867,10.9,659.7,13.55,2.032,12781.5
AC-1025,102,1.996,9.1,659.4,13.16,2.074,12789.9
AC-1025,103,1.937,5.5,667.8,12.97,2.161,12821.3
AC-1025,104,2.127,8.4,673.2,13.8,2.099,12880.0
AC-1025,105,2.244,10.1,652.5,13.23,2.12,12741.3
AC-1025,106,2.323,9.6,663.6,13.65,2.077,12753.1
AC-1025,107,2.049,10.6,689.8,13.04,2.023,12845.7
AC-1025,108,2.432,9.6,685.3,12.76,1.996,12810.0
AC-1025,109,2.276,8.4,703.9,13.46,2.028,12859.2
AC-1025,110,2.339,11.1,640.7,12.52,2.155,12910.3
AC-1025,111,1.967,7.3,676.5,12.76,1.975,12772.1
AC-1025,112,2.381,11.6,679.9,12.54,2.091,12835.1
AC-1025,113,2.291,7.8,668.1,12.81,2.245,12697.9
AC-1025,114,1.716,5.2,653.3,12.11,2.03,12797.8
AC-1025,115,1.427,11.2,674.7,12.46,2.068,12785.9
AC-1025,116,2.005,9.3,653.2,13.33,2.013,12741.8
AC-1025,117,1.67,10.1,675.4,13.08,1.923,12855.8
AC-1025,118,2.521,9.9,686.2,13.58,2.016,12808.0
AC-1025,119,1.932,12.0,665.2,13.02,2.081,12861.4
AC-1025,120,1.934,12.4,683.0,12.77,1.905,12775.5
AC-1025,121,2.718,8.0,661.0,12.47,2.072,12766.1
AC-1025,122,1.861,8.6,662.1,12.99,2.101,12779.4
AC-1025,123,2.328,12.8,669.8,13.18,2.069,12783.2
AC-1025,124,2.388,10.8,688.2,13.0,2.127,12810.6
AC-1025,125,2.284,9.6,678.6,12.35,2.18,12779.3
AC-1025,126,2.062,9.7,673.8,13.06,2.196,12849.4
AC-1025,127,2.083,11.0,673.5,12.96,2.038,12827.2
AC-1025,128,2.365,9.7,682.8,13.05,2.121,12714.7
AC-1025,129,1.943,10.4,667.2,12.31,2.239,12756.4
AC-1025,130,2.278,10.9,678.2,13.13,2.252,12779.5
AC-1025,131,1.918,14.9,710.0,13.04,2.056,12816.8
AC-1025,132,2.53,8.7,670.9,12.47,2.058,12804.5
AC-1025,133,2.557,10.8,668.7,12.74,2.22,12811.1
AC-1025,134,1.969,6.8,674.9,12.87,2.345,12823.6
AC-1025,135,2.607,11.8,699.6,13.05,2.083,12832.2
AC-1025,136,2.275,7.2,681.6,12.05,2.277,12805.1
AC-1025,137,1.715,12.1,703.7,12.64,2.346,12857.7
AC-1025,138,2.172,11.2,705.4,12.49,2.297,12807.5
AC-1025,139,2.124,11.4,689.7,13.01,2.207,12752.9
AC-1025,140,1.851,10.6,680.0,13.05,2.189,12840.9
AC-1025,141,2.263,12.7,697.0,13.14,2.166,12798.5
AC-1025,142,2.94,8.8,695.0,12.64,2.168,12791.8
AC-1025,143,2.421,10.9,712.8,11.97,2.236,12773.0
AC-1025,144,2.078,9.7,699.9,12.1,2.174,12779.3
AC-1025,145,2.411,12.7,687.7,12.78,2.12,12830.3
AC-1026,1,2.325,10.5,662.1,13.7,1.91,12841.8
AC-1026,2,1.927,12.4,635.7,12.9,2.06,12817.0
AC-1026,3,2.317,7.8,638.9,13.59,1.994,12843.1
AC-1026,4,1.731,10.2,639.9,13.46,1.986,12752.9
AC-1026,5,1.42,8.4,661.3,13.64,2.037,12798.4
AC-1026,6,1.699,10.9,634.5,13.53,2.025,12823.8
AC-1026,7,2.327,10.1,639.5,13.89,1.92,12742.4
AC-1026,8,1.764,8.4,650.5,13.79,2.016,12822.3
AC-1026,9,2.108,10.5,650.0,13.63,2.114,12730.8
AC-1026,10,2.006,10.4,646.2,12.62,2.054,12849.5
AC-1026,11,1.982,12.7,638.3,13.6,1.988,12739.0
AC-1026,12,1.891,6.3,664.3,12.73,1.93,12849.1
AC-1026,13,1.879,12.7,664.1,13.11,2.115,12782.7
AC-1026,14,1.995,12.7,643.8,13.0,2.062,12785.9
AC-1026,15,2.063,7.5,662.7,13.46,1.981,12841.8
AC-1026,16,2.157,11.3,661.1,13.48,2.065,12825.3
AC-1026,17,2.244,10.6,644.5,13.47,2.033,12849.8
AC-1026,18,2.045,12.3,640.4,13.23,1.945,12777.8
AC-1026,19,1.904,12.8,654.4,12.95,2.037,12770.5
AC-1026,20,2.209,11.6,644.0,13.45,2.001,12811.1
AC-1026,21,1.764,13.1,662.6,13.92,1.934,12752.1
AC-1026,22,1.724,11.7,641.3,13.47,2.002,12788.7
AC-1026,23,1.966,8.4,662.6,13.28,2.08,12806.1
AC-1026,24,2.373,12.0,660.2,14.14,1.99,12799.8
AC-1026,25,1.929,10.5,633.1,13.5,1.821,12794.7
AC-1026,26,2.086,9.5,648.1,13.33,2.005,12826.2
AC-1026,27,1.738,5.5,650.7,13.26,1.87,12786.5
AC-1026,28,2.551,8.7,661.3,13.9,2.065,12800.4
AC-1026,29,2.371,12.6,629.2,13.7,2.045,12850.4
AC-1026,30,1.607,13.4,639.9,13.35,2.001,12730.5
AC-1026,31,1.827,8.9,633.6,13.59,1.99,12798.2
AC-1026,32,2.179,11.7,646.6,13.37,2.08,12842.4
AC-1026,33,2.191,6.9,643.9,13.74,2.075,12747.7
AC-1026,34,2.181,12.3,652.0,13.88,2.021,12715.4
AC-1026,35,1.919,11.9,647.0,13.6,1.986,12808.5
AC-1026,36,2.014,9.5,642.0,13.83,2.055,12726.6
AC-1026,37,1.555,9.1,657.1,12.89,2.022,12729.9
AC-1026,38,1.964,9.0,648.0,13.11,1.987,12770.5
AC-1026,39,2.033,10.1,656.1,13.94,2.021,12709.1
AC-1026,40,1.674,10.4,638.2,14.27,2.037,12814.9
AC-1026,41,1.7,10.2,655.1,13.63,2.094,12796.5
AC-1026,42,2.243,11.6,671.7,13.81,1.993,12782.5
AC-1026,43,1.763,7.8,660.1,13.11,2.123,12720.7
AC-1026,44,1.835,7.7,652.7,13.57,2.158,12823.4
AC-1026,45,1.762,8.9,629.3,13.21,2.043,12782.7
AC-1026,46,2.359,8.5,645.8,13.03,1.988,12853.6
AC-1026,47,1.922,10.4,644.8,13.37,1.959,12805.2
AC-1026,48,1.83,9.3,652.3,13.08,2.059,12822.7
AC-1026,49,1.923,13.3,646.0,14.25,2.042,12840.3
AC-1026,50,1.676,11.8,657.1,12.85,2.074,12805.7
AC-1026,51,2.141,12.3,650.4,13.44,1.855,12789.4
AC-1026,52,2.111,11.4,655.4,12.58,1.834,12812.0
AC-1026,53,1.884,11.3,657.7,13.39,2.03,12766.9
AC-1026,54,2.508,9.0,668.1,13.38,2.033,12787.4
AC-1026,55,2.169,12.6,649.2,13.59,2.124,12777.9
AC-1026,56,1.588,12.9,644.1,13.93,2.015,12804.8
AC-1026,57,1.9,9.2,654.1,13.71,2.079,12802.1
AC-1026,58,1.808,12.1,667.8,13.32,1.881,12759.8
AC-1026,59,2.366,9.1,633.7,13.03,1.978,12794.4
AC-1026,60,1.801,8.6,648.1,12.91,2.019,12775.2
AC-1026,61,2.307,8.4,664.9,13.46,1.98,12822.4
AC-1026,62,2.348,12.6,651.0,13.24,1.998,12855.9
AC-1026,63,2.23,10.0,639.7,13.54,1.848,12802.4
AC-1026,64,1.898,11.3,680.2,13.42,1.938,12785.8
AC-1026,65,2.049,6.7,648.8,13.25,2.02,12811.0
AC-1026,66,2.279,11.7,660.4,13.46,1.92,12809.3
AC-1026,67,1.886,8.6,645.7,13.5,2.063,12786.2
AC-1026,68,2.143,8.2,673.5,12.87,2.074,12786.1
AC-1026,69,2.1,11.4,671.9,13.94,2.069,12791.2
AC-1026,70,1.97,12.3,626.7,12.85,2.137,12706.3
AC-1026,71,1.932,10.4,656.9,13.24,1.928,12891.2
AC-1026,72,1.717,9.2,647.8,13.8,2.027,12820.0
AC-1026,73,1.726,13.8,651.7,13.43,2.035,12666.8
AC-1026,74,1.538,13.8,650.7,13.4,2.087,12782.2
AC-1026,75,2.02,9.8,644.2,13.62,1.983,12922.8
AC-1026,76,2.062,10.9,641.1,13.86,1.943,12789.5
AC-1026,77,1.915,7.8,664.9,13.52,2.087,12794.7
AC-1026,78,1.846,10.3,664.7,12.66,2.01,12797.3
AC-1026,79,1.728,9.7,646.2,14.0,2.066,12831.6
AC-1026,80,1.585,7.0,637.9,12.88,2.061,12703.2
AC-1026,81,1.762,9.8,645.7,13.55,1.963,12701.8
AC-1026,82,2.008,10.2,665.6,13.15,2.061,12823.1
AC-1026,83,1.909,12.6,639.5,14.0,2.084,12762.9
AC-1026,84,1.713,10.5,631.1,12.98,2.111,12794.3
AC-1026,85,1.784,9.2,661.7,13.81,2.113,12837.5
AC-1026,86,2.024,9.9,657.1,13.32,2.157,12719.2
AC-1026,87,2.061,11.8,658.3,13.83,1.978,12764.2
AC-1026,88,2.345,12.5,657.1,13.95,2.057,12830.4
AC-1026,89,2.599,13.0,659.0,13.63,1.957,12837.3
AC-1026,90,2.198,10.8,654.3,14.19,2.155,12759.9
AC-1026,91,2.222,11.6,644.3,13.46,2.144,12799.3
AC-1026,92,1.658,11.5,629.1,13.21,2.108,12754.1
AC-1026,93,2.447,11.4,639.4,13.08,2.11,12845.1
AC-1026,94,2.072,7.9,667.4,13.55,2.153,12743.6
AC-1026,95,1.723,11.6,673.6,13.32,1.964,12729.8
AC-1026,96,1.926,9.4,650.0,13.4,2.166,12752.7
AC-1026,97,2.374,9.6,669.4,13.09,2.125,12702.8
AC-1026,98,2.336,9.7,655.3,13.27,2.054,12732.5
AC-1026,99,1.82,11.5,637.5,13.46,1.899,12739.6
AC-1026,100,2.002,8.3,637.7,13.48,2.046,12756.7
AC-1026,101,1.924,11.6,651.6,13.62,2.042,12781.3
AC-1026,102,1.834,5.9,637.3,13.5,1.96,12762.7
AC-1026,103,1.651,8.0,632.6,13.6,2.27,12787.7
AC-1026,104,2.575,10.7,640.2,13.53,2.273,12781.0
AC-1026,105,2.042,10.8,651.8,13.11,2.129,12698.3
AC-1026,106,2.13,9.9,652.2,13.89,2.199,12758.5
AC-1026,107,1.545,10.8,656.1,13.53,2.055,12773.3
AC-1026,108,1.835,15.7,658.1,13.96,2.105,12756.1
AC-1026,109,1.759,10.9,653.4,13.73,2.064,12821.7
AC-1026,110,2.467,9.8,656.0,13.65,2.13,12744.9
AC-1026,111,2.008,8.8,653.5,13.47,2.151,12726.3
AC-1026,112,1.949,11.5,669.4,13.38,2.153,12748.0
AC-1026,113,1.964,11.4,649.8,13.53,2.158,12688.9
AC-1026,114,2.051,12.1,653.7,13.56,1.971,12669.7
AC-1026,115,2.323,10.6,651.8,13.58,2.04,12820.8
AC-1026,116,1.997,8.9,647.8,13.5,2.038,12712.3
AC-1026,117,2.324,14.1,660.3,14.17,2.041,12761.2
AC-1026,118,2.104,12.1,645.3,13.31,2.128,12727.5
AC-1026,119,2.275,9.5,644.4,13.62,2.222,12823.6
AC-1026,120,1.913,10.9,664.8,13.36,2.303,12640.0
AC-1026,121,1.998,10.3,652.3,13.62,2.035,12663.2
AC-1026,122,1.986,9.6,667.6,13.45,2.128,12820.9
AC-1026,123,1.989,11.1,656.8,13.29,2.362,12707.5
AC-1026,124,1.827,10.9,656.7,12.82,2.104,12702.6
AC-1026,125,1.822,7.7,666.9,13.13,1.982,12850.0
AC-1026,126,2.07,12.8,634.9,13.67,2.195,12725.8
AC-1026,127,1.747,12.9,652.0,13.19,2.132,12676.7
AC-1026,128,1.502,13.8,638.9,13.47,2.046,12705.6
AC-1026,129,1.96,13.1,668.9,13.85,2.185,12641.3
AC-1026,130,2.03,12.1,685.6,13.06,2.082,12877.7
AC-1026,131,2.702,13.2,639.2,13.97,2.062,12673.0
AC-1026,132,2.132,12.3,685.4,13.16,2.122,12698.6
AC-1026,133,1.965,8.7,652.7,13.8,2.11,12685.0
AC-1026,134,2.381,11.0,662.7,13.18,2.109,12719.4
AC-1026,135,1.826,9.0,655.9,14.02,2.176,12741.7
AC-1026,136,2.025,12.2,670.7,13.67,2.196,12728.3
AC-1026,137,2.422,12.4,662.9,13.64,2.273,12727.5
AC-1026,138,1.725,11.3,640.1,13.64,2.007,12746.8
AC-1026,139,1.978,9.5,655.7,13.15,2.341,12713.7
AC-1026,140,1.494,11.7,686.5,13.3,2.122,12694.8
AC-1026,141,1.742,8.9,663.2,13.58,2.228,12777.3
AC-1026,142,2.427,11.3,677.1,13.05,2.243,12704.1
AC-1026,143,1.897,15.3,664.3,13.77,2.18,12715.2
AC-1026,144,1.728,14.4,675.4,13.36,2.154,12712.5
AC-1026,145,1.868,15.5,679.7,13.57,2.204,12646.3
AC-1026,146,1.532,12.1,646.3,14.35,2.221,12748.0
AC-1026,147,2.032,14.2,670.4,14.05,2.034,12682.7
AC-1026,148,1.364,10.2,662.3,13.25,2.252,12664.6
AC-1026,149,2.182,15.6,689.3,13.57,2.281,12718.1
AC-1026,150,1.299,14.6,669.7,13.65,2.383,12717.9
AC-1026,151,1.979,16.1,635.9,13.97,2.355,12723.3
AC-1026,152,2.112,14.5,645.3,13.65,2.311,12634.4
AC-1026,153,2.092,11.4,659.9,13.75,2.343,12643.3
AC-1026,154,2.301,13.3,660.4,13.39,2.197,12662.7
AC-1026,155,2.134,10.1,644.1,13.34,2.173,12661.9
AC-1026,156,2.151,14.0,660.2,12.81,2.389,12603.3
AC-1026,157,2.108,13.2,662.1,13.5,2.306,12520.7
AC-1026,158,2.495,13.4,652.7,13.72,2.302,12572.9
AC-1026,159,1.602,16.3,681.4,13.43,2.267,12678.8
AC-1026,160,1.708,11.4,690.3,12.85,2.359,12671.4
AC-1026,161,1.933,10.6,669.2,13.77,2.227,12625.3
AC-1026,162,2.143,11.4,676.3,13.28,2.36,12678.1
AC-1026,163,2.063,12.6,682.4,13.07,2.37,12684.4
AC-1026,164,2.023,13.9,651.6,13.04,2.283,12576.7
AC-1026,165,2.147,11.0,677.2,13.31,2.315,12689.5
AC-1026,166,2.049,16.5,653.6,13.69,2.331,12555.7
AC-1026,167,1.989,17.1,672.7,13.56,2.505,12540.8
AC-1026,168,2.032,12.5,678.1,13.57,2.325,12584.0
AC-1026,169,2.37,17.3,669.2,13.38,2.34,12620.1
AC-1026,170,1.734,14.9,654.9,13.21,2.402,12625.6
AC-1026,171,2.116,14.8,655.3,13.35,2.277,12613.6
AC-1026,172,1.844,15.0,654.6,13.23,2.35,12617.3
AC-1026,173,2.163,16.7,685.1,13.55,2.503,12717.7
AC-1026,174,1.78,14.2,667.1,13.39,2.3,12585.9
AC-1026,175,1.865,14.1,677.4,13.58,2.379,12586.0
AC-1026,176,2.141,13.4,682.9,13.68,2.451,12596.2
AC-1026,177,2.297,17.1,654.8,13.98,2.444,12584.0
AC-1026,178,1.798,14.8,667.8,13.35,2.406,12564.0
AC-1026,179,2.048,12.0,685.6,13.59,2.469,12596.7
AC-1026,180,1.925,14.3,677.0,13.5,2.641,12476.7
AC-1026,181,1.653,21.4,685.0,14.09,2.521,12710.0
AC-1026,182,1.705,17.0,706.1,13.55,2.706,12560.4
AC-1026,183,1.903,13.7,662.9,12.76,2.63,12590.8
AC-1026,184,2.02,16.0,677.6,14.1,2.535,12491.7
AC-1026,185,1.811,18.9,679.1,13.69,2.617,12634.4
AC-1026,186,1.668,15.7,678.6,13.93,2.409,12557.0
AC-1026,187,2.013,14.9,687.4,13.76,2.513,12563.1
AC-1026,188,1.966,13.7,689.7,13.23,2.631,12663.9
AC-1026,189,1.798,16.2,669.6,13.52,2.427,12504.4
AC-1026,190,1.454,17.5,672.3,13.14,2.59,12440.7
AC-1026,191,2.249,17.3,700.6,13.79,2.629,12432.6
AC-1026,192,1.299,19.0,683.0,13.44,2.441,12411.8
AC-1026,193,1.823,15.4,677.4,13.08,2.611,12453.2
AC-1026,194,1.801,18.6,679.2,14.13,2.64,12570.8
AC-1026,195,2.074,18.9,691.8,13.79,2.411,12641.9
AC-1026,196,2.224,17.1,711.8,14.12,2.618,12566.4
AC-1027,1,2.176,9.3,653.9,13.64,2.105,12845.9
AC-1027,2,2.253,12.1,659.0,13.63,2.098,12837.8
AC-1027,3,1.81,5.9,657.1,13.54,2.08,12754.5
AC-1027,4,1.867,11.3,628.4,13.19,2.091,12839.9
AC-1027,5,1.693,11.3,636.6,13.84,1.936,12755.2
AC-1027,6,1.965,9.4,649.5,13.15,1.987,12797.1
AC-1027,7,2.612,13.5,630.4,13.52,1.95,12789.0
AC-1027,8,2.083,9.8,667.9,13.59,1.984,12756.0
AC-1027,9,1.922,12.1,632.1,13.28,2.051,12774.7
AC-1027,10,2.06,10.5,649.6,14.07,1.99,12839.2
AC-1027,11,2.082,11.6,656.3,12.77,2.106,12817.4
AC-1027,12,1.815,11.1,648.5,12.85,2.053,12879.7
AC-1027,13,2.306,10.6,635.1,13.4,2.069,12798.5
AC-1027,14,1.679,11.2,652.5,13.99,2.059,12767.5
AC-1027,15,2.081,11.9,641.8,12.95,1.974,12860.6
AC-1027,16,1.982,10.2,640.4,13.82,2.151,12809.8
AC-1027,17,1.898,10.5,640.3,13.4,2.026,12715.3
AC-1027,18,2.451,10.7,651.3,13.06,2.052,12795.8
AC-1027,19,2.264,8.8,654.8,13.94,2.067,12835.3
AC-1027,20,1.813,10.0,666.8,13.46,1.971,12818.6
AC-1027,21,2.073,11.9,648.6,13.68,1.943,12843.5
AC-1027,22,2.053,11.9,635.2,12.17,2.023,12961.2
AC-1027,23,1.706,9.9,658.6,13.29,2.077,12781.1
AC-1027,24,1.898,10.1,668.3,13.71,2.021,12779.5
AC-1027,25,1.949,13.6,645.9,13.07,2.007,12778.6
AC-1027,26,2.195,12.2,667.5,13.18,1.986,12773.0
AC-1027,27,2.299,7.2,656.6,13.21,2.034,12810.4
AC-1027,28,2.153,9.0,660.2,12.74,2.188,12862.3
AC-1027,29,2.046,14.2,658.0,13.78,1.931,12769.5
AC-1027,30,2.046,11.7,645.7,13.34,2.096,12794.8
AC-1027,31,1.81,10.7,671.5,13.88,2.07,12802.3
AC-1027,32,1.881,10.4,653.4,13.65,1.907,12840.1
AC-1027,33,2.103,9.7,656.7,14.13,2.022,12758.0
AC-1027,34,1.603,9.4,649.2,13.61,1.906,12769.5
AC-1027,35,2.217,11.5,660.4,13.57,2.092,12736.6
AC-1027,36,1.792,9.8,659.9,14.02,2.177,12744.7
AC-1027,37,1.97,12.6,677.8,13.78,1.859,12770.6
AC-1027,38,2.136,10.5,660.7,14.1,1.977,12804.1
AC-1027,39,1.85,10.4,668.2,13.77,2.143,12819.4
AC-1027,40,2.24,12.3,638.9,14.05,1.906,12820.7
AC-1027,41,1.969,10.3,668.4,13.33,1.922,12851.7
AC-1027,42,2.216,10.3,633.6,13.19,2.09,12792.6
AC-1027,43,1.82,10.6,659.9,13.84,2.05,12784.9
AC-1027,44,1.774,8.6,637.2,13.21,1.878,12811.1
AC-1027,45,1.861,8.9,649.2,13.81,1.879,12818.0
AC-1027,46,1.987,13.2,646.0,12.83,1.944,12746.4
AC-1027,47,2.117,8.8,652.7,13.78,1.929,12819.5
AC-1027,48,2.346,9.6,647.7,13.89,2.007,12772.1
AC-1027,49,1.665,5.7,643.4,12.6,2.038,12798.9
AC-1027,50,2.258,15.1,638.6,13.14,2.014,12824.8
AC-1027,51,1.827,9.6,653.0,13.4,1.975,12756.0
AC-1027,52,2.054,14.6,653.5,13.56,1.908,12859.5
AC-1027,53,1.744,13.1,634.5,13.52,1.986,12851.9
AC-1027,54,2.429,10.1,656.2,13.22,1.999,12787.6
AC-1027,55,1.248,7.9,641.2,13.62,1.948,12739.9
AC-1027,56,2.084,12.6,642.8,13.74,2.07,12725.6
AC-1027,57,2.044,10.2,646.6,13.46,1.916,12750.4
AC-1027,58,1.51,10.0,659.6,13.99,1.856,12769.3
AC-1027,59,1.83,11.4,637.6,13.12,1.97,12726.3
AC-1027,60,2.066,16.0,680.1,13.42,1.911,12744.3
AC-1027,61,2.329,10.2,646.4,12.55,2.044,12814.6
AC-1027,62,1.778,10.9,662.6,13.71,2.076,12753.0
AC-1027,63,2.413,12.4,647.6,13.08,1.984,12821.6
AC-1027,64,2.063,9.3,670.1,13.86,2.143,12801.0
AC-1027,65,2.173,15.9,639.4,13.63,1.993,12706.0
AC-1027,66,1.94,12.8,634.5,13.7,2.209,12765.9
AC-1027,67,2.489,8.8,656.7,13.65,2.006,12793.5
AC-1027,68,2.359,11.1,655.3,14.32,2.08,12817.5
AC-1027,69,1.937,15.3,650.9,13.41,2.112,12840.5
AC-1027,70,2.114,11.1,649.3,13.99,1.951,12837.5
AC-1027,71,1.649,14.1,660.4,13.74,1.895,12745.9
AC-1027,72,2.366,15.3,648.0,13.67,1.92,12753.5
AC-1027,73,2.457,12.6,632.7,13.21,2.005,12770.9
AC-1027,74,2.043,13.6,668.5,13.5,1.938,12832.2
AC-1027,75,2.006,10.8,638.9,12.84,1.931,12764.3
AC-1027,76,2.2,9.2,668.8,13.19,2.053,12826.0
AC-1027,77,2.135,12.9,664.0,13.75,2.152,12773.0
AC-1027,78,1.52,11.3,657.2,13.84,2.147,12820.4
AC-1027,79,2.219,17.1,663.4,14.2,2.163,12849.8
AC-1027,80,2.715,11.5,680.2,13.23,1.999,12808.0
AC-1027,81,2.1,13.2,651.8,13.04,1.938,12826.4
AC-1027,82,1.895,16.4,666.9,13.19,2.0,12841.4
AC-1027,83,2.377,10.9,642.6,13.88,1.948,12817.5
AC-1027,84,2.28,14.6,671.7,13.0,2.045,12761.3
AC-1027,85,2.111,15.2,641.8,13.38,1.974,12796.2
AC-1027,86,2.25,12.4,652.9,13.78,2.04,12795.9
AC-1027,87,2.441,13.2,636.9,13.7,2.029,12818.4
AC-1027,88,1.982,17.0,650.8,13.72,1.992,12811.3
AC-1027,89,2.355,10.4,642.4,13.81,2.135,12718.3
AC-1027,90,2.707,14.3,649.6,12.99,2.036,12782.3
AC-1027,91,2.848,15.7,639.6,13.24,1.956,12739.9
AC-1027,92,2.142,14.3,633.3,12.98,2.094,12835.6
AC-1027,93,2.377,18.4,646.0,13.03,1.926,12777.1
AC-1027,94,2.588,12.1,666.6,13.5,1.995,12783.8
AC-1027,95,2.314,15.0,658.4,13.1,2.038,12838.7
AC-1027,96,2.805,16.6,670.0,13.81,1.976,12866.5
AC-1027,97,2.285,19.2,654.6,13.1,2.016,12742.1
AC-1027,98,2.503,19.2,670.0,13.53,1.917,12882.8
AC-1027,99,2.425,14.1,652.5,13.49,2.091,12785.1
AC-1027,100,2.475,14.9,647.9,13.44,1.89,12794.0
AC-1027,101,2.366,17.3,675.8,14.04,1.877,12737.1
AC-1027,102,2.459,18.6,670.9,13.38,1.93,12826.7
AC-1027,103,2.106,17.8,641.2,13.4,2.02,12765.5
AC-1027,104,2.678,13.8,642.4,13.5,2.075,12895.0
AC-1027,105,2.725,17.5,663.3,13.89,2.049,12809.9
AC-1027,106,2.937,18.7,686.3,13.51,1.909,12720.9
AC-1027,107,2.624,16.2,669.6,13.57,2.162,12849.5
AC-1027,108,3.041,20.5,662.1,14.29,2.016,12823.3
AC-1027,109,3.161,20.3,671.1,13.89,2.09,12803.3
AC-1027,110,2.684,20.9,666.6,13.39,1.98,12759.0
AC-1027,111,2.27,16.3,640.2,13.19,1.925,12805.3
AC-1027,112,2.932,20.0,650.3,13.08,1.938,12767.6
AC-1027,113,2.754,20.1,669.6,14.13,2.033,12781.9
AC-1027,114,2.575,18.0,679.2,13.33,1.987,12892.5
AC-1027,115,2.711,21.4,650.2,12.7,2.029,12759.0
AC-1028,1,2.174,6.6,642.5,12.72,1.971,12711.7
AC-1028,2,2.402,9.8,656.1,13.46,2.166,12745.6
AC-1028,3,1.913,9.9,640.4,13.35,1.881,12835.2
AC-1028,4,1.842,12.7,656.2,13.25,1.919,12816.9
AC-1028,5,2.039,11.6,663.0,13.26,1.936,12778.4
AC-1028,6,2.02,12.1,640.9,13.25,2.026,12816.9
AC-1028,7,2.109,9.0,647.6,13.27,1.906,12767.5
AC-1028,8,1.595,10.6,634.6,13.26,1.952,12853.1
AC-1028,9,2.334,10.4,678.0,13.5,1.961,12757.7
AC-1028,10,2.074,8.6,641.3,13.2,1.935,12819.5
AC-1028,11,2.063,11.3,648.6,13.33,1.943,12714.3
AC-1028,12,2.057,13.9,646.3,13.57,1.977,12878.8
AC-1028,13,1.875,10.2,650.3,14.11,2.082,12756.5
AC-1028,14,2.131,8.9,665.6,13.88,2.084,12783.9
AC-1028,15,2.191,10.5,655.8,13.56,1.943,12848.1
AC-1028,16,2.339,9.1,642.5,14.17,2.154,12742.2
AC-1028,17,1.864,13.0,634.8,13.98,2.076,12812.6
AC-1028,18,1.868,7.1,655.7,13.78,2.045,12790.7
AC-1028,19,2.27,9.6,650.9,13.41,1.938,12794.7
AC-1028,20,1.866,10.5,648.3,13.93,2.039,12812.8
AC-1028,21,2.099,9.5,634.5,14.08,1.95,12775.9
AC-1028,22,2.202,12.0,659.4,13.3,2.107,12718.8
AC-1028,23,1.877,9.8,645.3,13.23,1.897,12777.8
AC-1028,24,2.159,9.3,666.2,13.53,2.055,12761.9
AC-1028,25,2.156,9.5,657.0,13.13,2.062,12769.0
AC-1028,26,1.916,12.2,668.5,13.92,1.919,12702.7
AC-1028,27,1.795,10.1,625.8,13.13,2.005,12807.8
AC-1028,28,1.495,11.1,657.2,13.39,2.006,12775.2
AC-1028,29,2.146,5.2,634.2,13.48,2.012,12812.8
AC-1028,30,2.324,4.2,648.0,13.37,2.104,12767.0
AC-1028,31,1.931,8.1,674.4,13.55,2.025,12779.6
AC-1028,32,1.992,14.5,666.0,13.09,2.042,12859.7
AC-1028,33,2.329,7.6,666.7,13.52,1.937,12870.3
AC-1028,34,2.356,10.5,655.8,13.34,1.944,12742.4
AC-1028,35,1.81,9.5,641.8,13.67,2.099,12792.8
AC-1028,36,2.116,14.3,649.2,13.59,1.979,12760.1
AC-1028,37,2.112,11.1,648.5,13.58,1.956,12768.5
AC-1028,38,1.836,9.7,663.2,13.23,2.138,12761.7
AC-1028,39,1.795,11.5,667.1,13.54,2.136,12790.5
AC-1028,40,1.783,11.9,660.0,13.69,2.002,12825.9
AC-1028,41,1.582,11.6,633.5,13.28,2.191,12807.8
AC-1028,42,1.871,10.0,666.7,13.7,2.093,12823.9
AC-1028,43,1.947,9.0,637.2,14.04,1.924,12771.4
AC-1028,44,1.79,12.5,640.9,13.45,1.994,12859.8
AC-1028,45,2.023,12.0,647.7,14.19,2.078,12836.1
AC-1028,46,2.349,7.5,657.8,13.97,2.073,12729.0
AC-1028,47,2.155,9.7,653.5,13.35,2.117,12833.6
AC-1028,48,2.044,11.1,642.4,13.48,1.963,12822.8
AC-1028,49,1.876,7.3,623.9,13.71,1.93,12784.5
AC-1028,50,2.076,9.9,650.8,13.62,2.08,12835.3
AC-1028,51,1.914,8.7,646.5,13.5,1.977,12806.6
AC-1028,52,1.685,11.9,621.5,13.84,1.948,12835.8
AC-1028,53,1.54,11.3,651.1,13.64,1.992,12812.7
AC-1028,54,2.187,8.6,663.9,13.4,2.013,12809.6
AC-1028,55,2.184,10.4,631.1,13.35,2.065,12857.1
AC-1028,56,1.46,10.4,660.5,13.76,1.994,12848.8
AC-1028,57,1.759,5.8,644.4,12.75,2.083,12864.1
AC-1028,58,2.421,11.2,653.7,13.61,2.049,12859.9
AC-1028,59,2.141,9.9,654.9,14.16,2.165,12794.1
AC-1028,60,2.239,9.7,626.7,13.63,2.009,12848.9
AC-1028,61,2.175,10.7,674.8,13.28,1.91,12858.9
AC-1028,62,2.065,9.4,651.4,13.56,2.143,12841.5
AC-1028,63,1.289,8.9,664.3,13.58,1.854,12811.6
AC-1028,64,1.601,7.9,646.7,13.53,2.085,12775.2
AC-1028,65,1.88,10.7,637.6,13.46,1.92,12835.6
AC-1028,66,1.462,7.8,622.9,13.6,2.081,12803.0
AC-1028,67,2.209,9.7,648.0,13.12,2.125,12864.1
AC-1028,68,1.978,10.9,658.5,13.6,1.927,12753.3
AC-1028,69,1.84,9.8,657.3,13.32,1.968,12917.8
AC-1028,70,2.296,12.9,664.1,13.1,2.022,12748.6
AC-1028,71,1.731,9.8,631.9,13.92,2.095,12777.0
AC-1028,72,2.329,11.9,664.8,13.52,2.092,12732.1
AC-1028,73,2.144,11.7,661.0,14.5,2.14,12881.3
AC-1028,74,1.607,13.2,670.1,13.3,2.031,12824.4
AC-1028,75,1.711,10.8,664.9,13.6,1.831,12800.1
AC-1028,76,2.334,9.9,643.4,14.07,1.975,12832.4
AC-1028,77,1.924,11.0,666.8,13.34,2.025,12885.7
AC-1028,78,1.697,11.2,654.3,13.57,1.861,12797.5
AC-1028,79,2.24,7.5,654.9,13.81,2.077,12835.0
AC-1028,80,1.733,10.6,639.3,13.53,2.026,12711.1
AC-1028,81,1.964,9.7,651.2,13.89,1.928,12885.1
AC-1028,82,1.997,9.9,647.6,13.34,1.949,12897.7
AC-1028,83,1.829,9.3,651.1,12.87,2.15,12883.5
AC-1028,84,2.087,11.3,644.2,13.25,2.025,12773.8
AC-1028,85,2.169,11.3,680.7,13.39,1.895,12816.0
AC-1028,86,1.713,11.1,648.6,13.57,2.09,12762.8
AC-1028,87,2.13,7.4,650.8,13.56,1.995,12745.5
AC-1028,88,1.977,12.4,660.2,13.52,1.946,12818.9
AC-1028,89,2.439,13.8,667.4,13.06,1.898,12804.9
AC-1028,90,1.859,10.1,652.1,14.05,2.061,12795.0
AC-1028,91,2.121,12.4,651.7,12.84,2.164,12854.2
AC-1028,92,1.711,10.9,653.5,12.95,2.004,12762.8
AC-1028,93,2.305,8.7,660.1,13.81,2.064,12776.7
AC-1028,94,1.972,12.4,649.9,13.03,1.904,12903.4
AC-1028,95,2.658,11.1,660.0,12.88,2.063,12898.7
AC-1028,96,2.083,6.6,658.2,12.71,1.957,12765.6
AC-1028,97,1.85,7.7,664.4,13.47,1.9,12782.6
AC-1028,98,1.876,10.7,642.7,13.31,2.022,12904.4
AC-1028,99,2.032,9.5,660.7,13.31,1.958,12845.8
AC-1028,100,2.084,12.6,653.9,13.69,1.942,12831.2
AC-1028,101,1.777,11.9,646.4,12.84,2.002,12758.5
AC-1028,102,2.464,8.3,639.0,13.54,2.079,12736.3
AC-1028,103,2.156,8.7,689.0,12.7,2.045,12759.6
AC-1028,104,1.892,11.7,662.6,13.85,2.126,12765.2
AC-1028,105,2.128,10.7,656.2,13.42,2.125,12856.1
AC-1028,106,2.123,10.2,658.4,13.23,2.134,12692.0
AC-1028,107,2.394,10.6,664.5,12.72,2.217,12740.8
AC-1028,108,1.998,10.7,653.3,13.0,2.012,12844.1
AC-1028,109,1.885,13.6,680.8,13.33,2.146,12790.1
AC-1028,110,2.204,6.4,676.2,13.09,2.154,12763.1
AC-1028,111,1.912,10.1,657.0,13.63,2.004,12805.0
AC-1028,112,2.19,3.8,676.3,12.95,2.009,12844.0
AC-1028,113,1.847,12.9,668.2,12.91,2.139,12863.7
AC-1028,114,2.192,13.0,655.1,12.61,2.214,12744.0
AC-1028,115,1.791,10.2,643.3,13.25,2.123,12843.4
AC-1028,116,1.977,8.4,671.5,13.19,2.149,12829.5
AC-1028,117,2.099,9.6,652.5,13.33,2.077,12787.4
AC-1028,118,2.069,9.2,664.4,12.81,1.924,12724.5
AC-1028,119,2.186,8.9,677.0,13.75,2.135,12774.3
AC-1028,120,1.829,12.6,653.5,12.82,2.06,12825.0
AC-1028,121,1.978,7.9,670.1,12.68,2.095,12752.9
AC-1028,122,2.43,11.6,670.9,13.64,1.984,12821.1
AC-1028,123,2.308,9.4,677.5,12.69,1.985,12776.5
AC-1028,124,2.254,9.1,670.4,12.9,2.056,12767.4
AC-1028,125,2.514,8.7,682.9,13.2,2.044,12840.0
AC-1028,126,1.843,8.7,677.2,12.98,2.125,12778.9
AC-1028,127,2.261,10.3,672.4,12.7,2.147,12783.6
AC-1028,128,2.134,13.9,663.1,13.06,2.17,12866.8
AC-1028,129,2.232,7.6,677.4,12.72,2.106,12882.9
AC-1028,130,2.126,11.1,672.1,12.64,2.236,12831.3
AC-1028,131,2.029,12.6,684.2,12.49,2.06,12880.6
AC-1028,132,2.225,8.0,665.2,12.59,2.076,12762.6
AC-1028,133,2.465,9.6,676.2,12.91,2.227,12797.7
AC-1028,134,1.786,10.0,660.2,12.75,2.199,12838.9
AC-1028,135,1.943,11.4,688.0,12.56,2.022,12693.1
AC-1028,136,2.019,11.2,699.1,12.86,2.071,12841.3
AC-1028,137,1.989,9.2,668.8,12.97,2.235,12798.2
AC-1028,138,2.338,13.3,668.4,12.32,2.18,12804.1
AC-1028,139,2.035,13.6,694.5,13.36,2.103,12762.4
AC-1028,140,2.676,7.1,688.7,12.54,2.147,12733.2
AC-1028,141,2.398,7.7,671.8,12.72,2.083,12847.7
AC-1028,142,2.043,8.1,673.9,12.93,2.179,12772.8
AC-1028,143,2.28,10.2,696.6,12.47,2.058,12760.7
AC-1028,144,2.453,10.7,668.3,12.48,2.233,12893.7
AC-1028,145,1.883,13.0,688.1,12.71,2.239,12865.5
AC-1028,146,1.843,10.2,684.7,12.2,2.093,12725.1
AC-1028,147,2.196,12.7,700.6,13.2,2.133,12786.8
AC-1028,148,2.177,8.9,681.6,12.57,2.147,12842.4
AC-1028,149,2.259,8.9,680.2,11.94,2.204,12842.3
AC-1028,150,2.35,9.1,675.0,13.03,2.156,12815.6
AC-1028,151,2.453,7.9,719.0,12.36,2.159,12817.0
AC-1028,152,2.601,6.5,696.8,13.09,2.263,12786.3
AC-1028,153,2.572,11.2,693.5,12.99,2.294,12847.5
AC-1028,154,2.2,12.6,691.0,12.05,2.136,12799.2
AC-1028,155,2.405,7.0,710.2,12.54,2.161,12826.8
AC-1028,156,2.589,11.3,695.6,11.72,2.386,12838.7
AC-1028,157,2.438,12.1,706.0,12.68,2.109,12811.9
AC-1028,158,2.373,11.1,708.4,12.52,2.093,12838.6
AC-1028,159,2.939,5.9,708.2,11.85,2.209,12777.2
AC-1028,160,2.181,8.1,694.2,12.07,2.148,12785.8
AC-1028,161,2.394,7.7,697.6,11.22,2.219,12807.0
AC-1028,162,2.332,9.0,715.5,11.85,2.395,12819.2
AC-1028,163,2.439,11.6,719.8,12.53,2.144,12762.8
AC-1028,164,2.275,11.4,706.4,12.57,2.404,12805.6
AC-1028,165,1.984,9.8,710.8,12.17,2.328,12810.9
AC-1028,166,1.826,10.5,701.0,12.11,2.232,12819.9
AC-1028,167,2.315,13.5,706.7,12.05,2.358,12772.7
AC-1028,168,2.488,9.2,710.7,12.46,2.348,12735.6
AC-1028,169,2.376,8.8,700.7,11.81,2.282,12793.5
AC-1028,170,1.743,8.8,718.8,12.03,2.199,12783.8
AC-1028,171,1.889,11.8,709.8,12.39,2.238,12792.6
AC-1028,172,1.799,9.3,728.7,11.81,2.204,12822.5
AC-1028,173,2.427,11.7,728.6,12.09,2.246,12853.0
AC-1028,174,2.288,10.4,705.5,11.83,2.29,12781.2
AC-1028,175,2.283,7.3,727.0,12.12,2.517,12819.5
AC-1028,176,2.337,6.7,710.8,12.0,2.259,12803.0
AC-1028,177,1.805,8.6,718.5,11.21,2.336,12755.1
AC-1028,178,2.764,13.0,734.8,11.61,2.514,12822.6
AC-1028,179,2.749,10.2,722.6,11.5,2.349,12804.9
AC-1028,180,2.679,10.5,712.6,12.07,2.33,12844.8
AC-1028,181,2.116,6.6,758.5,11.51,2.373,12831.3
AC-1028,182,2.172,10.4,718.2,12.02,2.241,12756.6
AC-1028,183,2.326,10.1,720.9,12.19,2.437,12745.8
AC-1028,184,2.474,9.0,725.9,11.77,2.293,12831.1
AC-1028,185,2.1,7.7,727.7,11.88,2.399,12849.4
AC-1028,186,2.499,10.9,726.2,11.7,2.338,12883.1
AC-1028,187,2.501,9.5,748.7,11.41,2.295,12803.5
AC-1028,188,2.13,8.2,746.5,12.18,2.407,12786.5
AC-1028,189,2.052,8.8,724.5,11.61,2.284,12795.1
AC-1028,190,2.27,10.7,730.3,11.35,2.452,12792.0
AC-1028,191,2.464,10.8,743.3,11.42,2.433,12812.2
AC-1028,192,2.269,11.8,742.1,11.7,2.462,12778.5
AC-1028,193,2.815,11.9,744.1,11.08,2.537,12820.6
AC-1028,194,2.254,11.7,734.3,11.85,2.481,12826.6
AC-1028,195,1.831,9.4,745.3,11.35,2.334,12830.6
AC-1028,196,2.918,7.7,753.0,11.32,2.481,12846.8
AC-1028,197,2.345,7.6,738.9,11.58,2.358,12905.6
AC-1028,198,2.468,8.3,774.6,11.54,2.54,12861.8
AC-1028,199,2.419,6.0,743.4,10.9,2.507,12755.2
AC-1028,200,2.546,7.2,756.7,10.35,2.35,12803.6
AC-1028,201,2.685,10.9,750.4,10.75,2.49,12750.7
AC-1028,202,2.77,9.2,757.1,10.94,2.479,12788.8
AC-1028,203,2.467,9.7,767.5,11.43,2.431,12828.2
AC-1028,204,2.682,10.4,741.8,11.89,2.536,12865.5
AC-1028,205,2.713,10.1,771.4,11.05,2.443,12901.7
AC-1028,206,2.687,5.8,771.3,11.21,2.722,12815.0
AC-1028,207,2.38,11.5,753.7,11.77,2.542,12776.3
AC-1028,208,2.49,8.4,780.1,11.25,2.501,12771.2
AC-1028,209,2.736,10.1,772.7,10.82,2.489,12809.0
AC-1028,210,2.55,10.0,780.8,11.18,2.458,12781.0
AC-1028,211,2.393,12.0,775.5,10.36,2.494,12778.1
AC-1028,212,2.574,9.1,766.6,10.63,2.589,12755.3
AC-1028,213,2.964,10.1,759.1,10.19,2.563,12796.6
AC-1028,214,2.264,13.1,780.5,10.73,2.592,12813.8
AC-1028,215,2.675,5.7,783.0,10.11,2.667,12791.5
AC-1029,1,1.851,11.0,640.7,13.47,2.061,12854.2
AC-1029,2,1.834,8.4,644.0,13.38,2.109,12842.6
AC-1029,3,1.641,8.1,646.8,12.59,1.965,12857.8
AC-1029,4,1.802,9.9,647.3,13.74,1.989,12829.8
AC-1029,5,1.735,8.3,642.6,13.74,2.007,12872.1
AC-1029,6,2.046,11.0,646.8,13.19,1.927,12809.5
AC-1029,7,1.706,7.7,643.0,13.8,1.979,12834.7
AC-1029,8,2.111,10.4,667.9,13.68,1.998,12852.9
AC-1029,9,2.304,11.9,642.4,13.29,1.818,12793.8
AC-1029,10,2.042,8.7,665.8,13.76,1.909,12881.1
AC-1029,11,1.831,9.2,653.5,13.37,1.828,12796.8
AC-1029,12,1.774,11.9,665.4,14.01,2.187,12848.5
AC-1029,13,1.61,8.7,648.3,13.61,2.008,12864.6
AC-1029,14,2.521,9.0,635.1,13.73,1.927,12777.7
AC-1029,15,2.042,9.1,627.3,13.35,1.954,12798.5
AC-1029,16,2.502,9.0,642.6,13.66,2.008,12754.1
AC-1029,17,2.191,7.9,637.9,13.35,1.981,12811.8
AC-1029,18,2.459,11.7,652.7,13.23,2.16,12784.7
AC-1029,19,1.944,9.7,657.2,13.86,1.917,12830.7
AC-1029,20,2.036,11.5,632.7,13.75,1.939,12838.8
AC-1029,21,2.348,9.3,631.2,13.76,2.147,12717.7
AC-1029,22,1.786,8.6,650.8,12.94,1.943,12842.5
AC-1029,23,1.837,11.7,643.6,13.57,2.014,12742.8
AC-1029,24,1.892,7.7,653.7,13.55,1.987,12722.7
AC-1029,25,1.975,11.4,655.2,13.07,1.87,12866.5
AC-1029,26,2.419,10.8,641.9,13.49,1.865,12809.4
AC-1029,27,1.983,8.4,643.3,13.96,2.043,12744.2
AC-1029,28,2.195,11.5,629.0,13.59,2.152,12867.6
AC-1029,29,1.816,9.2,660.4,13.76,2.095,12810.0
AC-1029,30,2.124,11.8,648.4,13.22,2.121,12855.6
AC-1029,31,1.819,8.2,648.0,12.87,2.02,12888.1
AC-1029,32,1.673,10.9,638.5,12.98,2.107,12813.2
AC-1029,33,1.87,12.0,644.4,13.9,1.971,12771.9
AC-1029,34,2.019,10.8,642.2,13.77,1.956,12842.8
AC-1029,35,1.92,9.0,643.0,13.42,2.055,12824.8
AC-1029,36,2.167,10.1,648.9,13.28,1.946,12929.1
AC-1029,37,1.903,14.1,626.2,13.36,2.022,12796.8
AC-1029,38,2.02,10.0,663.2,13.42,1.917,12724.2
AC-1029,39,1.784,8.8,636.7,13.87,1.938,12720.4
AC-1029,40,2.112,10.8,640.8,14.05,2.033,12819.1
AC-1029,41,1.829,12.3,654.5,13.99,1.843,12777.2
AC-1029,42,2.117,10.7,655.9,13.7,1.975,12800.5
AC-1029,43,1.859,6.7,652.6,13.11,1.921,12798.9
AC-1029,44,2.169,10.3,650.5,13.8,1.978,12868.0
AC-1029,45,1.646,12.2,626.5,13.79,2.006,12829.4
AC-1029,46,1.737,9.8,655.8,13.38,1.997,12815.9
AC-1029,47,2.23,10.6,653.4,12.71,1.966,12773.2
AC-1029,48,1.905,14.0,647.3,13.55,2.035,12722.4
AC-1029,49,1.676,13.4,643.1,13.61,2.018,12764.1
AC-1029,50,2.073,8.0,665.3,13.36,1.883,12861.6
AC-1029,51,2.165,10.3,652.0,13.96,2.161,12714.9
AC-1029,52,2.146,9.3,622.6,13.38,2.071,12786.3
AC-1029,53,2.246,9.5,632.6,12.67,2.085,12784.0
AC-1029,54,2.201,9.1,649.6,13.33,1.886,12836.1
AC-1029,55,2.267,8.3,655.5,14.05,2.03,12763.2
AC-1029,56,2.396,11.3,644.8,13.77,2.055,12786.0
AC-1029,57,1.9,8.5,644.0,13.5,2.063,12754.3
AC-1029,58,1.827,10.0,662.1,14.04,1.811,12856.7
AC-1029,59,2.052,5.7,640.0,13.6,1.834,12770.7
AC-1029,60,1.778,10.1,650.9,13.46,1.887,12779.9
AC-1029,61,2.258,9.1,650.2,13.48,2.018,12746.1
AC-1029,62,2.018,13.4,648.4,12.78,2.088,12802.5
AC-1029,63,1.617,10.7,635.1,13.67,2.077,12878.5
AC-1029,64,1.908,13.1,633.9,14.16,2.08,12737.9
AC-1029,65,1.795,10.1,624.6,13.73,1.96,12765.3
AC-1029,66,2.249,10.8,668.1,13.41,1.976,12855.2
AC-1029,67,1.863,10.4,649.8,12.98,2.009,12806.1
AC-1029,68,1.948,11.7,643.3,13.3,2.084,12793.0
AC-1029,69,1.99,10.4,665.8,14.04,1.9,12683.8
AC-1029,70,2.252,5.2,661.8,13.7,2.06,12761.6
AC-1029,71,1.925,7.2,657.4,12.82,2.083,12832.6
AC-1029,72,2.305,9.4,643.6,12.75,2.035,12789.1
AC-1029,73,2.567,6.7,664.9,13.44,2.041,12743.1
AC-1029,74,2.273,9.8,653.4,13.06,1.973,12761.7
AC-1029,75,1.815,12.2,655.5,13.82,1.913,12788.0
AC-1029,76,2.198,8.8,636.3,13.74,1.978,12724.0
AC-1029,77,2.076,11.2,654.3,13.55,2.041,12724.9
AC-1029,78,1.97,10.7,651.9,13.3,2.067,12751.3
AC-1029,79,2.069,10.8,652.6,13.58,1.994,12831.8
AC-1029,80,2.307,5.6,651.1,13.93,2.083,12752.2
AC-1029,81,2.077,9.8,650.9,13.51,2.12,12726.8
AC-1029,82,2.193,12.4,651.3,13.37,2.0,12782.3
AC-1029,83,1.604,8.9,618.7,13.83,2.156,12808.3
AC-1029,84,2.218,6.0,649.9,13.67,2.163,12724.6
AC-1029,85,2.188,10.3,638.6,12.86,2.068,12809.9
AC-1029,86,1.89,11.0,677.7,13.73,2.066,12747.5
AC-1029,87,2.334,8.3,625.4,13.33,2.219,12782.4
AC-1029,88,1.752,13.7,659.5,13.22,2.077,12767.0
AC-1029,89,2.003,9.4,659.3,14.09,2.051,12686.4
AC-1029,90,2.367,12.4,647.9,13.39,1.985,12752.0
AC-1029,91,2.103,9.8,663.7,13.83,1.981,12831.0
AC-1029,92,2.031,11.1,638.9,13.61,2.141,12759.8
AC-1029,93,1.73,11.7,670.8,13.95,2.211,12781.5
AC-1029,94,1.842,11.4,657.7,13.61,2.02,12737.1
AC-1029,95,2.113,16.1,655.1,13.67,2.134,12750.3
AC-1029,96,1.954,13.3,659.0,13.49,1.99,12736.6
AC-1029,97,2.081,5.5,659.2,13.33,2.031,12739.6
AC-1029,98,2.403,11.9,651.0,13.66,2.236,12779.2
AC-1029,99,2.125,9.2,646.8,13.32,2.044,12768.1
AC-1029,100,2.351,8.2,662.1,13.04,2.145,12844.2
AC-1029,101,2.071,9.0,672.3,13.99,1.989,12719.5
AC-1029,102,1.786,8.8,654.2,13.29,2.024,12833.8
AC-1029,103,2.322,12.7,647.8,13.92,2.208,12732.5
AC-1029,104,1.527,11.1,656.3,13.57,2.152,12870.2
AC-1029,105,2.185,7.6,642.4,13.5,2.081,12732.3
AC-1029,106,2.008,9.7,674.2,13.51,2.113,12742.4
AC-1029,107,1.597,12.4,679.9,13.66,2.137,12744.4
AC-1029,108,1.933,11.2,638.9,14.01,2.074,12835.9
AC-1029,109,2.289,11.5,664.6,14.09,2.061,12732.0
AC-1029,110,1.815,13.0,687.6,13.39,2.147,12613.2
AC-1029,111,2.03,11.6,652.4,13.62,2.182,12812.9
AC-1029,112,2.39,11.1,652.2,13.82,2.08,12736.9
AC-1029,113,2.163,11.2,673.7,13.89,2.309,12739.4
AC-1029,114,1.541,13.2,675.9,13.41,2.097,12779.2
AC-1029,115,2.155,14.6,644.4,13.16,1.964,12741.1
AC-1029,116,1.792,12.6,651.8,13.13,2.045,12764.4
AC-1029,117,1.672,13.8,657.0,13.86,2.177,12687.3
AC-1029,118,2.258,13.1,648.0,13.44,2.168,12784.0
AC-1029,119,2.121,8.0,667.2,13.11,2.141,12745.4
AC-1029,120,1.945,10.5,648.2,13.29,2.082,12759.3
AC-1029,121,2.037,10.6,666.8,12.52,2.074,12735.9
AC-1029,122,2.131,11.0,660.2,13.01,2.107,12693.9
AC-1029,123,1.612,10.6,659.6,13.31,2.244,12704.6
AC-1029,124,1.869,12.6,671.3,13.83,2.139,12582.4
AC-1029,125,2.164,10.1,670.3,13.87,2.295,12653.2
AC-1029,126,1.995,10.1,669.4,13.95,2.222,12659.4
AC-1029,127,2.329,13.9,660.7,13.73,2.146,12699.7
AC-1029,128,2.566,12.7,638.7,13.48,2.259,12682.8
AC-1029,129,1.746,14.0,639.8,13.28,2.147,12698.8
AC-1029,130,2.141,11.5,655.6,13.92,2.208,12866.6
AC-1029,131,2.082,13.3,658.6,13.81,2.236,12685.6
AC-1029,132,2.291,10.6,672.4,12.69,2.259,12707.7
AC-1029,133,2.459,12.8,665.0,13.31,2.25,12702.1
AC-1029,134,1.8,11.8,666.3,12.98,2.235,12623.6
AC-1029,135,1.875,12.5,685.5,12.75,2.307,12703.9
AC-1029,136,1.896,14.2,647.7,13.33,2.184,12769.6
AC-1030,1,1.834,9.1,652.6,13.31,1.975,12857.0
AC-1030,2,1.652,10.6,664.0,13.27,1.976,12795.3
AC-1030,3,2.183,8.1,641.5,13.48,1.948,12789.4
AC-1030,4,2.094,11.4,644.4,14.0,2.111,12819.3
AC-1030,5,1.763,7.5,641.6,13.57,2.105,12866.5
AC-1030,6,2.304,9.3,661.9,13.63,2.08,12803.3
AC-1030,7,1.757,11.8,668.5,12.54,2.149,12739.4
AC-1030,8,2.218,10.3,663.4,13.7,2.027,12784.7
AC-1030,9,2.393,12.7,659.6,13.21,2.077,12818.2
AC-1030,10,2.095,11.0,640.4,13.15,2.038,12899.7
AC-1030,11,2.26,9.3,638.0,13.85,1.923,12772.3
AC-1030,12,2.25,9.0,635.1,13.1,2.028,12797.7
AC-1030,13,1.826,6.7,626.2,13.94,2.037,12835.9
AC-1030,14,2.053,12.3,665.3,14.18,2.059,12843.4
AC-1030,15,1.718,7.4,654.7,13.19,1.961,12731.5
AC-1030,16,2.174,8.2,640.0,13.04,1.964,12806.0
AC-1030,17,1.935,11.4,649.3,13.27,1.988,12830.8
AC-1030,18,1.894,9.1,646.4,13.46,1.821,12799.8
AC-1030,19,2.326,7.3,647.2,13.88,1.952,12810.8
AC-1030,20,2.196,9.6,636.7,13.63,1.972,12723.9
AC-1030,21,2.46,10.2,655.8,13.47,2.137,12851.1
AC-1030,22,2.324,10.3,634.8,13.84,1.993,12744.6
AC-1030,23,1.996,13.3,649.0,12.88,1.861,12708.7
AC-1030,24,2.107,12.0,651.0,13.85,1.967,12726.1
AC-1030,25,1.852,9.5,639.0,13.69,1.884,12759.2
AC-1030,26,1.882,12.7,656.6,12.87,2.072,12837.1
AC-1030,27,1.807,9.5,643.7,13.37,1.994,12805.9
AC-1030,28,2.004,11.1,673.8,14.15,1.995,12837.1
AC-1030,29,1.924,5.5,651.8,13.73,2.033,12752.7
AC-1030,30,2.016,9.9,648.3,12.35,2.057,12766.6
AC-1030,31,1.68,8.2,646.8,14.08,1.868,12845.4
AC-1030,32,2.158,12.4,647.6,13.9,2.033,12868.0
AC-1030,33,2.079,11.1,663.5,13.28,1.914,12748.0
AC-1030,34,2.253,11.4,663.2,13.3,2.003,12826.4
AC-1030,35,1.999,11.5,653.2,12.71,2.045,12888.7
AC-1030,36,2.432,12.7,655.9,13.0,2.021,12840.3
AC-1030,37,2.242,7.6,659.8,13.43,2.001,12825.5
AC-1030,38,1.88,11.3,656.9,13.0,1.955,12842.1
AC-1030,39,2.059,10.1,650.9,13.6,1.998,12765.9
AC-1030,40,2.069,15.2,665.4,12.68,2.028,12757.0
AC-1030,41,2.242,10.3,665.3,13.56,2.037,12790.2
AC-1030,42,1.87,11.0,637.7,13.27,1.912,12752.5
AC-1030,43,1.955,7.9,641.7,13.04,2.004,12771.1
AC-1030,44,2.208,10.0,646.6,13.58,2.014,12768.3
AC-1030,45,2.287,10.7,647.8,13.66,1.996,12908.2
AC-1030,46,1.778,11.9,644.8,13.55,2.008,12805.3
AC-1030,47,2.221,7.9,639.3,12.97,2.05,12757.5
AC-1030,48,2.357,10.8,650.4,13.43,1.947,12765.5
AC-1030,49,2.096,12.9,628.6,13.18,1.977,12772.4
AC-1030,50,1.917,12.5,655.1,13.52,1.988,12836.6
AC-1030,51,1.992,8.4,648.0,13.12,2.039,12822.6
AC-1030,52,2.151,11.3,634.2,13.75,2.106,12873.1
AC-1030,53,1.767,16.2,646.1,13.81,1.985,12859.8
AC-1030,54,2.18,8.7,649.8,13.93,1.945,12795.1
AC-1030,55,1.884,8.6,658.2,13.25,1.867,12763.8
AC-1030,56,2.132,13.3,643.3,13.03,2.028,12773.2
AC-1030,57,2.116,10.2,662.5,13.68,2.044,12786.9
AC-1030,58,2.115,13.5,644.4,12.87,1.942,12856.1
AC-1030,59,2.452,13.1,630.9,14.13,2.183,12781.5
AC-1030,60,2.038,10.7,643.9,13.31,1.976,12777.5
AC-1030,61,1.876,12.5,655.5,14.04,2.039,12791.4
AC-1030,62,2.405,13.9,636.4,13.62,2.068,12852.5
AC-1030,63,2.619,10.9,643.7,12.93,2.01,12751.6
AC-1030,64,1.68,11.1,663.8,14.09,1.978,12827.6
AC-1030,65,2.627,10.7,647.5,13.22,1.985,12821.7
AC-1030,66,2.191,10.9,644.1,13.6,2.096,12814.7
AC-1030,67,2.331,9.7,648.1,13.19,2.009,12832.7
AC-1030,68,2.234,12.2,631.4,13.18,2.004,12776.2
AC-1030,69,1.951,13.3,659.9,13.51,1.945,12781.3
AC-1030,70,1.846,9.6,657.7,13.66,1.973,12851.4
AC-1030,71,1.951,14.2,652.9,14.03,2.034,12748.0
AC-1030,72,2.012,13.4,652.5,13.43,1.943,12736.8
AC-1030,73,1.886,11.4,632.9,13.43,1.99,12785.3
AC-1030,74,2.346,10.3,636.5,13.62,2.132,12795.4
AC-1030,75,2.329,14.2,665.2,13.66,1.91,12800.6
AC-1030,76,2.027,11.0,628.8,13.34,1.99,12845.3
AC-1030,77,2.903,13.6,637.6,13.34,2.001,12800.6
AC-1030,78,2.225,12.9,642.6,12.89,1.903,12760.0
AC-1030,79,2.793,17.0,671.7,13.51,1.992,12758.9
AC-1030,80,1.935,12.8,661.5,13.11,1.919,12764.7
AC-1030,81,2.173,11.4,657.6,13.79,1.987,12786.0
AC-1030,82,2.405,13.2,673.8,13.17,1.98,12827.6
AC-1030,83,2.284,17.2,654.4,13.77,1.978,12806.0
AC-1030,84,2.524,15.3,661.2,13.09,1.993,12847.7
AC-1030,85,2.322,10.6,649.9,13.66,1.996,12687.2
AC-1030,86,2.468,15.5,667.7,13.43,1.948,12768.3
AC-1030,87,2.274,17.7,652.5,13.3,1.973,12892.1
AC-1030,88,2.255,15.6,655.6,13.62,1.914,12750.8
AC-1030,89,2.809,16.3,643.9,14.31,2.076,12804.5
AC-1030,90,2.162,15.6,669.6,13.25,2.05,12727.7
AC-1030,91,2.178,14.6,649.5,14.12,1.87,12787.4
AC-1030,92,2.569,15.9,635.7,13.69,2.124,12796.6
AC-1030,93,2.134,14.7,655.5,13.7,1.943,12801.3
AC-1030,94,2.735,12.9,664.9,13.44,1.978,12806.6
AC-1030,95,2.125,15.3,661.8,12.95,1.924,12787.1
AC-1030,96,2.745,15.4,665.9,13.67,2.003,12774.2
AC-1030,97,2.69,14.1,669.2,13.13,2.083,12881.1
AC-1030,98,2.424,19.9,649.2,13.1,1.975,12760.2
AC-1030,99,2.376,14.6,653.7,13.29,1.9,12814.7
AC-1030,100,2.532,18.4,656.8,12.97,1.902,12778.3
AC-1030,101,2.613,12.1,657.3,13.72,2.095,12813.0
AC-1030,102,2.77,20.0,658.6,13.45,1.989,12784.1
AC-1030,103,2.681,17.9,663.7,13.83,2.029,12821.4
AC-1030,104,2.599,17.2,658.0,13.57,2.08,12768.0
AC-1030,105,2.378,19.2,666.3,13.57,1.877,12836.0
AC-1030,106,2.694,18.3,661.5,13.32,1.943,12808.7
AC-1030,107,2.721,17.1,651.8,13.46,2.069,12809.9
AC-1030,108,2.302,20.3,672.3,13.1,2.012,12793.6
AC-1030,109,2.763,19.0,656.9,13.04,1.995,12806.0
AC-1030,110,2.627,22.5,642.9,13.84,1.821,12818.8
AC-1030,111,2.426,18.9,652.4,14.04,2.047,12835.2
AC-1030,112,2.99,20.6,648.0,13.01,2.033,12767.3
AC-1030,113,2.878,20.5,672.3,13.45,1.901,12831.3
AC-1030,114,3.191,24.2,665.7,13.58,1.895,12783.8
AC-1030,115,3.168,24.5,669.6,13.46,2.125,12756.6
AC-1030,116,2.647,20.3,666.9,13.81,2.093,12784.0
AC-1030,117,2.813,23.2,654.4,13.79,2.085,12841.5
AC-1030,118,2.891,23.2,649.3,13.73,2.129,12841.0
AC-1030,119,2.77,20.4,663.1,13.68,1.884,12806.9
AC-1030,120,2.967,22.5,652.6,13.49,2.044,12859.6
AC-1030,121,3.244,24.5,661.7,14.11,2.026,12773.0
AC-1030,122,2.917,22.1,677.2,13.34,2.009,12836.5
AC-1030,123,3.075,22.4,682.3,13.41,2.015,12798.8
AC-1030,124,3.039,25.2,661.3,13.21,1.988,12782.2
AC-1030,125,3.226,24.0,662.6,12.94,1.902,12850.4
AC-1030,126,3.199,23.4,689.8,13.86,2.013,12803.7
AC-1030,127,2.898,24.0,684.2,13.35,1.982,12812.2
AC-1030,128,3.173,26.0,656.0,13.97,2.019,12800.0
AC-1030,129,3.24,22.4,671.1,13.19,1.92,12802.9
AC-1030,130,3.344,25.6,681.1,13.66,1.909,12730.2
AC-1030,131,3.193,27.7,666.1,13.26,1.944,12753.4
AC-1030,132,3.343,34.6,665.6,13.96,2.029,12773.8
AC-1030,133,4.03,28.7,671.4,14.09,1.995,12867.6
AC-1030,134,3.608,27.7,679.2,13.61,1.982,12785.6
AC-1030,135,3.352,27.5,677.5,12.9,1.922,12788.3
AC-1030,136,4.089,30.9,663.0,13.29,2.166,12866.7
AC-1030,137,3.486,34.2,666.1,13.7,2.055,12823.6
AC-1030,138,3.587,31.1,659.3,13.17,1.966,12784.2
AC-1030,139,3.084,33.5,672.0,13.7,1.963,12815.0
AC-1030,140,3.641,31.7,682.3,13.09,1.932,12765.4
AC-1030,141,3.694,32.0,673.4,13.22,1.951,12842.1
AC-1030,142,3.24,34.1,675.6,13.46,1.901,12750.2
AC-1030,143,3.622,31.5,661.5,13.28,1.922,12818.2
AC-1030,144,3.882,33.1,670.8,12.8,2.004,12811.0
AC-1030,145,4.058,31.9,673.9,13.05,1.935,12763.1
AC-1030,146,4.241,33.1,682.7,13.32,1.876,12790.0
AC-1031,1,2.472,8.2,672.0,13.37,1.963,12838.5
AC-1031,2,1.865,9.1,648.0,13.17,1.855,12750.9
AC-1031,3,2.183,13.0,654.3,13.12,2.03,12744.1
AC-1031,4,2.009,8.7,643.6,13.39,2.042,12785.4
AC-1031,5,2.215,12.1,654.0,13.31,1.916,12926.4
AC-1031,6,2.267,9.3,652.2,13.09,1.903,12720.7
AC-1031,7,2.439,10.1,666.3,13.6,2.006,12887.8
AC-1031,8,1.488,8.4,678.4,13.44,1.946,12705.4
AC-1031,9,1.79,11.0,638.1,13.4,2.003,12830.3
AC-1031,10,2.129,12.2,624.6,13.41,1.976,12865.5
AC-1031,11,2.235,10.7,639.7,13.22,2.086,12824.6
AC-1031,12,2.068,9.7,665.1,13.61,1.999,12806.5
AC-1031,13,2.281,9.7,645.5,13.17,1.908,12854.9
AC-1031,14,2.51,10.9,636.0,13.37,2.009,12835.0
AC-1031,15,2.393,10.7,665.3,13.04,1.857,12914.6
AC-1031,16,2.271,13.0,649.3,13.57,1.849,12696.6
AC-1031,17,2.105,9.3,645.7,14.02,1.982,12884.3
AC-1031,18,2.405,10.7,650.9,13.56,2.102,12765.2
AC-1031,19,2.34,9.1,664.0,13.61,1.949,12834.6
AC-1031,20,1.719,9.4,656.1,13.08,2.121,12849.2
AC-1031,21,1.492,14.0,651.1,13.88,1.977,12836.1
AC-1031,22,1.582,9.8,631.3,13.14,2.023,12744.5
AC-1031,23,2.188,10.6,658.5,14.24,2.006,12759.3
AC-1031,24,2.335,11.5,620.3,13.65,1.995,12810.1
AC-1031,25,1.575,7.5,641.0,13.6,1.881,12863.6
AC-1031,26,1.828,10.4,641.2,13.78,1.807,12741.4
AC-1031,27,2.14,8.6,649.4,13.6,1.98,12841.3
AC-1031,28,1.698,8.6,634.8,13.58,2.053,12743.3
AC-1031,29,2.133,10.6,629.2,13.25,2.032,12813.9
AC-1031,30,1.952,8.5,659.4,13.35,1.952,12870.3
AC-1031,31,1.469,10.4,649.2,13.32,2.11,12773.4
AC-1031,32,2.321,10.3,646.6,14.27,2.021,12817.8
AC-1031,33,1.627,11.7,658.4,13.38,1.964,12873.1
AC-1031,34,2.099,9.8,643.8,13.42,1.987,12762.0
AC-1031,35,2.064,9.8,652.6,13.47,2.064,12827.7
AC-1031,36,1.999,8.3,659.0,13.51,1.927,12807.4
AC-1031,37,1.94,10.7,662.1,13.72,2.035,12830.4
AC-1031,38,2.171,12.2,628.2,12.75,1.926,12780.2
AC-1031,39,1.756,10.4,632.2,13.18,2.009,12751.2
AC-1031,40,1.748,9.4,648.1,13.36,1.964,12724.3
AC-1031,41,1.951,8.8,645.1,13.02,1.979,12756.5
AC-1031,42,1.875,9.9,663.1,13.45,2.041,12783.1
AC-1031,43,2.06,10.1,639.3,13.22,1.897,12789.7
AC-1031,44,2.088,11.6,658.0,13.42,2.07,12758.3
AC-1031,45,1.49,6.6,656.4,13.97,1.884,12824.5
AC-1031,46,1.931,12.6,647.8,13.0,1.917,12845.2
AC-1031,47,2.087,12.9,650.5,13.39,1.813,12827.8
AC-1031,48,2.012,11.0,660.7,13.24,1.904,12817.0
AC-1031,49,1.952,10.3,648.7,13.01,2.097,12832.7
AC-1031,50,2.452,6.5,678.3,13.82,1.963,12885.3
AC-1031,51,1.901,9.8,648.4,14.03,1.999,12778.2
AC-1031,52,2.099,9.8,643.9,13.28,1.912,12784.6
AC-1031,53,2.118,11.5,667.7,13.22,2.102,12765.3
AC-1031,54,1.761,8.5,660.6,13.74,2.065,12699.9
AC-1031,55,2.314,14.5,658.1,13.62,1.987,12765.6
AC-1031,56,2.565,12.4,653.8,13.57,2.029,12774.8
AC-1031,57,1.975,7.7,645.9,13.28,2.063,12789.5
AC-1031,58,1.93,9.3,661.5,13.06,2.091,12858.4
AC-1031,59,1.878,8.2,655.3,13.8,1.972,12780.8
AC-1031,60,2.501,11.3,672.3,13.23,2.009,12776.2
AC-1031,61,1.92,10.5,681.3,13.29,2.03,12856.6
AC-1031,62,2.155,10.2,655.9,13.77,2.028,12755.8
AC-1031,63,2.51,9.7,692.1,13.28,1.995,12737.1
AC-1031,64,1.58,12.5,661.1,13.83,2.092,12757.8
AC-1031,65,2.093,5.6,643.0,13.65,2.048,12817.1
AC-1031,66,2.356,9.1,628.8,13.43,2.024,12765.5
AC-1031,67,2.105,15.3,670.2,12.85,2.231,12829.3
AC-1031,68,2.258,9.3,671.0,13.61,2.034,12825.4
AC-1031,69,1.606,8.9,647.9,13.54,2.125,12851.1
AC-1031,70,2.193,8.6,638.2,13.37,2.142,12829.9
AC-1031,71,1.81,8.8,669.3,13.84,2.065,12780.8
AC-1031,72,1.876,12.0,631.5,13.11,1.969,12836.0
AC-1031,73,1.642,12.5,637.8,12.74,2.048,12851.3
AC-1031,74,2.123,8.4,664.4,13.39,2.021,12833.7
AC-1031,75,2.124,6.0,659.8,12.93,2.017,12800.9
AC-1031,76,2.196,9.4,657.0,13.98,1.974,12805.3
AC-1031,77,2.072,8.6,645.3,13.08,2.083,12761.6
AC-1031,78,2.055,8.6,657.3,12.93,2.01,12724.7
AC-1031,79,1.42,11.0,650.9,12.91,2.038,12845.4
AC-1031,80,1.919,10.4,678.8,13.34,2.075,12881.3
AC-1031,81,2.219,10.3,662.4,13.21,2.113,12751.5
AC-1031,82,2.311,11.7,667.2,13.43,1.948,12776.2
AC-1031,83,1.788,9.2,671.9,13.94,2.055,12774.4
AC-1031,84,1.868,9.1,657.0,13.04,1.903,12857.8
AC-1031,85,2.281,9.9,673.5,13.43,2.091,12774.9
AC-1031,86,2.634,5.5,654.8,12.79,2.073,12776.2
AC-1031,87,2.149,14.4,676.1,12.49,2.046,12796.3
AC-1031,88,1.873,9.2,678.1,13.22,2.157,12744.3
AC-1031,89,2.512,9.7,674.6,12.72,2.147,12822.6
AC-1031,90,2.051,8.6,677.1,13.52,2.086,12839.1
AC-1031,91,1.923,11.2,666.4,13.42,2.168,12764.7
AC-1031,92,1.734,7.6,674.0,13.01,2.125,12889.5
AC-1031,93,2.37,10.7,688.5,13.09,2.089,12808.8
AC-1031,94,2.238,8.1,662.4,12.84,2.073,12872.8
AC-1031,95,2.414,10.1,665.9,12.99,2.073,12871.8
AC-1031,96,1.839,9.1,666.4,13.4,2.161,12763.0
AC-1031,97,1.914,10.4,649.7,12.63,2.279,12759.9
AC-1031,98,1.802,8.6,688.5,13.12,2.047,12813.6
AC-1031,99,2.182,11.0,683.0,12.61,1.956,12753.8
AC-1031,100,2.281,9.9,686.0,12.76,2.14,12723.4
AC-1031,101,2.171,8.8,674.3,13.28,2.193,12832.0
AC-1031,102,1.966,7.8,703.5,13.85,2.198,12757.0
AC-1031,103,2.155,10.0,676.9,12.61,2.084,12760.2
AC-1031,104,2.79,12.3,697.6,12.88,2.122,12732.2
AC-1031,105,2.481,8.1,673.9,12.98,2.282,12819.5
AC-1031,106,2.387,11.0,681.2,12.9,2.292,12827.2
AC-1031,107,2.306,8.0,689.5,12.77,2.13,12774.9
AC-1031,108,1.908,11.7,682.4,12.41,2.298,12841.5
AC-1031,109,2.372,13.5,704.7,12.56,2.153,12767.4
AC-1031,110,2.218,10.6,719.3,12.48,2.187,12826.2
AC-1031,111,1.894,12.0,673.2,12.36,2.028,12796.0
AC-1031,112,2.057,10.0,687.5,12.7,2.139,12794.6
AC-1031,113,2.606,7.7,701.8,12.74,2.255,12832.0
AC-1031,114,2.44,7.9,711.9,12.55,2.144,12807.3
AC-1031,115,2.527,7.1,687.8,12.56,2.227,12748.9
AC-1031,116,2.237,10.7,706.5,12.53,2.195,12858.9
AC-1031,117,2.396,10.1,701.9,12.55,2.148,12885.7
AC-1032,1,2.265,9.4,664.1,13.32,1.945,12809.0
AC-1032,2,1.969,10.6,647.7,13.93,1.832,12785.4
AC-1032,3,2.269,11.1,656.0,14.01,2.14,12718.3
AC-1032,4,2.12,8.8,640.7,13.41,2.03,12838.2
AC-1032,5,2.356,7.6,636.9,12.85,1.978,12797.8
AC-1032,6,1.971,12.7,645.6,13.01,2.012,12769.1
AC-1032,7,1.64,11.5,643.2,13.65,2.064,12783.3
AC-1032,8,2.042,10.3,652.5,12.52,1.939,12783.3
AC-1032,9,2.05,11.5,644.7,13.64,1.905,12785.7
AC-1032,10,2.226,9.3,624.9,14.58,2.01,12783.1
AC-1032,11,2.167,12.1,623.7,13.3,1.988,12774.3
AC-1032,12,2.008,10.5,663.5,12.56,2.045,12796.0
AC-1032,13,2.032,6.4,656.9,13.79,1.872,12783.7
AC-1032,14,2.429,12.6,640.1,13.37,1.986,12804.7
AC-1032,15,2.043,9.4,646.0,12.82,2.061,12795.9
AC-1032,16,2.131,11.6,671.8,13.41,1.945,12881.5
AC-1032,17,1.634,8.1,657.8,13.69,1.983,12719.7
AC-1032,18,2.121,7.9,648.7,12.91,1.972,12796.6
AC-1032,19,1.83,11.4,636.2,13.63,1.953,12825.7
AC-1032,20,2.057,11.2,656.6,12.75,1.951,12818.9
AC-1032,21,1.959,11.9,640.5,13.6,2.147,12833.7
AC-1032,22,2.141,11.9,650.6,13.59,1.873,12762.4
AC-1032,23,2.101,9.4,665.5,13.12,2.027,12732.2
AC-1032,24,1.822,10.7,630.0,13.73,2.045,12740.9
AC-1032,25,2.01,10.2,654.9,14.02,2.095,12762.9
AC-1032,26,1.874,9.0,643.1,14.25,1.906,12808.8
AC-1032,27,1.982,8.8,639.5,13.47,2.02,12909.9
AC-1032,28,1.519,5.1,644.3,14.24,2.102,12827.7
AC-1032,29,1.612,9.0,669.0,13.44,1.961,12773.2
AC-1032,30,1.514,11.3,667.5,13.61,2.031,12698.7
AC-1032,31,2.671,9.9,636.3,13.77,1.974,12817.6
AC-1032,32,1.881,9.7,645.0,13.66,2.06,12833.4
AC-1032,33,2.027,11.4,635.2,13.78,2.007,12737.8
AC-1032,34,2.034,9.7,650.3,13.21,2.093,12713.8
AC-1032,35,1.713,10.7,655.6,13.49,1.978,12777.1
AC-1032,36,2.327,11.2,660.2,13.36,1.935,12774.1
AC-1032,37,2.02,11.8,639.9,13.28,2.037,12865.8
AC-1032,38,1.723,11.5,645.5,13.19,2.004,12776.8
AC-1032,39,1.862,15.5,660.8,13.66,1.957,12857.8
AC-1032,40,2.228,7.2,618.7,13.45,2.048,12781.8
AC-1032,41,2.061,10.0,651.7,13.29,2.074,12759.4
AC-1032,42,1.696,11.5,656.7,13.47,1.846,12832.6
AC-1032,43,1.881,10.5,646.0,13.28,2.038,12817.1
AC-1032,44,2.112,11.3,653.5,13.98,2.061,12791.5
AC-1032,45,1.958,8.6,678.3,12.78,2.039,12747.0
AC-1032,46,2.034,8.9,632.9,13.93,2.237,12797.8
AC-1032,47,2.307,11.1,643.0,13.65,2.06,12784.1
AC-1032,48,2.086,8.9,641.0,14.16,2.111,12802.5
AC-1032,49,1.853,8.0,645.3,13.35,1.961,12792.1
AC-1032,50,1.397,11.4,657.2,13.62,2.014,12908.7
AC-1032,51,2.425,14.3,648.2,13.97,1.96,12721.3
AC-1032,52,1.595,7.8,640.9,13.34,1.935,12767.7
AC-1032,53,1.436,13.9,650.9,13.83,2.062,12829.0
AC-1032,54,1.869,10.4,645.2,13.36,1.903,12797.9
AC-1032,55,1.849,12.0,656.6,13.44,1.804,12777.1
AC-1032,56,1.878,9.6,658.4,13.11,2.056,12802.9
AC-1032,57,1.444,12.3,681.5,13.48,1.963,12776.5
AC-1032,58,1.995,14.0,644.6,13.62,1.97,12815.7
AC-1032,59,1.98,8.3,652.3,13.59,2.167,12728.5
AC-1032,60,2.098,13.2,652.8,13.7,1.999,12824.9
AC-1032,61,1.691,13.2,673.6,13.5,1.945,12756.8
AC-1032,62,2.159,7.4,638.1,12.86,2.014,12875.7
AC-1032,63,2.134,10.9,634.0,12.91,1.987,12760.6
AC-1032,64,1.978,12.6,656.8,12.83,2.053,12783.9
AC-1032,65,2.048,10.1,624.0,13.28,1.946,12720.9
AC-1032,66,1.846,7.0,641.7,12.46,2.144,12808.4
AC-1032,67,2.143,9.2,651.5,13.64,2.067,12773.7
AC-1032,68,1.879,11.4,656.4,13.81,1.944,12731.5
AC-1032,69,1.76,14.6,658.0,13.2,2.02,12723.4
AC-1032,70,2.075,11.5,649.0,13.54,1.952,12728.3
AC-1032,71,1.953,10.2,660.4,13.3,2.011,12834.2
AC-1032,72,1.967,14.6,649.6,12.95,1.999,12756.3
AC-1032,73,2.08,9.6,658.7,13.16,1.975,12866.4
AC-1032,74,2.051,7.8,647.1,13.52,2.126,12759.9
AC-1032,75,2.115,13.5,629.6,13.89,2.021,12772.7
AC-1032,76,2.017,11.1,657.7,13.83,1.955,12879.2
AC-1032,77,2.226,11.3,665.5,13.38,2.155,12813.0
AC-1032,78,2.336,9.0,666.3,13.51,2.027,12874.9
AC-1032,79,1.94,9.7,644.6,12.96,2.001,12735.3
AC-1032,80,2.026,11.0,686.7,13.62,2.089,12773.8
AC-1032,81,2.117,9.6,680.4,13.44,2.154,12807.4
AC-1032,82,2.089,11.0,656.6,13.61,1.971,12845.8
AC-1032,83,1.752,11.5,646.1,13.57,1.913,12807.8
AC-1032,84,1.819,9.7,639.1,13.37,2.055,12858.0
AC-1032,85,1.754,8.6,666.7,13.57,2.03,12782.0
AC-1032,86,2.006,7.6,639.3,13.44,1.988,12806.6
AC-1032,87,1.718,10.7,655.7,13.44,2.202,12844.0
AC-1032,88,2.128,8.4,633.6,13.8,2.023,12806.4
AC-1032,89,2.082,12.0,667.6,13.53,2.066,12860.5
AC-1032,90,2.064,12.3,631.2,12.58,2.053,12760.4
AC-1032,91,1.805,11.1,660.6,13.95,2.059,12785.0
AC-1032,92,1.997,11.4,655.3,14.16,2.088,12825.1
AC-1032,93,2.225,12.5,660.5,13.46,2.085,12721.7
AC-1032,94,1.821,10.1,663.4,14.02,2.041,12813.1
AC-1032,95,1.876,6.6,648.7,12.84,2.061,12809.7
AC-1032,96,1.927,11.0,655.8,13.94,2.054,12737.8
AC-1032,97,2.209,11.0,660.4,13.0,2.086,12692.4
AC-1032,98,1.642,11.8,623.0,13.22,2.017,12843.4
AC-1032,99,1.651,11.1,655.0,12.84,1.887,12798.0
AC-1032,100,2.431,8.0,648.0,13.01,2.119,12844.8
AC-1032,101,1.935,9.3,631.6,12.92,1.931,12660.3
AC-1032,102,1.916,9.0,649.2,13.82,2.011,12693.1
AC-1032,103,1.878,8.0,654.3,13.08,1.932,12801.8
AC-1032,104,1.927,7.6,653.9,13.59,2.008,12815.9
AC-1032,105,2.518,9.8,644.7,13.19,2.162,12790.1
AC-1032,106,2.415,11.1,651.3,13.81,2.058,12795.5
AC-1032,107,1.994,11.6,676.0,13.69,2.017,12818.6
AC-1032,108,1.424,11.3,647.6,14.13,1.938,12761.7
AC-1032,109,2.256,10.9,643.1,13.63,2.043,12796.9
AC-1032,110,1.967,11.3,656.7,13.89,2.025,12771.8
AC-1032,111,2.044,9.2,645.1,13.09,2.034,12775.2
AC-1032,112,2.08,13.0,662.5,13.65,2.075,12790.5
AC-1032,113,2.322,10.1,661.8,13.62,2.141,12730.6
AC-1032,114,1.715,9.7,633.5,12.96,2.163,12753.8
AC-1032,115,1.853,11.7,652.9,13.83,1.968,12771.1
AC-1032,116,1.819,12.7,649.9,13.25,2.145,12778.7
AC-1032,117,1.762,14.0,648.6,13.41,2.174,12799.4
AC-1032,118,2.377,10.3,634.2,14.27,1.967,12753.0
AC-1032,119,1.952,12.4,659.1,13.7,1.966,12816.5
AC-1032,120,1.846,10.4,648.4,13.62,2.077,12820.9
AC-1032,121,1.957,9.4,675.5,13.27,2.048,12778.7
AC-1032,122,2.567,10.6,671.1,13.77,2.133,12736.6
AC-1032,123,2.219,8.1,648.4,13.72,2.014,12731.5
AC-1032,124,2.561,12.6,653.5,12.98,2.168,12753.4
AC-1032,125,1.517,15.0,675.5,13.92,2.153,12769.5
AC-1032,126,1.683,12.5,627.0,13.17,2.008,12691.4
AC-1032,127,1.864,8.5,631.3,13.04,2.135,12695.5
AC-1032,128,1.822,6.5,649.0,13.37,2.187,12738.3
AC-1032,129,2.313,13.5,667.7,13.34,2.054,12754.7
AC-1032,130,2.358,13.5,672.8,13.62,2.022,12791.8
AC-1032,131,1.778,8.9,649.4,14.05,2.105,12749.9
AC-1032,132,1.897,8.9,652.4,13.36,2.138,12725.5
AC-1032,133,1.844,6.7,663.3,13.9,2.122,12856.5
AC-1032,134,1.983,10.1,666.4,14.63,2.104,12734.7
AC-1032,135,1.64,14.2,649.7,13.51,2.003,12708.0
AC-1032,136,2.112,12.5,654.2,13.33,2.059,12741.8
AC-1032,137,1.908,10.3,662.9,13.8,1.988,12804.9
AC-1032,138,2.224,12.3,661.5,13.75,2.085,12783.0
AC-1032,139,2.157,9.7,671.9,13.36,2.12,12667.2
AC-1032,140,1.796,12.3,675.2,13.69,2.027,12764.6
AC-1032,141,1.984,15.4,660.1,13.54,2.044,12710.6
AC-1032,142,2.034,14.2,645.8,13.07,2.052,12719.7
AC-1032,143,1.812,9.4,655.8,14.44,2.125,12792.2
AC-1032,144,2.229,11.9,657.9,13.74,2.062,12793.9
AC-1032,145,2.348,13.8,686.0,13.39,2.032,12830.0
AC-1032,146,1.869,11.8,663.6,13.44,2.076,12810.6
AC-1032,147,1.466,13.7,664.2,13.61,1.958,12734.7
AC-1032,148,2.017,9.1,662.3,13.41,2.065,12722.9
AC-1032,149,2.321,8.0,652.8,13.28,2.083,12739.5
AC-1032,150,2.277,13.8,661.2,13.01,2.082,12673.3
AC-1032,151,1.84,11.7,679.6,13.51,2.026,12707.0
AC-1032,152,1.907,11.5,646.0,13.78,2.15,12634.5
AC-1032,153,2.358,14.4,650.1,13.47,2.046,12689.5
AC-1032,154,2.094,11.7,689.7,13.58,2.165,12765.5
AC-1032,155,1.913,12.4,659.6,13.48,2.136,12688.2
AC-1032,156,2.021,10.0,648.9,13.97,2.15,12748.1
AC-1032,157,2.155,13.7,667.7,14.05,2.205,12735.4
AC-1032,158,1.886,13.3,646.4,13.98,2.177,12697.0
AC-1032,159,1.873,9.5,660.8,13.58,2.121,12653.7
AC-1032,160,2.414,10.2,672.5,13.96,2.122,12738.7
AC-1032,161,1.854,13.8,646.7,13.32,2.288,12787.6
AC-1032,162,2.312,12.2,658.0,13.62,2.24,12778.7
AC-1032,163,2.382,9.0,653.4,12.97,2.21,12682.5
AC-1032,164,1.838,11.2,671.9,13.49,2.205,12614.0
AC-1032,165,2.125,9.3,665.9,13.28,2.163,12696.5
AC-1032,166,2.14,11.5,656.2,13.78,2.192,12701.4
AC-1032,167,2.151,12.1,671.9,12.99,2.178,12647.7
AC-1032,168,2.197,13.5,665.3,13.79,2.018,12770.7
AC-1032,169,1.887,12.7,676.2,13.11,2.193,12648.2
AC-1032,170,1.784,12.5,658.2,13.37,2.229,12644.6
AC-1032,171,2.048,15.2,671.0,13.42,2.36,12654.6
AC-1032,172,2.081,12.6,665.1,13.95,2.257,12631.4
AC-1032,173,2.16,12.8,661.9,13.12,2.243,12640.1
AC-1032,174,1.67,11.9,645.8,12.63,2.282,12734.1
AC-1032,175,1.898,15.8,650.9,13.53,2.225,12726.2
AC-1032,176,2.255,12.6,652.9,13.74,2.126,12633.2
AC-1032,177,2.439,12.4,677.1,13.26,2.316,12633.6
AC-1032,178,2.414,14.1,662.0,13.17,2.049,12691.3
AC-1032,179,2.01,15.8,661.3,13.07,2.245,12657.1
AC-1032,180,2.179,10.6,675.9,13.02,2.3,12693.1
AC-1032,181,2.194,15.3,664.3,13.86,2.146,12654.5
AC-1032,182,2.341,14.1,660.5,13.42,2.099,12684.3
AC-1032,183,2.018,11.5,672.3,13.32,2.244,12691.9
AC-1032,184,2.314,10.3,665.0,13.82,2.158,12667.4
AC-1032,185,1.818,14.8,678.4,13.12,2.179,12618.1
AC-1032,186,1.877,15.3,663.8,13.62,2.263,12656.9
AC-1032,187,1.552,12.7,665.1,14.5,2.239,12493.9
AC-1032,188,1.521,15.9,672.2,13.5,2.488,12698.4
AC-1032,189,2.16,12.0,675.3,13.51,2.339,12674.4
AC-1032,190,1.486,16.1,686.7,13.01,2.28,12747.4
AC-1032,191,2.496,14.1,656.2,13.57,2.287,12651.8
AC-1032,192,2.207,15.3,656.8,13.28,2.255,12607.6
AC-1032,193,2.262,14.5,673.5,13.11,2.453,12596.2
AC-1032,194,2.369,13.6,645.9,13.76,2.232,12586.9
AC-1032,195,2.219,10.4,686.0,13.5,2.299,12600.3
AC-1032,196,1.884,10.6,682.8,14.28,2.246,12651.1
AC-1032,197,1.637,15.4,674.8,13.76,2.232,12566.0
AC-1032,198,2.31,15.2,670.4,13.82,2.352,12588.3
AC-1032,199,2.261,15.4,665.4,14.23,2.38,12652.0
AC-1032,200,2.106,14.4,665.0,12.88,2.326,12592.0
AC-1032,201,2.247,13.5,664.0,13.26,2.45,12634.4
AC-1032,202,1.697,14.2,672.7,13.49,2.407,12453.2
AC-1032,203,2.758,12.8,667.5,14.3,2.369,12624.8
AC-1032,204,1.866,17.3,669.0,13.24,2.387,12646.4
AC-1032,205,1.76,17.8,665.6,13.76,2.336,12581.3
AC-1032,206,2.25,16.8,664.6,13.59,2.276,12551.2
AC-1032,207,1.786,15.5,674.6,13.61,2.443,12607.6
AC-1032,208,2.46,15.3,671.7,13.72,2.403,12516.4
AC-1032,209,2.499,14.5,671.0,13.7,2.308,12740.9
AC-1032,210,1.735,16.6,653.1,13.41,2.299,12509.4
AC-1032,211,2.007,17.4,679.7,12.99,2.408,12608.6
AC-1032,212,2.396,16.1,654.4,13.53,2.344,12638.6
AC-1032,213,1.889,18.2,664.6,13.56,2.314,12527.7
AC-1032,214,2.015,16.3,668.3,13.41,2.555,12572.9
AC-1032,215,2.078,17.8,673.5,13.56,2.31,12472.4
AC-1032,216,1.754,11.3,678.7,13.85,2.501,12637.1
AC-1032,217,2.255,16.3,671.9,13.37,2.574,12691.5
AC-1032,218,2.084,13.8,682.3,13.92,2.535,12647.2
AC-1032,219,1.708,14.3,671.7,13.23,2.497,12581.3
AC-1032,220,2.53,17.4,674.3,13.84,2.511,12467.5
AC-1032,221,1.82,17.1,702.0,13.03,2.561,12549.1
AC-1032,222,1.7,14.8,671.2,13.36,2.42,12648.9
AC-1032,223,1.898,15.7,694.9,13.35,2.528,12647.5
AC-1032,224,1.994,17.0,680.5,14.02,2.499,12518.4
AC-1032,225,2.185,16.2,686.6,13.0,2.552,12530.2
AC-1032,226,2.253,13.6,675.2,13.48,2.411,12513.3
AC-1032,227,1.979,13.3,670.8,13.55,2.509,12510.4
AC-1032,228,1.746,15.0,693.1,13.79,2.598,12452.1
AC-1032,229,2.462,15.8,682.6,13.57,2.617,12533.9
AC-1032,230,1.648,16.8,682.9,13.56,2.514,12495.3
AC-1032,231,1.874,17.4,678.8,13.57,2.482,12497.4
AC-1032,232,1.767,18.0,686.7,13.71,2.571,12568.3
AC-1032,233,1.706,21.9,670.8,13.37,2.578,12499.4
AC-1032,234,2.408,18.3,693.2,13.88,2.616,12420.7
AC-1032,235,1.697,15.8,690.7,13.24,2.74,12511.3
AC-1032,236,1.371,16.5,696.2,13.35,2.647,12377.7
AC-1032,237,2.07,14.7,684.5,13.67,2.472,12492.7
AC-1033,1,2.199,12.6,658.6,13.25,1.978,12809.2
AC-1033,2,2.255,7.6,644.7,13.86,1.961,12753.9
AC-1033,3,2.14,8.6,663.0,13.05,2.001,12749.7
AC-1033,4,2.054,8.3,641.5,14.25,1.948,12747.7
AC-1033,5,2.31,10.0,660.7,13.39,1.928,12783.6
AC-1033,6,2.232,11.4,672.6,13.99,2.033,12789.6
AC-1033,7,1.943,9.8,677.0,13.72,1.957,12871.4
AC-1033,8,2.209,8.9,655.8,13.72,2.173,12859.2
AC-1033,9,1.462,12.3,659.9,13.46,1.936,12761.9
AC-1033,10,1.931,8.4,651.4,13.57,2.003,12781.6
AC-1033,11,2.074,10.4,654.7,13.29,2.014,12811.7
AC-1033,12,2.101,8.8,673.4,13.5,1.944,12772.5
AC-1033,13,2.108,9.9,649.0,13.71,1.976,12781.3
AC-1033,14,1.868,7.6,645.8,13.66,1.991,12808.0
AC-1033,15,2.393,12.3,641.6,14.04,1.908,12830.1
AC-1033,16,2.267,11.9,637.3,13.87,2.03,12826.1
AC-1033,17,2.299,11.7,647.0,13.6,2.026,12784.8
AC-1033,18,2.235,13.9,657.7,13.49,2.011,12851.6
AC-1033,19,1.855,10.2,652.3,13.17,1.937,12785.7
AC-1033,20,2.037,8.1,628.0,13.42,1.988,12818.2
AC-1033,21,1.788,10.0,670.1,13.21,1.928,12847.6
AC-1033,22,1.996,13.0,661.9,12.74,1.923,12801.4
AC-1033,23,1.925,8.6,645.8,13.37,1.924,12829.3
AC-1033,24,2.007,8.5,642.7,13.59,2.018,12742.2
AC-1033,25,1.496,8.5,641.1,13.53,2.123,12810.9
AC-1033,26,1.779,13.1,656.9,14.21,1.996,12779.8
AC-1033,27,2.167,9.4,653.2,13.58,2.058,12813.6
AC-1033,28,1.332,7.8,647.4,13.46,1.944,12789.5
AC-1033,29,1.839,8.8,662.1,13.17,2.049,12831.9
AC-1033,30,1.963,10.7,668.5,14.01,2.007,12806.6
AC-1033,31,2.454,10.4,652.3,12.98,1.867,12802.0
AC-1033,32,1.73,8.8,653.4,13.6,2.002,12807.7
AC-1033,33,1.886,7.4,631.0,13.28,1.966,12809.7
AC-1033,34,2.148,12.8,652.9,13.88,1.949,12806.4
AC-1033,35,1.918,12.0,645.0,13.55,1.955,12747.3
AC-1033,36,2.205,7.3,660.0,13.8,1.938,12734.4
AC-1033,37,1.777,10.6,666.2,13.54,1.996,12796.8
AC-1033,38,2.173,8.8,627.8,13.29,2.03,12810.8
AC-1033,39,2.027,7.5,647.3,13.87,2.048,12815.6
AC-1033,40,2.066,12.4,661.0,13.34,2.001,12812.2
AC-1033,41,1.849,7.5,636.7,13.16,2.14,12806.2
AC-1033,42,2.271,8.8,668.1,13.58,1.931,12767.7
AC-1033,43,1.752,12.6,651.9,13.8,1.955,12792.1
AC-1033,44,1.59,8.4,657.4,13.49,1.921,12774.8
AC-1033,45,1.939,8.6,653.7,13.43,2.024,12877.4
AC-1033,46,1.923,9.9,665.2,13.79,2.088,12755.8
AC-1033,47,1.863,9.9,649.0,14.03,2.003,12859.7
AC-1033,48,1.814,8.9,670.0,13.26,2.057,12866.9
AC-1033,49,1.826,7.2,653.3,13.23,1.987,12787.9
AC-1033,50,2.359,9.1,661.4,13.37,1.982,12822.4
AC-1033,51,1.962,9.4,637.2,12.9,2.068,12770.3
AC-1033,52,1.965,12.4,654.0,13.12,2.007,12767.9
AC-1033,53,2.352,9.4,651.7,13.94,2.055,12857.7
AC-1033,54,2.29,10.6,637.5,13.34,1.939,12857.1
AC-1033,55,1.877,10.3,647.2,14.13,1.938,12776.5
AC-1033,56,2.342,9.8,631.8,13.53,1.944,12806.4
AC-1033,57,2.662,9.7,660.7,13.86,2.036,12819.6
AC-1033,58,2.187,11.3,634.0,13.62,2.127,12737.7
AC-1033,59,2.115,9.4,631.0,13.12,2.121,12815.1
AC-1033,60,1.869,10.7,631.3,13.26,2.059,12777.8
AC-1033,61,1.954,10.3,628.0,13.11,1.966,12794.9
AC-1033,62,1.948,9.6,646.4,14.11,2.006,12771.2
AC-1033,63,1.97,11.7,651.3,13.43,1.915,12940.2
AC-1033,64,2.41,12.0,642.5,13.21,1.924,12827.4
AC-1033,65,1.727,14.0,656.4,13.04,2.109,12844.8
AC-1033,66,1.674,8.6,647.4,13.19,2.028,12788.7
AC-1033,67,2.456,9.9,641.9,13.03,2.085,12773.5
AC-1033,68,1.972,11.1,662.7,13.61,2.046,12787.9
AC-1033,69,2.195,14.3,643.0,13.06,1.968,12696.6
AC-1033,70,1.743,12.3,647.6,13.3,1.981,12788.4
AC-1033,71,1.795,11.6,658.6,13.57,2.043,12815.0
AC-1033,72,1.961,10.9,640.3,13.63,1.924,12746.1
AC-1033,73,1.732,8.9,643.5,13.13,2.088,12789.7
AC-1033,74,2.15,10.5,635.2,13.41,2.102,12828.1
AC-1033,75,2.41,11.6,640.6,13.65,2.048,12791.6
AC-1033,76,2.247,9.7,664.6,14.13,1.932,12783.5
AC-1033,77,2.123,9.7,653.1,13.31,1.966,12785.4
AC-1033,78,2.2,13.0,659.7,13.36,2.076,12789.5
AC-1033,79,1.802,7.9,636.7,14.18,2.072,12781.7
AC-1033,80,2.286,11.3,649.1,13.2,1.916,12782.1
AC-1033,81,2.248,11.3,663.9,13.55,1.951,12806.5
AC-1033,82,1.925,11.6,644.4,13.53,1.99,12709.7
AC-1033,83,1.764,10.0,660.9,14.09,2.07,12823.5
AC-1033,84,2.358,12.9,645.6,13.94,1.969,12870.4
AC-1033,85,2.06,12.9,638.0,13.71,2.032,12769.8
AC-1033,86,1.98,9.4,663.1,13.65,1.984,12808.3
AC-1033,87,2.328,13.4,646.7,13.68,2.084,12792.2
AC-1033,88,2.285,12.1,630.5,13.5,2.14,12810.5
AC-1033,89,2.509,11.1,648.0,13.37,2.02,12825.1
AC-1033,90,1.96,14.0,632.6,13.63,2.064,12773.4
AC-1033,91,2.238,9.2,635.2,13.52,2.171,12795.3
AC-1033,92,2.598,9.6,620.8,12.64,2.011,12864.0
AC-1033,93,2.127,8.5,647.8,13.57,2.01,12770.5
AC-1033,94,2.28,8.7,660.2,13.55,2.239,12832.2
AC-1033,95,2.517,14.6,659.9,13.76,2.049,12876.3
AC-1033,96,2.027,12.3,662.9,13.9,2.006,12733.7
AC-1033,97,2.11,10.8,663.1,13.3,1.953,12755.8
AC-1033,98,2.032,14.2,652.6,13.26,2.071,12793.0
AC-1033,99,1.917,13.0,635.5,13.26,2.192,12816.2
AC-1033,100,2.241,12.2,670.7,13.63,1.952,12829.7
AC-1033,101,2.072,14.3,659.5,13.95,1.976,12840.3
AC-1033,102,2.061,13.0,658.6,13.12,1.97,12794.6
AC-1033,103,1.818,12.3,675.7,13.44,2.003,12789.4
AC-1033,104,1.927,11.9,656.2,13.5,1.995,12821.8
AC-1033,105,2.532,18.5,646.5,13.95,1.95,12827.6
AC-1033,106,3.021,11.3,641.5,13.29,2.003,12735.5
AC-1033,107,2.321,12.5,648.9,13.72,2.008,12808.5
AC-1033,108,2.433,15.5,669.3,14.24,1.969,12799.9
AC-1033,109,2.599,15.0,664.8,14.46,2.179,12835.4
AC-1033,110,2.169,12.1,679.0,14.29,2.078,12839.9
AC-1033,111,2.272,15.0,673.6,13.55,1.949,12779.5
AC-1033,112,2.445,12.4,667.3,14.01,1.839,12808.2
AC-1033,113,2.377,14.4,646.9,13.74,2.155,12805.8
AC-1033,114,2.235,16.5,629.1,14.17,1.96,12754.8
AC-1033,115,2.554,12.4,651.9,12.99,2.042,12795.5
AC-1033,116,2.45,15.6,664.8,13.49,2.238,12804.7
AC-1033,117,1.836,12.8,644.6,13.76,2.038,12798.9
AC-1033,118,1.751,14.4,648.6,13.81,2.041,12691.9
AC-1033,119,2.318,12.2,631.7,12.3,2.078,12798.7
AC-1033,120,2.754,15.9,658.3,12.8,1.981,12784.7
AC-1033,121,2.28,11.9,640.0,13.56,1.907,12775.4
AC-1033,122,2.278,14.6,654.0,13.34,2.106,12826.4
AC-1033,123,2.44,20.0,646.2,13.99,1.891,12835.0
AC-1033,124,2.549,13.5,653.2,12.91,1.954,12776.1
AC-1033,125,2.269,17.2,658.4,12.88,1.994,12815.3
AC-1033,126,2.054,11.1,663.6,13.42,2.167,12736.0
AC-1033,127,2.39,15.1,680.6,13.97,1.98,12766.2
AC-1033,128,2.42,17.1,654.7,13.21,2.018,12682.7
AC-1033,129,2.349,15.1,665.4,13.43,1.998,12775.0
AC-1033,130,2.269,12.5,644.5,13.2,2.067,12787.0
AC-1033,131,2.412,11.2,656.7,13.41,2.029,12877.1
AC-1033,132,2.685,16.3,649.8,13.37,2.032,12845.5
AC-1033,133,2.72,16.4,673.4,13.09,2.103,12822.4
AC-1033,134,2.663,18.4,678.6,13.56,1.912,12801.9
AC-1033,135,2.208,16.9,656.9,12.85,2.056,12780.6
AC-1033,136,2.184,13.6,669.6,13.36,1.911,12809.4
AC-1033,137,2.33,14.0,639.6,13.45,2.129,12810.0
AC-1033,138,2.715,16.5,685.2,13.23,2.076,12757.0
AC-1033,139,2.486,14.4,654.0,14.02,2.073,12802.1
AC-1033,140,2.893,16.7,652.5,13.46,1.893,12761.5
AC-1033,141,2.315,18.4,656.4,14.32,1.979,12800.9
AC-1033,142,3.249,18.0,659.6,13.86,2.095,12789.7
AC-1033,143,2.146,16.7,652.9,13.38,1.885,12846.0
AC-1033,144,2.278,14.8,669.6,13.75,2.077,12892.2
AC-1033,145,2.952,17.5,656.4,13.05,1.966,12780.0
AC-1033,146,2.187,18.9,649.0,13.78,2.118,12722.9
AC-1033,147,2.75,17.1,673.8,13.64,2.158,12816.5
AC-1033,148,2.759,21.2,647.5,14.0,1.854,12902.5
AC-1033,149,2.391,20.6,655.6,13.3,2.176,12876.5
AC-1033,150,2.851,21.4,692.4,13.3,1.937,12813.1
AC-1033,151,3.091,20.3,660.8,13.89,1.936,12838.0
AC-1033,152,2.897,18.9,680.5,12.91,2.021,12729.5
AC-1033,153,3.046,15.2,662.2,13.56,2.212,12836.6
AC-1033,154,2.514,18.7,656.5,13.55,2.002,12754.2
AC-1033,155,2.935,18.3,636.9,13.61,2.009,12760.2
AC-1033,156,2.61,20.2,656.2,12.94,2.007,12789.6
AC-1033,157,2.802,23.0,654.3,13.67,2.038,12766.4
AC-1033,158,2.901,20.0,652.9,13.3,1.905,12823.3
AC-1033,159,3.107,20.3,670.2,13.71,1.971,12810.4
AC-1033,160,3.065,18.8,664.8,14.51,2.223,12758.1
AC-1033,161,2.917,19.7,647.6,13.75,1.824,12747.5
AC-1033,162,3.142,21.5,668.7,13.37,1.923,12775.7
AC-1033,163,3.148,23.6,686.4,13.07,2.096,12820.2
AC-1033,164,3.417,21.3,656.5,13.37,2.045,12747.3
AC-1033,165,3.026,21.0,673.4,13.03,1.9,12797.3
AC-1033,166,3.257,21.9,645.8,13.58,2.141,12796.7
AC-1033,167,3.419,21.9,667.1,13.25,1.949,12804.1
AC-1033,168,2.769,26.2,655.7,12.86,1.952,12775.6
AC-1033,169,3.099,20.8,680.7,13.69,2.129,12811.9
AC-1033,170,3.195,22.8,664.3,13.64,2.089,12731.5
AC-1033,171,2.931,24.3,679.1,14.0,1.892,12850.5
AC-1033,172,3.261,25.9,666.0,13.52,1.986,12819.3
AC-1033,173,3.206,25.9,668.1,13.59,1.987,12759.7
AC-1033,174,3.44,25.1,652.0,13.58,2.129,12863.2
AC-1033,175,2.89,25.9,636.3,13.12,1.958,12791.3
AC-1033,176,3.399,21.8,623.4,13.81,2.02,12839.8
AC-1033,177,3.001,26.3,665.2,13.48,1.943,12788.3
AC-1033,178,3.207,24.6,673.2,13.29,2.048,12783.5
AC-1033,179,3.079,27.1,688.1,13.17,2.055,12837.5
AC-1033,180,2.7,24.7,668.3,13.32,2.08,12711.0
AC-1033,181,3.608,28.3,670.8,13.64,1.863,12776.5
AC-1033,182,3.618,23.8,679.1,13.98,2.056,12798.0
AC-1033,183,3.694,26.3,661.5,14.05,1.986,12710.2
AC-1033,184,3.301,25.6,658.9,13.81,1.916,12813.1
AC-1033,185,3.728,28.0,657.1,13.7,1.977,12751.1
AC-1033,186,3.202,24.1,670.3,13.23,2.023,12799.0
AC-1033,187,3.112,26.0,656.0,13.92,2.058,12824.9
AC-1033,188,3.361,26.8,693.7,13.96,1.969,12816.7
AC-1033,189,3.462,27.8,678.5,13.5,2.067,12797.8
AC-1033,190,3.67,27.4,686.2,13.71,2.004,12887.1
AC-1033,191,3.417,30.5,677.4,13.46,2.016,12900.0
AC-1033,192,3.238,30.0,648.3,13.15,1.998,12817.3
AC-1033,193,3.432,33.3,673.1,13.84,2.155,12760.0
AC-1033,194,3.594,28.9,654.2,13.21,1.99,12715.8
AC-1033,195,4.143,29.7,682.2,13.88,2.136,12783.4
AC-1033,196,3.945,35.6,672.9,13.53,1.839,12852.0
AC-1033,197,4.0,29.8,666.1,13.75,1.954,12806.7
AC-1033,198,4.034,31.3,687.7,13.27,1.942,12806.7
AC-1033,199,3.751,29.6,670.2,13.92,1.943,12752.4
AC-1033,200,3.663,33.2,674.2,13.29,2.046,12716.1
AC-1033,201,3.728,35.7,667.1,13.46,1.943,12784.5
AC-1033,202,3.975,33.5,671.7,13.31,1.987,12798.9
AC-1033,203,3.751,32.7,668.9,13.22,1.965,12885.3
AC-1033,204,3.752,29.9,667.1,13.76,2.094,12752.2
AC-1033,205,3.935,32.7,675.0,13.03,2.042,12723.7
AC-1033,206,4.632,32.7,674.0,13.54,1.943,12751.7
AC-1033,207,3.77,34.7,681.8,13.08,2.121,12848.3
AC-1033,208,3.879,38.4,668.9,13.97,2.058,12868.8
AC-1033,209,3.827,33.8,676.6,13.58,2.117,12787.0
AC-1033,210,3.822,37.7,682.7,13.15,2.026,12850.5
AC-1033,211,4.652,38.1,693.7,13.61,1.844,12795.2
AC-1033,212,4.745,36.7,685.2,13.62,2.085,12824.1
AC-1033,213,3.792,35.9,702.3,13.41,2.092,12771.0
AC-1033,214,4.021,37.2,685.6,13.58,2.003,12815.5
AC-1033,215,4.139,39.0,668.7,12.8,1.971,12730.8
AC-1033,216,4.433,39.5,675.6,13.4,1.945,12827.5
AC-1033,217,4.167,40.5,676.6,13.17,1.971,12755.1
AC-1033,218,4.384,38.6,670.1,13.49,1.807,12745.4
AC-1033,219,4.639,40.3,675.5,13.59,2.02,12828.7
AC-1033,220,4.423,41.4,676.6,13.77,2.102,12863.1
AC-1033,221,4.779,39.9,696.8,13.79,2.034,12861.7
AC-1033,222,4.862,42.5,678.2,12.94,1.946,12722.2
AC-1033,223,4.302,43.7,674.8,13.64,1.865,12767.3
AC-1033,224,4.781,38.3,668.9,14.09,1.927,12848.8
AC-1033,225,4.768,39.0,699.9,13.92,2.072,12807.1
AC-1033,226,5.042,41.3,674.0,13.85,2.138,12776.0
AC-1033,227,4.589,41.1,700.1,14.11,2.057,12729.3
AC-1033,228,4.632,43.1,691.3,13.34,1.909,12741.6
AC-1033,229,4.683,45.2,676.4,13.24,2.039,12785.1
AC-1033,230,4.297,47.1,692.5,13.8,1.939,12808.8
AC-1033,231,4.815,44.2,677.9,13.26,2.172,12758.5
AC-1034,1,2.312,7.5,658.6,13.84,1.898,12764.0
AC-1034,2,1.995,8.7,661.1,13.48,2.049,12859.0
AC-1034,3,1.906,9.7,643.4,13.35,1.994,12728.0
AC-1034,4,1.62,10.1,649.9,13.4,1.999,12770.2
AC-1034,5,1.961,7.8,654.7,13.58,2.023,12797.1
AC-1034,6,2.446,8.0,658.8,13.56,1.908,12745.0
AC-1034,7,2.022,12.5,640.9,13.48,2.033,12764.4
AC-1034,8,2.151,10.2,647.1,13.5,1.903,12835.9
AC-1034,9,2.074,10.5,640.4,13.53,2.178,12743.5
AC-1034,10,2.024,8.4,661.2,13.73,2.009,12806.5
AC-1034,11,1.885,9.3,647.8,13.38,1.954,12793.1
AC-1034,12,2.131,10.7,664.8,13.82,2.013,12723.7
AC-1034,13,2.09,9.9,636.3,12.75,1.987,12757.7
AC-1034,14,1.941,12.0,664.1,13.73,1.86,12770.0
AC-1034,15,2.238,7.7,664.8,13.95,1.944,12849.4
AC-1034,16,2.132,7.1,656.5,14.16,2.002,12814.1
AC-1034,17,1.85,8.8,657.2,13.39,1.964,12788.7
AC-1034,18,1.965,8.8,659.8,13.71,1.948,12770.1
AC-1034,19,2.159,10.6,663.8,13.88,1.968,12914.4
AC-1034,20,2.21,11.3,676.8,13.53,1.865,12847.9
AC-1034,21,2.06,13.3,645.9,13.07,1.822,12759.3
AC-1034,22,1.965,7.1,631.7,13.91,1.977,12745.1
AC-1034,23,1.837,10.4,637.5,14.44,2.011,12801.5
AC-1034,24,1.622,13.0,668.2,12.9,2.003,12757.5
AC-1034,25,1.515,11.5,657.9,13.4,2.043,12824.7
AC-1034,26,1.986,12.1,652.0,13.12,2.047,12784.5
AC-1034,27,2.196,6.9,651.1,13.16,2.023,12864.5
AC-1034,28,1.77,11.3,639.9,13.4,2.055,12805.7
AC-1034,29,1.941,10.8,657.1,13.47,1.975,12832.2
AC-1034,30,1.493,8.1,671.0,13.51,2.108,12702.3
AC-1034,31,1.692,10.5,660.4,13.27,1.85,12734.5
AC-1034,32,2.048,8.2,666.1,13.63,2.076,12784.6
AC-1034,33,2.153,10.3,650.9,13.45,2.078,12764.2
AC-1034,34,1.619,12.4,648.8,13.2,2.01,12844.8
AC-1034,35,2.248,14.1,680.5,12.92,1.945,12752.1
AC-1034,36,2.195,9.6,652.5,13.72,2.078,12738.2
AC-1034,37,1.941,8.3,666.3,14.05,2.023,12744.3
AC-1034,38,2.239,8.2,631.8,13.56,1.796,12776.4
AC-1034,39,1.662,13.2,622.3,13.23,1.928,12791.6
AC-1034,40,2.285,8.8,647.6,13.96,1.948,12814.9
AC-1034,41,2.117,6.7,648.0,13.5,1.961,12857.3
AC-1034,42,2.167,9.1,645.2,13.34,2.063,12870.4
AC-1034,43,2.253,13.8,619.6,13.48,1.961,12788.1
AC-1034,44,2.198,7.5,625.7,13.06,1.922,12714.6
AC-1034,45,1.394,14.8,650.0,13.43,2.013,12817.3
AC-1034,46,1.793,8.4,676.9,13.44,1.996,12844.5
AC-1034,47,2.286,10.9,643.4,13.29,2.125,12784.9
AC-1034,48,2.145,7.3,647.5,13.58,1.968,12773.4
AC-1034,49,1.831,9.1,668.5,13.06,2.145,12739.1
AC-1034,50,2.263,11.6,641.5,13.44,2.015,12849.3
AC-1034,51,2.04,9.5,641.1,13.45,2.027,12814.1
AC-1034,52,2.368,10.7,642.2,13.54,2.012,12787.5
AC-1034,53,2.372,8.6,649.1,13.29,2.07,12835.8
AC-1034,54,2.413,10.2,652.1,13.0,2.095,12819.6
AC-1034,55,1.917,9.4,655.8,13.27,2.018,12805.3
AC-1034,56,2.017,8.2,674.4,13.21,1.927,12799.1
AC-1034,57,1.559,11.7,641.9,13.39,1.899,12746.9
AC-1034,58,2.137,11.6,671.6,12.99,2.052,12798.7
AC-1034,59,1.841,13.4,673.6,14.09,1.897,12825.6
AC-1034,60,1.872,11.0,659.9,13.52,1.974,12779.7
AC-1034,61,1.926,12.6,643.8,13.34,2.001,12891.4
AC-1034,62,1.942,13.2,648.2,13.58,2.018,12790.9
AC-1034,63,1.943,10.5,643.1,13.6,1.989,12826.7
AC-1034,64,1.826,11.5,651.4,13.9,2.163,12878.1
AC-1034,65,1.739,12.2,656.8,14.17,2.001,12821.8
AC-1034,66,1.678,12.3,649.9,13.12,2.044,12799.7
AC-1034,67,2.159,11.2,651.3,13.74,2.0,12722.6
AC-1034,68,1.874,9.7,671.1,13.64,2.055,12903.6
AC-1034,69,1.591,8.5,636.0,13.02,2.038,12842.4
AC-1034,70,1.986,9.6,630.6,13.38,2.026,12779.3
AC-1034,71,1.864,10.2,668.4,13.02,2.026,12828.9
AC-1034,72,2.334,10.5,635.4,13.23,2.025,12826.0
AC-1034,73,1.705,9.2,646.1,13.68,1.998,12794.5
AC-1034,74,2.009,11.9,647.8,13.4,1.995,12781.4
AC-1034,75,1.536,9.8,637.8,13.34,1.923,12810.5
AC-1034,76,2.048,10.6,645.8,13.21,1.996,12713.8
AC-1034,77,2.069,10.2,641.1,13.5,2.059,12839.4
AC-1034,78,2.052,10.5,642.4,14.02,1.931,12839.7
AC-1034,79,2.026,10.0,646.6,13.2,1.995,12863.0
AC-1034,80,1.769,9.6,653.7,13.59,2.165,12817.6
AC-1034,81,2.409,10.4,652.2,13.45,1.902,12805.5
AC-1034,82,1.988,4.2,630.8,13.06,2.101,12843.7
AC-1034,83,1.698,9.3,659.3,12.62,1.894,12804.1
AC-1034,84,2.055,6.5,648.7,13.32,2.009,12805.3
AC-1034,85,1.98,6.1,668.8,14.01,2.009,12839.6
AC-1034,86,2.251,11.4,643.9,12.75,1.994,12811.4
AC-1034,87,1.945,9.6,674.8,13.51,2.094,12790.4
AC-1034,88,1.715,13.3,638.5,13.25,2.003,12835.7
AC-1034,89,2.035,11.6,659.6,13.62,2.117,12806.5
AC-1034,90,1.908,8.7,661.2,13.04,2.15,12806.1
AC-1034,91,2.157,9.8,654.8,13.44,2.025,12736.8
AC-1034,92,2.639,12.7,651.8,13.14,1.979,12805.7
AC-1034,93,2.693,10.3,673.3,13.1,2.126,12843.4
AC-1034,94,1.875,9.1,656.3,13.4,1.961,12774.3
AC-1034,95,2.102,12.6,657.3,13.33,2.016,12793.7
AC-1034,96,2.534,8.3,655.6,13.23,2.035,12785.3
AC-1034,97,1.841,12.6,641.0,13.85,2.027,12805.2
AC-1034,98,2.186,8.1,666.9,13.45,1.925,12734.3
AC-1034,99,1.982,14.1,642.5,13.54,1.926,12777.5
AC-1034,100,1.99,8.0,646.0,13.7,2.091,12833.2
AC-1034,101,2.114,9.9,672.5,13.33,2.066,12816.0
AC-1034,102,2.062,9.2,691.3,13.32,2.02,12766.1
AC-1034,103,2.089,13.4,671.4,13.81,1.922,12779.4
AC-1034,104,2.371,8.3,640.0,13.14,1.937,12854.0
AC-1034,105,1.962,12.0,653.0,14.02,2.143,12850.6
AC-1034,106,2.469,11.6,660.0,13.01,1.895,12729.2
AC-1034,107,1.81,12.8,660.3,13.55,2.092,12765.3
AC-1034,108,2.423,5.0,661.1,13.84,2.077,12758.0
AC-1034,109,1.77,12.8,660.5,13.11,2.015,12753.5
AC-1034,110,2.076,10.9,669.7,13.47,2.048,12748.4
AC-1034,111,1.991,15.7,657.2,13.15,2.135,12816.3
AC-1034,112,1.758,11.1,660.9,13.09,2.121,12819.9
AC-1034,113,1.797,8.8,654.8,13.2,1.993,12860.5
AC-1034,114,2.134,8.9,655.0,13.26,2.038,12797.6
AC-1034,115,2.285,8.7,661.5,13.24,2.097,12771.4
AC-1034,116,2.535,14.1,647.2,13.83,2.042,12925.8
AC-1034,117,2.233,8.9,661.0,12.86,2.035,12838.9
AC-1034,118,2.372,11.0,659.2,13.72,1.987,12853.8
AC-1034,119,2.333,7.9,668.4,13.09,1.954,12797.1
AC-1034,120,2.074,13.1,652.6,13.21,2.001,12821.1
AC-1034,121,1.879,7.6,640.8,13.17,2.097,12740.6
AC-1034,122,1.964,11.0,656.6,13.57,1.929,12820.4
AC-1034,123,1.962,7.7,648.7,13.86,1.914,12770.3
AC-1034,124,1.861,10.4,640.0,13.52,2.242,12833.0
AC-1034,125,2.299,7.9,668.0,13.18,1.948,12805.6
AC-1034,126,1.796,11.0,651.6,13.12,2.332,12782.5
AC-1034,127,2.049,9.3,655.4,13.41,2.058,12748.7
AC-1034,128,2.208,11.0,656.3,12.83,2.256,12781.1
AC-1034,129,2.417,12.7,672.0,14.01,2.014,12870.4
AC-1034,130,2.632,9.5,650.7,12.96,1.992,12783.1
AC-1034,131,2.105,7.2,680.4,13.11,2.248,12799.4
AC-1034,132,2.219,8.1,664.1,13.23,2.246,12865.2
AC-1034,133,2.065,11.8,668.5,12.75,2.024,12782.2
AC-1034,134,2.204,8.3,697.1,13.32,2.123,12826.7
AC-1034,135,2.011,11.8,658.0,12.74,2.027,12818.3
AC-1034,136,2.086,12.5,669.3,13.39,2.099,12804.9
AC-1034,137,2.362,9.9,664.1,13.15,2.097,12826.2
AC-1034,138,2.053,11.2,673.8,13.52,2.04,12798.7
AC-1034,139,2.078,9.1,656.8,13.53,2.034,12680.9
AC-1034,140,1.818,13.3,682.1,14.28,2.042,12817.7
AC-1034,141,1.972,11.4,661.8,13.0,2.142,12868.2
AC-1034,142,2.042,8.0,649.3,13.18,2.039,12855.2
AC-1034,143,1.958,6.3,682.7,14.0,2.026,12779.9
AC-1034,144,2.018,11.2,664.7,13.32,2.036,12772.4
AC-1034,145,1.817,12.2,655.4,12.38,2.028,12816.4
AC-1034,146,1.681,13.9,646.4,13.15,2.213,12817.9
AC-1034,147,2.361,9.6,671.0,12.89,2.031,12883.3
AC-1034,148,2.586,10.0,671.2,13.4,1.988,12887.0
AC-1034,149,1.91,8.0,687.8,13.09,2.108,12877.0
AC-1034,150,2.038,10.5,673.7,13.25,2.069,12877.2
AC-1034,151,2.164,6.3,664.4,13.23,2.078,12840.3
AC-1034,152,1.738,11.2,678.0,12.91,2.053,12769.4
AC-1034,153,2.381,5.1,661.1,13.25,2.002,12815.2
AC-1034,154,2.125,10.1,713.7,12.56,2.096,12743.2
AC-1034,155,2.338,11.4,689.0,13.04,2.076,12747.9
AC-1034,156,1.905,8.6,673.5,13.65,2.137,12776.3
AC-1034,157,2.082,10.8,687.1,13.13,2.06,12767.1
AC-1034,158,2.016,9.8,689.8,12.85,2.171,12852.5
AC-1034,159,2.209,11.1,661.1,12.81,2.238,12775.8
AC-1034,160,2.085,10.9,660.3,13.21,2.209,12805.8
AC-1034,161,2.13,5.2,667.0,12.92,2.067,12816.5
AC-1034,162,1.972,9.7,648.7,12.87,2.153,12859.0
AC-1034,163,2.252,10.5,692.4,13.59,2.07,12772.8
AC-1034,164,2.077,7.3,671.6,12.7,2.017,12772.7
AC-1034,165,2.396,11.2,680.7,12.47,2.169,12819.8
AC-1034,166,2.45,11.0,692.7,13.3,2.14,12814.5
AC-1034,167,2.289,7.8,694.7,12.63,2.251,12803.6
AC-1034,168,2.434,10.1,671.4,13.41,2.168,12785.2
AC-1034,169,1.87,11.5,665.0,13.06,2.064,12774.0
AC-1034,170,1.995,10.8,682.1,12.67,2.152,12742.6
AC-1034,171,2.102,9.8,658.1,13.18,2.124,12794.1
AC-1034,172,1.879,8.9,684.4,13.67,2.149,12762.3
AC-1034,173,2.086,7.0,683.3,13.2,2.182,12665.7
AC-1034,174,2.225,10.6,711.0,13.33,2.032,12761.4
AC-1034,175,2.226,9.5,666.8,12.36,2.018,12813.6
AC-1034,176,2.383,11.0,679.0,12.53,2.106,12754.1
AC-1034,177,2.174,10.8,676.7,12.35,2.085,12815.3
AC-1034,178,2.051,7.9,686.0,13.02,2.033,12839.9
AC-1034,179,2.413,7.6,679.5,11.84,2.253,12793.5
AC-1034,180,1.483,8.2,677.6,13.44,2.063,12791.7
AC-1035,1,2.338,12.6,640.8,13.24,1.964,12811.8
AC-1035,2,1.775,9.9,632.8,13.59,2.072,12828.9
AC-1035,3,1.997,9.6,669.3,13.18,1.948,12808.7
AC-1035,4,2.178,11.3,658.2,13.05,1.948,12813.5
AC-1035,5,2.171,11.3,672.7,13.0,2.012,12815.3
AC-1035,6,2.092,9.9,646.5,13.84,2.007,12884.5
AC-1035,7,1.77,12.9,644.9,13.17,2.079,12807.8
AC-1035,8,1.849,9.8,656.9,13.5,1.911,12837.1
AC-1035,9,1.258,9.6,652.2,13.74,2.032,12851.0
AC-1035,10,2.091,8.8,620.8,13.53,2.022,12813.8
AC-1035,11,2.168,10.5,651.6,13.7,1.971,12790.2
AC-1035,12,2.17,12.5,644.1,13.7,1.87,12726.3
AC-1035,13,2.283,10.4,649.2,13.37,2.053,12862.1
AC-1035,14,1.875,9.4,641.3,12.84,2.065,12723.4
AC-1035,15,2.03,4.4,658.7,13.01,1.956,12795.1
AC-1035,16,1.947,5.1,668.9,13.37,2.075,12742.4
AC-1035,17,2.018,7.5,629.5,13.29,1.93,12869.9
AC-1035,18,1.947,11.2,671.1,13.71,2.071,12801.0
AC-1035,19,2.074,8.3,641.0,14.08,2.096,12801.0
AC-1035,20,2.082,6.8,623.6,13.52,2.015,12769.0
AC-1035,21,2.123,11.8,654.2,13.41,2.019,12771.2
AC-1035,22,1.957,6.8,646.7,13.1,2.062,12868.3
AC-1035,23,2.041,9.1,637.0,13.66,2.145,12750.7
AC-1035,24,1.819,14.2,663.3,13.6,2.001,12821.0
AC-1035,25,2.094,8.6,647.3,13.72,1.974,12851.7
AC-1035,26,1.975,10.1,651.9,13.2,2.091,12799.5
AC-1035,27,1.778,7.2,646.1,13.01,2.178,12770.5
AC-1035,28,1.958,11.6,646.2,13.54,2.032,12803.2
AC-1035,29,2.066,10.4,669.2,13.72,2.006,12810.7
AC-1035,30,1.719,7.3,638.0,14.07,1.962,12823.7
AC-1035,31,2.014,11.1,652.9,13.37,2.058,12829.2
AC-1035,32,2.157,10.7,661.0,13.31,2.005,12797.5
AC-1035,33,1.987,10.2,667.0,13.85,2.128,12819.2
AC-1035,34,2.127,10.2,666.0,13.65,1.914,12849.9
AC-1035,35,2.273,9.8,632.7,13.51,1.885,12706.9
AC-1035,36,2.008,10.3,664.1,13.05,2.089,12846.3
AC-1035,37,2.381,12.2,667.5,13.74,2.082,12750.2
AC-1035,38,2.016,12.8,659.3,13.64,2.158,12795.8
AC-1035,39,2.14,14.4,638.7,13.75,1.922,12762.3
AC-1035,40,1.383,6.7,667.3,13.58,2.043,12828.0
AC-1035,41,1.667,8.8,665.4,12.97,1.867,12776.7
AC-1035,42,1.819,12.7,671.0,14.07,2.16,12850.5
AC-1035,43,1.791,12.3,637.7,13.72,2.013,12736.6
AC-1035,44,1.776,10.6,635.8,13.05,2.103,12791.2
AC-1035,45,2.0,10.5,630.5,13.08,2.027,12773.3
AC-1035,46,2.357,11.1,659.9,13.46,2.075,12812.8
AC-1035,47,2.025,11.2,653.8,13.8,1.997,12810.7
AC-1035,48,2.354,10.8,663.8,13.83,2.032,12836.0
AC-1035,49,1.969,7.8,636.8,13.36,2.016,12801.6
AC-1035,50,1.859,11.5,646.7,13.04,1.884,12794.2
AC-1035,51,1.819,11.0,654.9,13.21,1.975,12742.8
AC-1035,52,2.336,10.9,636.3,13.67,2.0,12800.3
AC-1035,53,2.165,7.8,661.0,13.55,1.935,12782.5
AC-1035,54,2.2,8.5,654.5,13.08,2.025,12806.7
AC-1035,55,1.892,10.4,646.0,14.02,1.989,12756.6
AC-1035,56,1.692,9.3,641.6,13.69,2.038,12793.5
AC-1035,57,2.251,11.4,659.1,13.15,2.046,12822.3
AC-1035,58,2.235,9.4,639.9,13.66,2.162,12801.6
AC-1035,59,2.22,11.8,642.9,12.7,2.091,12797.7
AC-1035,60,1.905,8.2,657.5,13.48,2.083,12787.2
AC-1035,61,2.373,6.8,632.5,13.44,1.996,12770.8
AC-1035,62,1.893,8.7,668.6,13.75,1.987,12761.2
AC-1035,63,1.982,12.9,644.4,13.21,2.048,12776.4
AC-1035,64,1.631,10.5,650.2,13.54,1.982,12764.7
AC-1035,65,2.238,5.3,656.3,13.79,2.0,12819.4
AC-1035,66,1.945,12.7,654.7,13.43,1.999,12772.8
AC-1035,67,2.038,8.6,633.5,12.91,1.861,12780.6
AC-1035,68,1.773,11.0,635.1,13.95,1.998,12807.0
AC-1035,69,1.932,12.8,648.7,13.27,2.114,12835.1
AC-1035,70,2.474,9.9,645.6,12.97,1.915,12725.4
AC-1035,71,2.223,7.5,649.0,13.54,2.083,12783.0
AC-1035,72,2.032,12.9,660.7,13.81,2.025,12746.2
AC-1035,73,2.091,11.0,648.6,13.27,2.033,12759.4
AC-1035,74,1.824,6.8,642.2,13.74,2.127,12795.2
AC-1035,75,1.92,10.1,661.7,13.48,2.111,12770.8
AC-1035,76,1.914,10.9,657.3,13.61,2.221,12705.5
AC-1035,77,1.783,3.4,652.3,13.84,1.933,12809.7
AC-1035,78,2.561,8.8,658.8,13.11,1.904,12798.8
AC-1035,79,1.808,11.0,660.4,13.23,2.192,12760.8
AC-1035,80,2.255,12.4,661.9,13.48,2.005,12688.8
AC-1035,81,1.859,8.0,659.7,13.25,2.183,12774.3
AC-1035,82,2.335,7.3,623.6,13.87,2.087,12780.9
AC-1035,83,2.083,8.9,651.8,13.26,2.17,12764.2
AC-1035,84,2.332,8.5,671.5,13.74,2.026,12721.6
AC-1035,85,1.958,8.3,663.6,13.4,2.04,12737.5
AC-1035,86,1.869,9.7,631.5,12.89,2.144,12780.5
AC-1035,87,1.682,13.9,659.6,13.44,2.115,12798.4
AC-1035,88,1.232,13.4,664.2,13.91,1.953,12695.8
AC-1035,89,2.357,11.0,666.0,13.23,2.13,12718.2
AC-1035,90,2.007,9.9,624.9,13.47,2.114,12834.3
AC-1035,91,1.957,12.0,663.4,14.09,2.138,12811.0
AC-1035,92,1.912,9.4,638.8,13.65,2.082,12773.8
AC-1035,93,1.913,5.9,655.9,13.33,2.069,12715.9
AC-1035,94,1.677,12.5,660.3,14.16,2.066,12769.1
AC-1035,95,2.054,14.4,659.5,14.11,2.208,12737.4
AC-1035,96,1.646,6.3,637.5,14.0,2.08,12670.8
AC-1035,97,2.019,12.8,664.9,13.44,2.038,12698.2
AC-1035,98,1.928,11.3,634.4,13.13,2.065,12759.2
AC-1035,99,2.43,13.4,667.0,13.63,2.11,12756.9
AC-1035,100,2.254,13.8,642.6,13.46,2.144,12797.0
AC-1035,101,2.044,11.3,654.5,13.92,2.237,12724.7
AC-1035,102,2.002,13.5,665.0,13.42,2.045,12740.5
AC-1035,103,2.28,14.4,614.1,13.62,2.096,12750.8
AC-1035,104,1.723,12.3,658.4,13.58,2.136,12687.9
AC-1035,105,1.89,9.8,648.8,13.83,2.232,12676.3
AC-1035,106,1.816,8.2,667.7,13.22,2.185,12692.7
AC-1035,107,2.015,8.8,639.1,13.65,2.067,12781.8
AC-1035,108,1.575,12.1,650.3,13.68,2.101,12700.3
AC-1035,109,2.047,14.7,638.9,13.46,2.183,12686.4
AC-1035,110,1.768,8.7,680.1,13.68,2.122,12730.2
AC-1035,111,2.041,13.6,649.2,13.63,1.972,12776.4
AC-1035,112,2.028,13.2,660.9,13.23,2.112,12735.4
AC-1035,113,1.969,10.4,677.6,12.87,2.217,12727.9
AC-1035,114,1.988,15.3,667.3,13.22,2.179,12798.0
AC-1036,1,2.243,6.5,661.7,13.12,1.974,12732.2
AC-1036,2,1.934,10.3,652.9,13.84,2.004,12755.6
AC-1036,3,2.063,5.6,666.2,13.64,1.918,12809.3
AC-1036,4,1.866,6.9,649.7,13.43,2.021,12885.9
AC-1036,5,2.293,9.3,653.8,13.22,2.108,12793.9
AC-1036,6,2.231,9.4,659.0,13.44,2.08,12824.6
AC-1036,7,1.898,10.3,651.2,13.6,2.037,12931.0
AC-1036,8,2.494,8.8,654.5,13.91,2.011,12912.4
AC-1036,9,1.739,7.6,647.0,13.1,1.92,12790.1
AC-1036,10,2.244,10.3,640.7,13.11,2.116,12820.4
AC-1036,11,2.238,8.3,638.7,13.8,1.971,12774.3
AC-1036,12,2.008,11.0,647.7,13.14,2.039,12785.2
AC-1036,13,1.979,13.6,649.7,14.1,2.035,12733.3
AC-1036,14,2.124,12.2,654.0,13.96,2.06,12782.5
AC-1036,15,2.281,10.6,653.7,13.66,2.044,12837.4
AC-1036,16,2.158,7.5,647.5,13.25,1.921,12839.9
AC-1036,17,1.917,9.3,646.9,13.14,1.93,12733.0
AC-1036,18,2.289,7.3,650.0,13.36,2.027,12839.3
AC-1036,19,2.021,10.5,650.6,13.42,2.124,12827.0
AC-1036,20,2.287,9.7,671.7,13.34,2.022,12829.2
AC-1036,21,1.985,9.4,643.2,13.56,1.951,12758.1
AC-1036,22,2.12,7.8,632.5,13.28,1.99,12827.8
AC-1036,23,1.924,11.1,656.2,13.61,1.953,12730.7
AC-1036,24,2.012,7.7,681.5,12.95,2.054,12828.2
AC-1036,25,2.295,12.5,660.2,13.99,1.861,12736.8
AC-1036,26,2.159,11.2,657.8,13.31,1.989,12767.4
AC-1036,27,1.954,11.0,651.2,13.95,2.182,12833.8
AC-1036,28,2.043,6.7,642.1,13.95,1.989,12833.6
AC-1036,29,2.054,5.8,644.0,13.14,1.975,12750.5
AC-1036,30,1.549,10.0,661.3,13.84,2.001,12783.8
AC-1036,31,1.903,11.3,672.8,14.2,2.182,12825.7
AC-1036,32,2.013,13.1,643.6,13.68,1.883,12783.4
AC-1036,33,2.203,12.5,663.5,13.33,2.032,12804.5
AC-1036,34,2.107,8.7,633.9,13.82,1.989,12734.8
AC-1036,35,1.766,10.5,631.0,13.52,1.898,12811.9
AC-1036,36,1.985,8.5,626.5,12.93,2.064,12757.8
AC-1036,37,2.057,9.3,639.7,13.49,1.905,12833.4
AC-1036,38,2.172,9.2,632.4,13.62,1.983,12734.3
AC-1036,39,1.803,6.7,656.2,13.66,1.938,12777.5
AC-1036,40,1.935,11.6,660.9,14.23,2.036,12806.2
AC-1036,41,2.422,8.8,627.0,13.69,2.064,12787.0
AC-1036,42,1.829,10.9,648.1,13.21,1.882,12824.7
AC-1036,43,1.965,8.6,632.5,13.6,2.187,12819.6
AC-1036,44,2.379,7.8,647.2,13.9,2.006,12770.7
AC-1036,45,1.654,12.9,652.2,13.75,2.049,12793.3
AC-1036,46,1.826,10.3,627.2,13.64,2.082,12705.8
AC-1036,47,2.004,10.3,643.0,13.26,1.952,12767.6
AC-1036,48,2.445,9.4,635.0,13.66,1.881,12778.1
AC-1036,49,1.983,14.6,670.9,13.02,1.993,12793.0
AC-1036,50,2.104,8.2,642.9,13.31,2.028,12794.1
AC-1036,51,2.174,12.4,653.1,13.76,2.08,12811.1
AC-1036,52,2.07,10.7,663.0,13.49,2.077,12829.0
AC-1036,53,1.974,11.8,637.5,13.57,1.967,12690.2
AC-1036,54,1.896,11.2,641.0,13.14,2.016,12816.1
AC-1036,55,1.755,10.3,651.5,13.13,1.999,12835.6
AC-1036,56,2.427,10.4,657.8,13.19,2.033,12852.4
AC-1036,57,1.796,10.9,645.9,13.34,1.908,12818.2
AC-1036,58,2.023,11.4,650.2,13.64,2.002,12858.7
AC-1036,59,2.384,10.8,662.2,13.31,2.033,12796.1
AC-1036,60,2.175,11.7,640.5,14.34,2.001,12858.7
AC-1036,61,2.568,12.8,643.4,13.41,2.101,12774.6
AC-1036,62,1.967,8.8,681.3,12.92,1.891,12858.4
AC-1036,63,1.552,8.1,634.3,13.72,2.006,12841.8
AC-1036,64,2.074,10.1,632.3,13.49,2.07,12777.8
AC-1036,65,2.679,7.1,635.8,13.55,2.08,12818.9
AC-1036,66,1.621,10.8,668.8,13.66,2.047,12776.9
AC-1036,67,1.686,14.2,644.5,13.62,2.082,12786.5
AC-1036,68,2.528,9.7,657.9,13.8,2.052,12800.5
AC-1036,69,2.094,13.7,659.4,13.71,1.94,12742.6
AC-1036,70,1.974,11.5,657.9,13.24,1.988,12796.8
AC-1036,71,2.09,11.2,656.6,13.28,2.031,12769.7
AC-1036,72,1.897,14.0,656.1,13.77,2.047,12748.3
AC-1036,73,2.157,11.2,662.5,13.36,2.028,12777.8
AC-1036,74,2.084,14.3,671.0,13.02,1.963,12834.0
AC-1036,75,1.819,7.2,642.3,13.94,2.037,12789.0
AC-1036,76,1.943,11.6,665.2,13.22,2.085,12722.2
AC-1036,77,2.384,18.1,638.4,13.58,2.014,12820.7
AC-1036,78,2.276,8.6,657.2,14.02,1.895,12807.9
AC-1036,79,2.229,15.1,635.5,13.44,2.035,12796.1
AC-1036,80,2.599,9.2,649.8,13.27,1.922,12846.2
AC-1036,81,2.102,10.9,661.0,13.0,2.038,12748.8
AC-1036,82,2.316,10.7,658.7,13.83,2.027,12852.4
AC-1036,83,2.081,15.2,648.9,13.62,2.152,12799.0
AC-1036,84,2.208,12.0,641.8,14.26,2.0,12782.9
AC-1036,85,2.523,10.5,641.5,13.98,1.957,12714.6
AC-1036,86,2.165,13.4,657.1,13.12,1.887,12851.0
AC-1036,87,2.316,10.8,649.3,13.86,2.182,12783.3
AC-1036,88,1.785,11.3,655.3,12.88,1.911,12786.8
AC-1036,89,2.115,16.6,668.1,13.53,1.951,12867.7
AC-1036,90,2.101,13.5,632.4,13.45,1.812,12755.1
AC-1036,91,2.275,8.8,653.6,13.27,1.966,12791.2
AC-1036,92,2.47,8.1,638.6,13.66,1.958,12745.6
AC-1036,93,2.054,11.3,662.1,13.66,1.974,12721.9
AC-1036,94,2.516,13.4,655.3,13.68,2.005,12740.6
AC-1036,95,2.014,12.6,651.0,13.58,2.166,12766.8
AC-1036,96,2.151,13.4,655.1,13.93,2.028,12768.8
AC-1036,97,2.444,11.9,661.8,13.16,2.014,12838.6
AC-1036,98,2.587,13.6,652.9,13.52,2.171,12833.9
AC-1036,99,2.106,12.9,650.8,13.19,2.147,12842.3
AC-1036,100,2.535,12.5,659.3,13.32,1.944,12794.7
AC-1036,101,2.528,16.1,645.7,13.34,1.949,12721.4
AC-1036,102,2.072,14.2,657.7,12.83,2.033,12772.6
AC-1036,103,2.001,12.0,642.7,13.79,2.018,12809.5
AC-1036,104,2.243,16.0,662.4,13.5,1.993,12813.8
AC-1036,105,2.621,11.7,664.1,13.37,1.993,12777.6
AC-1036,106,1.921,12.0,660.1,12.92,1.968,12803.9
AC-1036,107,2.103,13.6,652.7,13.05,2.042,12794.8
AC-1036,108,2.201,16.5,646.8,13.28,2.066,12931.3
AC-1036,109,2.139,15.2,655.6,13.89,1.857,12826.7
AC-1036,110,2.64,16.9,669.1,13.94,1.981,12783.4
AC-1036,111,2.006,14.4,655.0,13.37,2.203,12762.5
AC-1036,112,2.185,12.0,664.5,13.44,2.013,12781.0
AC-1036,113,2.454,16.0,639.4,13.26,1.975,12875.0
AC-1036,114,2.172,14.1,658.7,13.17,1.994,12801.0
AC-1036,115,2.223,19.8,669.0,13.98,1.923,12819.2
AC-1036,116,2.467,18.4,647.2,12.61,1.984,12823.0
AC-1036,117,2.536,17.0,638.9,13.5,1.93,12777.3
AC-1036,118,2.449,14.0,660.8,12.96,1.981,12832.1
AC-1036,119,2.614,18.4,667.4,13.52,1.839,12785.0
AC-1036,120,2.219,17.1,635.3,12.86,1.96,12839.9
AC-1036,121,2.367,14.9,663.7,13.39,2.038,12832.5
AC-1036,122,2.613,15.7,656.4,13.54,2.03,12775.5
AC-1036,123,2.281,14.3,665.4,13.61,1.941,12824.5
AC-1036,124,2.566,19.1,663.9,12.89,2.135,12771.4
AC-1036,125,2.518,19.7,672.9,13.93,2.012,12751.5
AC-1036,126,2.692,19.3,652.5,13.29,1.955,12869.1
AC-1036,127,2.931,15.1,642.1,13.0,1.911,12777.5
AC-1036,128,2.703,17.1,653.7,14.07,2.008,12758.4
AC-1036,129,2.398,15.5,655.4,13.57,1.866,12873.1
AC-1036,130,2.315,16.0,665.0,13.66,2.001,12779.7
AC-1036,131,2.61,16.3,639.8,13.39,2.02,12861.3
AC-1036,132,2.9,18.1,671.6,13.73,2.075,12839.2
AC-1036,133,2.458,20.6,660.1,13.54,1.949,12875.1
AC-1036,134,2.612,15.2,649.5,13.08,2.016,12770.9
AC-1036,135,2.505,19.0,648.0,13.94,2.0,12788.1
AC-1036,136,2.545,19.6,673.8,13.55,1.931,12853.1
AC-1036,137,2.655,18.7,670.9,13.68,2.086,12816.0
AC-1036,138,2.744,18.2,668.3,13.52,2.033,12763.9
AC-1036,139,2.509,22.7,661.8,12.98,1.865,12780.0
AC-1036,140,2.746,17.1,658.2,13.77,2.147,12811.1
AC-1036,141,2.402,23.4,668.2,13.48,1.877,12816.9
AC-1036,142,2.681,17.0,671.0,13.72,1.978,12718.9
AC-1036,143,2.779,20.1,647.4,13.48,1.993,12759.9
AC-1036,144,2.91,22.1,683.7,13.49,1.925,12840.7
AC-1036,145,3.074,20.3,659.4,13.53,2.08,12864.1
AC-1036,146,2.935,18.1,665.6,12.79,1.936,12831.2
AC-1036,147,3.244,26.2,644.2,13.2,1.988,12770.0
AC-1036,148,2.74,19.9,652.7,13.25,2.041,12731.2
AC-1036,149,2.771,22.4,669.3,13.68,1.989,12758.0
AC-1036,150,2.71,20.9,655.7,13.81,2.06,12793.1
AC-1036,151,2.622,22.0,639.1,13.29,2.058,12840.0
AC-1036,152,3.49,25.0,687.5,13.19,2.026,12687.7
AC-1036,153,2.98,20.5,676.4,13.03,1.926,12861.9
AC-1036,154,3.465,26.8,659.6,13.23,1.842,12689.8
AC-1036,155,3.293,24.2,638.0,13.73,1.997,12782.0
AC-1037,1,2.353,10.4,648.3,12.45,2.094,12797.9
AC-1037,2,2.131,10.6,656.7,13.61,1.889,12762.9
AC-1037,3,2.171,11.5,663.9,13.69,1.987,12760.7
AC-1037,4,1.993,5.7,650.0,13.47,1.972,12835.5
AC-1037,5,1.807,10.4,635.2,13.3,2.025,12745.4
AC-1037,6,2.157,11.6,629.4,13.41,1.888,12852.4
AC-1037,7,2.189,12.8,643.6,12.73,2.075,12735.9
AC-1037,8,1.849,11.6,664.9,13.95,2.027,12836.1
AC-1037,9,2.21,10.8,634.4,13.64,1.914,12762.9
AC-1037,10,2.287,10.0,650.7,13.59,1.931,12848.1
AC-1037,11,1.996,10.7,649.3,14.04,2.023,12738.6
AC-1037,12,1.92,10.0,639.2,13.43,1.989,12830.4
AC-1037,13,1.767,10.7,654.0,13.86,2.154,12834.2
AC-1037,14,1.963,10.1,641.5,13.02,2.007,12780.9
AC-1037,15,2.261,9.7,634.0,13.29,2.075,12848.4
AC-1037,16,2.189,14.7,657.8,14.26,2.055,12891.4
AC-1037,17,1.692,10.7,635.3,12.51,2.053,12840.3
AC-1037,18,1.683,11.9,655.9,13.45,2.021,12861.5
AC-1037,19,1.724,5.4,641.1,13.26,2.018,12864.9
AC-1037,20,2.423,9.5,636.0,13.61,2.003,12863.5
AC-1037,21,1.665,10.4,654.3,13.23,2.021,12826.2
AC-1037,22,1.645,8.9,647.4,13.41,2.042,12783.3
AC-1037,23,2.197,11.3,656.2,12.99,2.096,12754.3
AC-1037,24,2.242,12.8,667.2,13.13,2.194,12746.9
AC-1037,25,1.579,7.9,664.9,12.94,2.032,12759.0
AC-1037,26,1.906,8.1,648.8,13.13,1.931,12888.4
AC-1037,27,2.068,8.0,650.0,13.1,2.102,12747.6
AC-1037,28,1.473,7.7,652.9,14.23,1.887,12821.8
AC-1037,29,2.232,11.6,660.8,13.67,1.986,12813.4
AC-1037,30,2.014,14.1,658.2,13.56,2.071,12815.4
AC-1037,31,2.374,12.5,648.7,13.54,2.09,12840.5
AC-1037,32,2.122,6.8,656.0,13.53,2.091,12771.0
AC-1037,33,2.118,10.4,646.0,12.91,1.877,12874.1
AC-1037,34,2.079,11.7,641.8,14.04,2.025,12816.7
AC-1037,35,2.292,9.6,654.2,13.5,2.022,12871.7
AC-1037,36,2.066,8.7,645.1,13.09,1.999,12904.5
AC-1037,37,1.917,10.6,648.2,13.23,2.04,12700.7
AC-1037,38,2.067,12.4,649.5,13.97,2.022,12794.0
AC-1037,39,1.678,11.4,648.4,13.01,1.948,12814.0
AC-1037,40,2.054,10.8,649.1,13.34,1.955,12799.4
AC-1037,41,1.596,13.3,661.4,13.45,2.094,12813.5
AC-1037,42,1.929,11.8,656.3,13.46,2.009,12804.1
AC-1037,43,1.989,9.0,652.9,13.07,2.152,12859.3
AC-1037,44,1.826,9.1,653.7,13.75,2.014,12779.6
AC-1037,45,2.455,11.5,644.5,13.35,2.032,12780.5
AC-1037,46,1.809,9.6,650.6,13.64,2.102,12800.1
AC-1037,47,1.815,8.2,638.6,12.73,2.082,12846.0
AC-1037,48,2.068,12.4,649.0,13.54,1.894,12776.6
AC-1037,49,1.858,8.8,662.7,13.35,1.993,12815.3
AC-1037,50,2.01,7.6,656.1,13.93,1.888,12850.5
AC-1037,51,2.112,7.3,660.9,13.8,1.931,12789.2
AC-1037,52,1.769,9.7,649.9,13.67,1.882,12861.6
AC-1037,53,2.319,10.4,659.3,12.77,1.899,12798.2
AC-1037,54,1.991,12.2,651.0,13.37,1.928,12829.8
AC-1037,55,2.234,10.1,657.4,13.72,2.042,12803.4
AC-1037,56,1.493,6.6,654.0,14.12,2.088,12858.3
AC-1037,57,2.031,12.0,628.1,13.56,2.102,12797.8
AC-1037,58,1.911,8.9,657.0,13.59,2.037,12845.2
AC-1037,59,2.19,7.6,651.4,13.26,1.889,12806.5
AC-1037,60,1.588,11.2,654.4,13.14,2.013,12794.7
AC-1037,61,2.116,13.3,680.8,13.72,2.018,12778.1
AC-1037,62,1.992,8.6,633.3,13.04,2.004,12786.2
AC-1037,63,1.725,12.5,638.1,13.73,2.105,12856.1
AC-1037,64,1.666,4.8,660.3,13.07,2.006,12832.9
AC-1037,65,2.085,9.9,664.7,12.93,1.961,12759.2
AC-1037,66,1.971,5.6,680.8,13.57,1.901,12857.4
AC-1037,67,2.274,9.1,656.8,13.7,2.006,12848.9
AC-1037,68,1.835,11.3,678.0,12.89,2.009,12760.0
AC-1037,69,1.678,9.9,633.5,13.42,1.962,12746.4
AC-1037,70,1.759,12.0,647.8,13.38,2.044,12760.8
AC-1037,71,1.932,13.5,647.5,13.14,2.028,12738.5
AC-1037,72,1.953,7.3,637.2,13.97,1.988,12805.8
AC-1037,73,2.09,9.2,645.9,13.6,2.01,12831.9
AC-1037,74,2.349,11.9,650.7,13.32,2.173,12864.4
AC-1037,75,2.0,10.5,661.8,13.33,2.128,12819.6
AC-1037,76,1.963,8.1,639.4,14.06,2.084,12739.1
AC-1037,77,1.975,11.5,650.0,12.64,2.13,12860.8
AC-1037,78,1.81,11.1,648.8,13.61,2.163,12781.1
AC-1037,79,2.22,7.5,670.6,13.16,2.102,12867.7
AC-1037,80,2.455,12.5,670.1,13.1,1.969,12800.4
AC-1037,81,2.292,11.0,635.4,13.01,1.98,12790.6
AC-1037,82,2.27,11.5,654.1,13.54,1.786,12746.7
AC-1037,83,1.969,8.4,649.9,13.07,1.929,12811.3
AC-1037,84,2.121,11.6,651.3,13.31,2.095,12785.1
AC-1037,85,2.022,10.3,676.5,13.05,1.922,12703.2
AC-1037,86,2.021,10.1,652.9,13.29,2.056,12682.2
AC-1037,87,2.107,9.1,667.7,13.27,2.02,12814.8
AC-1037,88,2.249,9.6,647.9,13.17,2.155,12813.0
AC-1037,89,2.361,9.8,664.8,12.69,2.065,12839.8
AC-1037,90,2.07,8.1,648.7,12.54,1.938,12846.9
AC-1037,91,2.058,9.1,666.5,13.61,1.956,12696.2
AC-1037,92,1.72,8.9,651.1,13.37,1.874,12892.0
AC-1037,93,1.765,10.3,643.9,13.56,2.107,12689.3
AC-1037,94,2.034,11.8,660.7,13.62,2.049,12811.3
AC-1037,95,2.622,15.1,677.0,12.89,2.16,12742.4
AC-1037,96,1.989,11.0,652.4,13.51,2.05,12810.5
AC-1037,97,2.108,10.9,677.5,13.13,2.137,12723.7
AC-1037,98,2.017,10.5,675.3,12.91,2.04,12784.7
AC-1037,99,2.149,10.8,662.3,13.41,2.137,12816.7
AC-1037,100,1.534,10.3,677.5,13.59,2.118,12864.2
AC-1037,101,2.196,10.8,657.7,12.73,2.013,12772.4
AC-1037,102,1.493,6.4,670.5,12.78,2.138,12745.7
AC-1037,103,2.195,11.1,651.9,13.42,2.106,12867.5
AC-1037,104,1.747,9.5,660.6,12.88,2.015,12784.3
AC-1037,105,2.023,9.4,677.0,12.78,2.068,12765.0
AC-1037,106,1.789,11.0,667.2,12.76,1.978,12711.4
AC-1037,107,2.237,11.6,663.6,13.15,2.023,12794.4
AC-1037,108,2.083,12.5,646.5,12.61,2.062,12791.3
AC-1037,109,1.903,6.1,668.2,14.19,2.134,12739.7
AC-1037,110,2.088,7.0,664.7,13.43,2.14,12856.4
AC-1037,111,1.997,9.4,671.2,13.26,2.088,12810.4
AC-1037,112,2.682,11.0,679.1,12.77,2.087,12802.8
AC-1037,113,2.386,8.1,663.6,14.22,2.043,12844.6
AC-1037,114,2.23,8.7,683.7,13.36,2.166,12828.4
AC-1037,115,1.489,12.4,674.2,13.2,2.198,12755.7
AC-1037,116,2.021,9.6,679.4,12.56,2.209,12887.8
AC-1037,117,2.471,9.7,660.3,13.31,2.088,12790.3
AC-1037,118,1.875,10.9,658.9,13.02,2.257,12864.3
AC-1037,119,1.808,7.5,671.1,13.12,2.013,12701.1
AC-1037,120,2.168,9.5,675.7,12.78,1.978,12763.6
AC-1037,121,2.191,10.5,669.3,13.32,2.067,12840.8
AC-1037,122,2.095,12.3,668.3,13.35,2.141,12818.4
AC-1037,123,2.249,8.0,663.4,12.93,2.03,12827.8
AC-1037,124,1.684,7.5,666.7,12.51,2.073,12790.1
AC-1037,125,1.648,10.4,678.0,12.99,2.218,12778.8
AC-1037,126,1.731,5.3,677.5,13.27,2.091,12848.7
AC-1037,127,2.468,11.2,679.5,13.11,2.19,12764.8
AC-1037,128,1.732,11.0,697.7,13.2,2.181,12764.6
AC-1037,129,1.905,10.8,697.4,12.45,2.17,12852.3
AC-1037,130,1.853,14.1,677.5,13.47,2.173,12817.9
AC-1037,131,2.226,8.2,671.9,13.26,2.284,12859.2
AC-1037,132,2.204,12.2,689.4,12.84,1.989,12799.1
AC-1037,133,2.056,11.2,685.2,12.27,2.249,12776.0
AC-1037,134,2.157,8.3,664.3,12.55,2.179,12790.5
AC-1037,135,1.961,9.8,694.8,13.09,2.158,12757.1
AC-1037,136,2.135,10.1,687.6,12.26,2.08,12838.3
AC-1037,137,2.135,8.9,672.4,12.54,2.053,12806.8
AC-1037,138,1.85,12.3,700.7,13.23,2.101,12818.9
AC-1037,139,1.835,9.7,692.4,12.31,2.227,12819.2
AC-1037,140,2.44,9.4,662.4,12.69,2.014,12736.4
AC-1037,141,2.561,10.8,671.2,12.27,2.118,12833.0
AC-1037,142,2.353,9.4,684.4,12.24,2.203,12864.9
AC-1037,143,2.118,9.4,700.9,12.5,2.325,12828.4
AC-1037,144,2.106,11.8,686.0,12.7,2.202,12825.9
AC-1037,145,1.902,9.4,691.7,12.8,2.154,12766.6
AC-1037,146,2.218,11.6,713.0,12.41,2.107,12883.2
AC-1037,147,2.147,9.9,698.6,12.09,2.152,12728.1
AC-1037,148,1.871,10.1,705.6,12.68,2.086,12765.4
AC-1037,149,2.108,7.8,715.2,12.83,2.197,12737.3
AC-1037,150,2.045,12.2,698.7,12.81,2.095,12751.1
AC-1038,1,2.1,9.8,625.6,13.47,1.984,12788.5
AC-1038,2,2.186,10.0,660.5,13.14,2.118,12760.5
AC-1038,3,1.611,10.6,662.0,13.09,1.841,12824.9
AC-1038,4,1.882,10.3,647.1,12.57,1.851,12722.9
AC-1038,5,1.849,10.7,640.5,13.22,1.911,12826.8
AC-1038,6,2.061,6.5,644.4,12.97,2.046,12789.2
AC-1038,7,1.38,13.3,651.9,13.08,1.877,12853.2
AC-1038,8,1.834,11.3,650.1,12.78,2.029,12782.6
AC-1038,9,2.202,13.0,642.8,13.56,2.036,12927.1
AC-1038,10,2.269,11.6,642.6,13.53,1.892,12782.1
AC-1038,11,2.523,13.7,624.0,13.56,1.908,12785.5
AC-1038,12,2.215,10.0,640.2,13.71,2.02,12773.3
AC-1038,13,2.015,9.9,630.1,12.92,1.941,12796.9
AC-1038,14,1.883,8.9,649.8,13.52,1.859,12807.1
AC-1038,15,1.721,10.1,679.8,13.9,1.988,12859.3
AC-1038,16,1.929,11.4,648.1,14.23,2.093,12729.5
AC-1038,17,1.649,9.6,640.0,13.54,2.058,12917.3
AC-1038,18,1.886,10.8,642.6,12.68,2.083,12745.1
AC-1038,19,2.371,11.2,644.3,13.6,1.92,12752.2
AC-1038,20,1.645,10.7,662.6,13.07,1.914,12811.5
AC-1038,21,1.787,5.3,618.0,12.89,2.011,12788.6
AC-1038,22,1.617,12.0,629.9,13.6,1.975,12708.3
AC-1038,23,1.756,10.6,678.4,13.59,2.154,12757.9
AC-1038,24,2.383,12.5,652.9,13.27,1.944,12773.5
AC-1038,25,1.723,10.0,650.7,13.58,2.023,12813.1
AC-1038,26,2.141,13.5,647.6,13.8,1.955,12741.7
AC-1038,27,2.276,12.3,626.7,13.34,2.001,12861.5
AC-1038,28,2.098,8.9,656.0,12.73,1.949,12807.3
AC-1038,29,2.279,10.4,637.4,13.36,1.978,12806.8
AC-1038,30,2.168,9.5,649.5,13.21,1.967,12778.7
AC-1038,31,2.162,11.0,644.1,13.85,1.995,12823.6
AC-1038,32,2.292,12.9,653.5,13.07,2.131,12856.2
AC-1038,33,2.474,11.5,634.8,13.27,2.143,12822.6
AC-1038,34,2.267,9.2,656.8,13.25,1.975,12768.9
AC-1038,35,2.18,8.4,627.2,13.7,2.121,12812.8
AC-1038,36,1.67,11.8,654.0,13.79,1.983,12764.1
AC-1038,37,2.082,10.7,641.7,13.43,1.963,12788.9
AC-1038,38,1.953,10.8,674.1,13.69,2.123,12811.2
AC-1038,39,1.912,6.9,654.9,13.38,2.038,12839.4
AC-1038,40,2.22,7.4,659.6,13.57,1.935,12821.6
AC-1038,41,2.227,9.9,645.5,14.09,2.18,12787.8
AC-1038,42,2.071,17.5,646.6,13.85,2.023,12865.4
AC-1038,43,2.311,11.6,648.3,13.33,2.006,12844.2
AC-1038,44,1.921,13.1,654.4,13.44,1.935,12729.9
AC-1038,45,2.122,11.6,651.0,13.27,1.975,12840.5
AC-1038,46,2.004,10.3,660.9,12.69,1.996,12712.6
AC-1038,47,2.121,10.3,646.4,14.19,2.132,12786.0
AC-1038,48,2.259,10.7,664.7,13.21,2.008,12876.3
AC-1038,49,1.655,12.2,656.8,13.4,1.828,12743.5
AC-1038,50,1.898,10.2,656.4,12.89,2.117,12754.4
AC-1038,51,1.837,11.0,661.9,14.21,1.964,12773.7
AC-1038,52,1.79,8.5,670.4,13.42,2.025,12793.1
AC-1038,53,2.526,9.8,662.8,13.82,2.033,12781.7
AC-1038,54,2.193,7.8,651.0,13.65,2.055,12787.7
AC-1038,55,1.953,12.1,660.0,13.51,1.958,12804.8
AC-1038,56,2.348,11.3,654.9,13.82,2.005,12816.0
AC-1038,57,1.467,10.3,645.6,12.62,2.093,12788.4
AC-1038,58,1.914,7.3,643.7,13.16,1.972,12833.9
AC-1038,59,1.761,14.4,647.1,13.76,2.122,12801.4
AC-1038,60,1.943,10.1,639.5,13.2,2.109,12793.0
AC-1038,61,2.004,7.4,649.2,13.41,2.015,12817.1
AC-1038,62,1.771,8.4,666.4,13.69,1.97,12749.3
AC-1038,63,2.063,9.2,649.2,13.81,2.039,12774.4
AC-1038,64,2.468,9.1,638.3,13.5,2.027,12756.9
AC-1038,65,2.345,11.0,644.6,14.03,1.981,12776.5
AC-1038,66,1.907,9.0,653.8,13.64,2.085,12781.7
AC-1038,67,1.843,6.4,652.2,13.94,2.267,12788.2
AC-1038,68,1.94,11.0,634.5,13.39,1.893,12761.3
AC-1038,69,1.897,11.1,658.9,12.67,2.056,12727.3
AC-1038,70,1.756,8.6,647.6,13.89,2.09,12788.5
AC-1038,71,2.408,13.1,643.2,13.25,2.035,12783.2
AC-1038,72,2.216,11.9,661.3,13.59,1.987,12848.0
AC-1038,73,1.514,6.2,661.9,13.31,1.967,12814.0
AC-1038,74,1.97,13.3,663.6,13.84,2.015,12732.5
AC-1038,75,1.845,11.3,658.6,13.34,2.069,12771.5
AC-1038,76,1.809,10.1,640.0,13.34,1.881,12799.2
AC-1038,77,1.796,10.2,666.2,13.45,2.078,12838.3
AC-1038,78,1.695,10.9,649.2,13.69,2.09,12770.6
AC-1038,79,1.874,9.5,655.2,13.24,1.95,12802.5
AC-1038,80,2.367,8.7,640.8,13.33,1.99,12711.7
AC-1038,81,1.99,7.4,663.3,13.01,1.964,12766.8
AC-1038,82,2.368,11.1,644.9,13.9,2.077,12792.4
AC-1038,83,1.952,12.9,649.6,13.31,2.12,12746.4
AC-1038,84,1.825,12.6,662.7,13.2,1.955,12810.5
AC-1038,85,2.241,10.8,632.8,13.97,2.064,12804.3
AC-1038,86,2.086,9.3,661.3,13.36,2.027,12674.7
AC-1038,87,2.017,15.0,637.8,13.74,2.138,12818.6
AC-1038,88,1.723,11.4,662.0,13.75,2.076,12798.1
AC-1038,89,1.504,8.2,659.2,14.06,2.159,12834.2
AC-1038,90,1.845,10.6,672.6,13.89,1.951,12894.0
AC-1038,91,2.057,13.0,669.0,13.23,1.978,12721.7
AC-1038,92,2.206,7.5,652.0,13.4,2.042,12802.4
AC-1038,93,1.546,8.8,675.0,13.29,1.915,12679.1
AC-1038,94,2.01,13.7,644.4,13.17,1.931,12757.6
AC-1038,95,1.801,9.1,667.5,13.27,2.021,12807.5
AC-1038,96,1.845,11.4,648.2,13.28,2.087,12732.4
AC-1038,97,2.627,12.2,635.0,13.28,1.964,12737.0
AC-1038,98,2.11,10.3,659.1,14.03,2.046,12786.6
AC-1038,99,2.242,14.1,643.7,13.24,2.038,12720.0
AC-1038,100,2.457,12.9,646.1,12.75,2.081,12741.5
AC-1038,101,1.988,13.3,656.8,13.99,1.985,12640.5
AC-1038,102,1.545,10.6,663.9,13.52,2.139,12756.7
AC-1038,103,2.445,9.0,662.8,13.48,2.018,12751.4
AC-1038,104,1.863,11.6,656.0,13.85,2.247,12707.5
AC-1038,105,1.828,9.3,648.9,13.15,2.088,12725.1
AC-1038,106,2.307,9.6,690.0,13.27,2.209,12780.1
AC-1038,107,2.202,14.3,661.0,13.41,2.064,12716.3
AC-1038,108,1.842,12.5,653.5,12.89,2.006,12715.8
AC-1038,109,1.773,11.8,692.4,13.63,2.225,12755.4
AC-1038,110,1.939,9.3,679.1,13.35,2.233,12822.4
AC-1038,111,2.085,9.3,652.0,14.01,2.084,12760.6
AC-1038,112,1.62,12.9,657.9,13.45,2.086,12781.3
AC-1038,113,1.439,14.1,654.3,13.46,2.189,12722.3
AC-1038,114,1.754,12.5,677.6,13.51,2.097,12781.7
AC-1038,115,1.728,11.4,659.8,13.34,2.243,12735.5
AC-1038,116,1.7,13.6,652.9,13.83,2.009,12675.0
AC-1038,117,2.002,9.9,632.1,13.87,2.247,12735.3
AC-1038,118,1.686,12.0,675.5,13.22,2.027,12768.1
AC-1038,119,1.736,13.0,635.2,13.78,2.06,12732.9
AC-1038,120,1.946,9.1,655.1,13.68,2.316,12809.9
AC-1038,121,2.091,12.2,639.7,13.81,2.244,12753.3
AC-1038,122,2.18,12.0,652.4,13.51,2.165,12666.7
AC-1038,123,2.027,11.7,674.5,13.76,2.084,12713.4
AC-1038,124,2.154,14.2,653.1,13.54,2.13,12778.4
AC-1038,125,1.702,10.0,636.2,13.72,2.203,12676.9
AC-1038,126,2.382,13.4,673.7,13.7,2.245,12674.4
AC-1038,127,1.819,14.2,652.2,13.64,2.156,12743.4
AC-1038,128,1.753,11.2,666.2,13.92,2.242,12609.5
AC-1038,129,1.801,11.8,667.2,14.04,2.27,12603.8
AC-1038,130,1.857,14.4,650.5,13.29,2.247,12821.0
AC-1038,131,2.096,14.3,650.1,13.42,2.165,12734.9
AC-1038,132,2.007,13.9,663.3,13.18,2.322,12679.9
AC-1038,133,2.049,13.8,670.8,13.46,2.203,12701.5
AC-1038,134,2.374,11.5,685.2,13.63,2.237,12669.8
AC-1038,135,1.668,11.6,654.3,13.23,2.461,12642.1
AC-1038,136,1.864,12.1,668.2,13.18,2.333,12624.9
AC-1038,137,1.913,15.3,662.6,13.29,2.244,12645.8
AC-1038,138,2.006,14.2,686.2,13.17,2.291,12564.1
AC-1038,139,2.087,14.4,671.5,13.25,2.443,12733.2
AC-1038,140,2.341,14.3,682.7,13.42,2.283,12710.1
AC-1038,141,2.058,15.4,679.7,13.31,2.298,12621.4
AC-1038,142,1.903,13.4,676.5,13.8,2.255,12565.7
AC-1038,143,2.136,14.7,684.1,13.45,2.37,12606.1
AC-1038,144,2.092,13.9,682.3,12.99,2.454,12482.7
AC-1038,145,2.367,11.7,653.3,13.71,2.344,12642.7
AC-1038,146,1.67,13.5,653.7,14.19,2.308,12559.4
AC-1038,147,1.338,14.3,649.0,13.47,2.25,12705.1
AC-1038,148,2.011,9.9,683.8,13.32,2.382,12693.2
AC-1038,149,1.881,15.4,658.9,13.25,2.422,12636.9
AC-1038,150,1.944,13.8,671.7,13.21,2.432,12654.2
AC-1038,151,1.986,16.1,661.4,13.21,2.329,12624.1
AC-1038,152,2.492,10.2,660.3,13.72,2.334,12639.9
AC-1038,153,2.043,12.5,639.9,13.83,2.326,12553.0
AC-1038,154,2.782,13.8,660.7,13.57,2.362,12653.9
AC-1038,155,2.124,14.1,668.4,13.62,2.436,12705.5
AC-1038,156,1.74,15.7,684.3,13.68,2.386,12651.1
AC-1038,157,1.496,16.2,689.4,13.67,2.513,12658.1
AC-1038,158,1.922,15.6,674.2,13.49,2.381,12537.5
AC-1038,159,2.065,17.2,674.1,14.13,2.521,12512.7
AC-1038,160,1.569,16.0,678.8,13.88,2.565,12649.8
AC-1038,161,1.833,9.2,686.5,14.29,2.48,12508.4
AC-1038,162,1.729,12.2,685.5,13.55,2.517,12508.1
AC-1038,163,2.145,14.9,682.1,13.64,2.362,12589.2
AC-1038,164,2.047,14.8,673.0,13.41,2.463,12629.9
AC-1038,165,2.118,11.9,687.6,13.96,2.424,12532.7
AC-1038,166,2.013,17.5,682.7,13.05,2.567,12542.9
AC-1038,167,1.51,14.4,660.8,13.11,2.356,12408.5
AC-1038,168,2.026,17.1,674.4,13.6,2.648,12574.0
AC-1038,169,1.995,12.8,688.3,13.19,2.413,12569.3
AC-1038,170,1.728,17.2,664.7,13.91,2.493,12544.2
AC-1038,171,1.832,18.7,689.8,13.81,2.624,12485.1
AC-1038,172,2.055,13.9,663.9,13.28,2.606,12482.5
AC-1038,173,2.126,19.4,657.6,13.26,2.509,12522.5
AC-1038,174,1.955,15.9,671.9,13.69,2.579,12634.8
AC-1038,175,1.909,21.5,682.2,13.55,2.523,12536.2
AC-1038,176,2.331,17.7,700.9,13.19,2.575,12521.3
AC-1038,177,1.722,20.6,665.1,13.63,2.551,12577.1
AC-1038,178,1.58,15.8,681.9,13.02,2.54,12646.5
AC-1038,179,2.02,17.1,681.9,13.76,2.529,12639.8
AC-1038,180,2.017,18.7,691.7,13.25,2.611,12448.6
AC-1038,181,1.888,18.2,679.1,13.21,2.642,12414.7
AC-1038,182,1.84,19.0,684.9,13.74,2.562,12529.2
AC-1038,183,1.842,17.3,705.0,13.59,2.628,12315.1
AC-1038,184,2.099,22.8,687.3,13.26,2.694,12454.9
AC-1038,185,2.141,16.5,696.0,13.77,2.74,12492.5
AC-1038,186,2.124,16.0,691.4,14.08,2.538,12464.9
AC-1038,187,1.818,19.3,676.5,13.56,2.666,12544.1
AC-1038,188,1.56,19.1,691.8,13.23,2.808,12630.5
AC-1038,189,2.05,20.0,700.1,13.31,2.82,12564.5
AC-1038,190,1.678,21.3,708.1,13.79,2.714,12309.1
AC-1038,191,2.083,21.6,700.6,13.87,2.711,12481.6
AC-1038,192,2.19,17.3,681.2,13.49,2.686,12426.4
AC-1038,193,1.842,22.6,671.4,13.94,2.675,12608.0
AC-1038,194,1.443,19.9,732.1,13.99,2.723,12418.6
AC-1038,195,1.941,23.0,703.7,13.04,2.776,12202.7
AC-1038,196,1.991,19.3,715.8,13.49,2.787,12213.9
AC-1038,197,1.777,18.2,695.5,14.44,2.914,12298.6
AC-1038,198,2.416,19.6,716.7,13.67,2.774,12406.1
AC-1038,199,1.365,21.4,706.3,13.85,2.832,12513.1
AC-1038,200,1.502,23.0,698.3,13.6,2.919,12311.5
AC-1039,1,2.134,6.1,653.5,14.27,1.794,12844.5
AC-1039,2,1.858,6.2,658.5,13.71,1.941,12799.3
AC-1039,3,2.027,9.9,641.8,13.28,1.978,12731.1
AC-1039,4,2.203,11.3,653.6,13.53,2.032,12702.0
AC-1039,5,1.923,7.8,642.4,13.08,1.917,12833.6
AC-1039,6,2.024,7.7,616.5,13.58,2.012,12694.2
AC-1039,7,1.734,12.6,644.6,13.43,2.044,12733.9
AC-1039,8,2.565,8.5,641.1,13.26,2.053,12782.5
AC-1039,9,1.973,12.6,648.0,13.58,1.939,12856.8
AC-1039,10,2.222,9.3,631.7,13.37,2.037,12864.4
AC-1039,11,1.717,11.5,651.7,13.93,2.026,12827.9
AC-1039,12,2.295,8.3,654.9,14.56,2.03,12756.4
AC-1039,13,1.9,7.1,637.8,13.27,2.067,12783.0
AC-1039,14,1.741,10.1,650.8,13.49,1.965,12772.8
AC-1039,15,2.546,10.5,653.8,13.67,2.033,12822.9
AC-1039,16,2.274,8.0,641.8,13.57,2.145,12787.9
AC-1039,17,2.226,7.9,646.8,13.19,2.115,12835.0
AC-1039,18,1.756,13.3,655.8,13.0,2.067,12814.4
AC-1039,19,1.617,11.3,648.8,13.39,2.02,12826.6
AC-1039,20,1.822,8.8,653.6,14.0,2.098,12767.8
AC-1039,21,1.959,10.4,626.2,13.77,2.067,12773.9
AC-1039,22,2.269,9.8,664.7,13.36,1.992,12891.1
AC-1039,23,1.871,7.9,660.2,14.03,2.027,12839.0
AC-1039,24,1.536,10.6,653.7,13.11,1.945,12778.7
AC-1039,25,1.993,11.9,639.8,13.54,2.073,12712.8
AC-1039,26,1.948,10.7,653.9,13.63,2.007,12826.6
AC-1039,27,2.004,8.4,647.8,13.72,1.904,12809.0
AC-1039,28,1.908,12.3,665.0,14.34,1.985,12786.7
AC-1039,29,2.214,10.4,641.5,13.99,2.047,12793.1
AC-1039,30,2.223,6.9,640.6,14.07,2.037,12757.4
AC-1039,31,1.746,7.1,666.1,13.53,2.051,12788.4
AC-1039,32,2.108,9.8,651.1,12.87,2.087,12801.1
AC-1039,33,1.897,7.7,630.3,13.05,2.035,12787.0
AC-1039,34,2.509,8.0,640.6,13.61,1.994,12686.0
AC-1039,35,2.079,9.3,653.2,13.66,2.073,12752.5
AC-1039,36,2.489,11.2,644.7,13.74,1.958,12854.3
AC-1039,37,1.986,12.3,650.0,13.54,1.905,12878.7
AC-1039,38,2.098,11.9,639.9,13.12,1.78,12847.5
AC-1039,39,2.202,9.9,644.9,13.35,2.097,12767.2
AC-1039,40,2.023,7.8,658.8,12.69,1.936,12819.4
AC-1039,41,1.717,11.5,644.4,13.4,1.957,12741.6
AC-1039,42,2.053,10.1,662.4,12.9,2.041,12799.6
AC-1039,43,2.034,11.7,657.9,13.76,2.041,12844.3
AC-1039,44,2.336,7.5,635.5,13.58,1.91,12815.9
AC-1039,45,1.947,6.0,653.1,13.43,2.126,12777.9
AC-1039,46,2.141,11.2,650.2,14.24,1.95,12802.7
AC-1039,47,2.135,12.3,639.8,13.7,2.113,12709.7
AC-1039,48,1.888,12.0,646.8,14.07,1.963,12802.3
AC-1039,49,2.052,12.3,647.1,14.14,2.032,12810.5
AC-1039,50,2.261,5.7,634.0,14.31,1.994,12884.2
AC-1039,51,2.008,8.7,634.3,13.46,2.114,12805.7
AC-1039,52,1.688,10.4,649.9,13.74,2.133,12693.1
AC-1039,53,2.239,10.3,639.2,13.35,1.978,12812.6
AC-1039,54,1.957,9.3,668.7,13.53,1.885,12754.6
AC-1039,55,2.341,14.2,653.7,13.56,1.975,12874.7
AC-1039,56,2.127,12.1,656.7,13.8,1.984,12835.2
AC-1039,57,2.061,9.5,646.1,13.48,2.112,12787.3
AC-1039,58,1.891,13.2,672.1,13.43,1.992,12903.2
AC-1039,59,1.835,11.7,643.7,13.66,1.901,12875.0
AC-1039,60,2.293,10.5,639.9,13.16,2.069,12703.2
AC-1039,61,1.682,8.2,638.5,13.4,1.911,12706.3
AC-1039,62,2.233,13.8,652.3,14.08,1.975,12822.1
AC-1039,63,1.998,13.6,652.8,13.32,1.982,12846.0
AC-1039,64,2.007,13.7,661.9,13.41,1.909,12776.7
AC-1039,65,1.779,11.0,672.9,14.04,1.986,12845.8
AC-1039,66,1.839,12.2,673.2,13.1,2.038,12773.1
AC-1039,67,1.74,11.4,664.2,13.32,2.095,12813.7
AC-1039,68,2.203,12.2,679.0,13.19,1.938,12775.2
AC-1039,69,2.054,13.3,657.2,13.64,2.094,12810.2
AC-1039,70,2.082,9.3,655.8,13.95,1.954,12771.3
AC-1039,71,2.348,10.2,653.4,13.75,1.922,12838.5
AC-1039,72,1.995,11.9,657.6,14.09,2.011,12769.1
AC-1039,73,1.415,12.1,612.6,13.03,2.107,12789.2
AC-1039,74,1.708,7.5,666.4,13.94,1.866,12889.4
AC-1039,75,2.05,11.0,657.4,13.47,2.026,12793.7
AC-1039,76,2.497,12.8,657.7,13.71,1.985,12741.9
AC-1039,77,2.341,9.3,661.7,13.3,2.051,12826.5
AC-1039,78,2.053,10.6,652.1,13.11,2.086,12731.3
AC-1039,79,2.013,12.6,654.7,13.61,1.976,12803.5
AC-1039,80,2.161,8.7,656.7,13.61,1.901,12777.1
AC-1039,81,1.857,12.5,651.9,13.45,1.978,12776.8
AC-1039,82,2.385,14.6,656.1,13.57,2.094,12812.8
AC-1039,83,2.609,13.7,656.2,13.24,1.999,12738.0
AC-1039,84,1.726,12.2,664.4,13.76,1.934,12778.9
AC-1039,85,2.432,14.2,658.4,13.9,1.952,12776.3
AC-1039,86,1.938,10.3,668.4,13.74,2.048,12844.9
AC-1039,87,1.953,10.0,645.0,13.53,2.023,12812.5
AC-1039,88,1.723,14.2,672.1,13.38,2.115,12771.3
AC-1039,89,2.233,14.8,641.9,13.62,1.936,12763.7
AC-1039,90,2.667,15.9,655.1,12.89,2.019,12762.2
AC-1039,91,2.172,11.6,656.3,13.38,1.949,12801.6
AC-1039,92,1.886,12.5,656.8,13.18,2.045,12829.7
AC-1039,93,2.643,10.8,642.6,13.63,1.9,12751.3
AC-1039,94,2.357,11.3,633.4,13.13,2.103,12804.7
AC-1039,95,1.864,12.9,664.2,13.8,2.069,12737.0
AC-1039,96,2.329,9.8,670.9,13.18,2.133,12808.5
AC-1039,97,1.487,10.9,644.5,13.52,1.77,12814.6
AC-1039,98,2.155,10.2,646.2,14.09,1.985,12930.2
AC-1039,99,1.85,13.6,639.5,13.54,2.158,12782.9
AC-1039,100,2.544,16.1,655.2,13.94,1.984,12859.9
AC-1039,101,2.213,10.0,679.2,13.22,1.903,12852.3
AC-1039,102,2.267,13.3,651.5,13.67,1.949,12752.0
AC-1039,103,2.186,10.9,646.9,13.22,2.069,12923.8
AC-1039,104,2.005,13.4,685.4,13.27,1.983,12759.5
AC-1039,105,1.942,10.1,642.0,13.57,1.891,12792.0
AC-1039,106,2.265,14.4,648.2,13.59,2.112,12836.6
AC-1039,107,2.329,13.9,649.6,13.56,2.126,12772.4
AC-1039,108,2.623,14.7,651.1,13.24,2.034,12764.7
AC-1039,109,2.149,12.0,644.5,14.81,2.015,12826.3
AC-1039,110,2.034,16.2,629.7,12.81,2.046,12817.5
AC-1039,111,2.396,17.4,653.5,13.72,1.936,12849.9
AC-1039,112,2.248,13.0,679.0,13.47,2.143,12867.8
AC-1039,113,2.31,16.9,667.4,13.36,1.93,12868.9
AC-1039,114,2.146,16.4,656.7,13.74,2.135,12805.6
AC-1039,115,2.209,14.0,649.3,13.48,1.785,12756.9
AC-1039,116,2.621,14.1,648.9,13.5,1.933,12752.8
AC-1039,117,2.033,15.7,637.9,13.41,1.842,12776.8
AC-1039,118,2.153,18.7,671.3,14.08,2.002,12813.5
AC-1039,119,2.267,15.1,633.3,13.21,2.043,12786.9
AC-1039,120,2.719,14.1,642.4,13.01,1.931,12811.0
AC-1039,121,1.96,15.5,663.5,13.96,1.831,12832.4
AC-1039,122,2.444,14.2,674.0,13.29,1.92,12791.2
AC-1039,123,2.385,18.5,666.4,13.69,1.884,12817.5
AC-1039,124,2.554,13.6,669.2,13.83,2.023,12770.1
AC-1039,125,2.769,15.6,643.6,13.63,2.011,12785.7
AC-1039,126,2.718,17.0,673.1,13.74,1.979,12742.1
AC-1039,127,2.749,17.6,648.6,13.36,2.025,12740.7
AC-1039,128,3.065,17.7,663.6,13.2,1.997,12805.8
AC-1039,129,2.549,15.3,639.4,13.17,1.974,12793.9
AC-1039,130,2.281,17.6,644.1,14.1,2.075,12805.9
AC-1039,131,2.504,16.3,635.7,13.28,2.027,12817.1
AC-1039,132,2.658,18.2,669.8,13.02,1.972,12836.2
AC-1039,133,2.023,17.0,661.7,12.98,2.046,12781.0
AC-1039,134,2.495,18.9,659.2,12.55,2.015,12796.4
AC-1039,135,2.482,18.0,663.8,13.04,1.865,12778.8
AC-1039,136,2.38,14.9,670.3,13.84,2.026,12717.0
AC-1039,137,3.046,17.8,659.3,13.39,1.97,12733.6
AC-1039,138,2.588,20.4,665.5,13.14,2.031,12815.9
AC-1039,139,2.668,17.1,656.6,13.4,1.825,12828.6
AC-1039,140,2.683,17.8,662.6,13.5,1.925,12797.9
AC-1039,141,2.794,20.4,638.9,13.35,2.019,12768.4
AC-1039,142,2.609,18.3,660.1,13.48,2.015,12761.0
AC-1039,143,2.963,21.0,675.6,13.37,1.908,12795.9
AC-1039,144,3.012,18.5,653.1,13.8,1.983,12851.4
AC-1039,145,2.878,19.5,656.9,13.3,2.0,12726.5
AC-1039,146,3.004,19.4,663.4,13.47,2.086,12793.3
AC-1039,147,2.57,21.4,661.1,13.37,2.066,12745.3
AC-1039,148,2.928,18.5,656.6,13.64,2.011,12813.9
AC-1039,149,3.0,17.5,645.8,13.52,1.969,12874.3
AC-1039,150,3.225,25.0,645.8,13.83,1.959,12802.6
AC-1039,151,2.929,21.8,657.3,13.75,2.174,12828.1
AC-1039,152,2.913,23.3,647.3,13.31,2.028,12785.0
AC-1039,153,2.971,23.7,688.1,13.49,1.943,12755.3
AC-1039,154,2.396,19.7,675.9,12.99,2.0,12754.9
AC-1039,155,3.063,18.7,640.0,13.06,1.998,12831.1
AC-1039,156,3.3,23.2,665.3,13.13,1.892,12780.7
AC-1039,157,3.666,23.6,660.9,13.39,1.985,12843.1
AC-1039,158,2.897,25.4,660.7,13.05,2.052,12862.9
AC-1039,159,2.89,23.1,670.3,13.83,2.034,12804.8
AC-1039,160,2.865,22.1,669.9,13.32,1.938,12785.7
AC-1039,161,3.143,24.2,666.7,13.39,1.988,12769.8
AC-1039,162,3.09,24.2,655.2,13.36,1.859,12783.7
AC-1039,163,2.927,25.5,672.2,13.65,2.014,12803.2
AC-1039,164,3.152,23.2,681.3,13.61,2.057,12858.8
AC-1039,165,3.306,23.3,650.7,13.04,2.01,12855.1
AC-1039,166,3.18,23.2,676.5,13.64,1.926,12848.8
AC-1039,167,3.27,26.0,669.6,13.79,2.023,12763.5
AC-1039,168,3.254,25.2,660.3,13.98,2.095,12830.9
AC-1039,169,3.37,26.0,673.9,13.01,1.968,12834.1
AC-1039,170,3.49,27.2,662.8,13.83,2.056,12849.5
AC-1039,171,3.436,28.2,686.4,13.45,2.004,12799.1
AC-1039,172,3.448,24.5,662.7,12.97,2.07,12819.7
AC-1039,173,3.542,28.3,676.1,13.65,1.928,12839.0
AC-1039,174,3.28,22.6,671.4,13.54,1.885,12784.0
AC-1039,175,3.683,27.1,669.1,13.64,1.905,12858.4
AC-1039,176,3.504,28.1,698.1,13.81,1.986,12874.2
AC-1039,177,3.596,28.5,665.5,13.47,2.037,12746.2
AC-1039,178,3.376,30.9,667.3,13.4,1.99,12801.1
AC-1039,179,3.479,29.3,683.7,13.65,1.935,12853.5
AC-1039,180,3.833,28.2,666.3,12.67,2.077,12786.1
AC-1039,181,3.729,32.1,664.3,13.34,1.944,12750.7
AC-1039,182,3.687,28.9,673.5,14.11,1.925,12764.9
AC-1039,183,3.227,26.7,666.4,13.75,2.091,12913.3
AC-1039,184,3.486,32.0,668.6,13.64,1.978,12861.8
AC-1039,185,3.675,31.8,690.8,13.28,2.09,12769.4
AC-1039,186,3.533,32.6,672.2,13.41,2.086,12706.2
AC-1039,187,4.0,35.2,672.1,13.5,2.092,12788.9
AC-1039,188,3.837,32.6,663.9,14.26,1.939,12756.3
AC-1039,189,3.679,32.3,657.2,13.83,1.992,12768.2
AC-1039,190,4.249,32.3,697.6,13.27,1.876,12759.9
AC-1039,191,3.891,33.9,673.1,13.19,2.041,12780.5
AC-1039,192,4.051,33.5,691.8,12.99,2.014,12781.5
AC-1039,193,3.924,33.7,689.0,13.24,2.096,12745.8
AC-1039,194,4.072,36.8,676.1,13.59,2.036,12811.1
AC-1039,195,4.308,37.7,679.5,13.55,2.09,12764.7
AC-1039,196,4.447,37.0,686.3,13.1,1.961,12801.1
AC-1039,197,4.276,38.5,664.0,13.58,1.96,12742.0
AC-1039,198,3.866,39.0,670.4,13.67,2.107,12794.5
AC-1040,1,1.659,9.8,644.7,13.59,2.074,12753.7
AC-1040,2,2.304,8.2,622.7,13.44,1.974,12858.9
AC-1040,3,1.86,11.3,670.4,12.85,1.935,12807.5
AC-1040,4,1.542,11.5,635.9,13.68,2.042,12803.2
AC-1040,5,2.023,8.9,656.7,14.14,1.945,12831.9
AC-1040,6,1.564,9.5,638.2,14.29,1.887,12799.5
AC-1040,7,2.393,9.9,647.2,13.63,1.973,12776.8
AC-1040,8,1.71,10.5,661.4,13.21,2.087,12874.0
AC-1040,9,2.237,9.8,685.2,13.57,1.937,12759.1
AC-1040,10,1.66,10.4,641.2,13.74,1.93,12768.0
AC-1040,11,1.906,13.1,654.6,13.24,2.033,12835.0
AC-1040,12,1.833,10.5,672.8,13.79,1.986,12729.3
AC-1040,13,2.41,8.7,636.5,13.59,1.908,12777.1
AC-1040,14,1.882,9.8,654.7,14.21,1.955,12788.0
AC-1040,15,2.056,13.4,661.1,12.81,2.166,12746.6
AC-1040,16,2.521,7.5,633.4,13.67,1.988,12841.2
AC-1040,17,1.552,12.4,622.9,12.56,1.94,12741.1
AC-1040,18,2.19,11.3,631.9,13.96,1.897,12863.6
AC-1040,19,1.999,11.8,644.6,13.51,1.922,12769.4
AC-1040,20,2.013,10.4,660.1,13.79,2.009,12722.8
AC-1040,21,1.795,10.1,648.7,13.34,1.926,12831.0
AC-1040,22,1.629,12.2,636.9,13.46,1.916,12761.6
AC-1040,23,2.449,10.4,630.1,13.22,1.978,12786.1
AC-1040,24,1.848,11.4,646.1,13.42,1.943,12761.1
AC-1040,25,1.932,10.9,656.5,13.35,2.049,12821.9
AC-1040,26,1.609,8.9,664.6,14.01,2.004,12796.7
AC-1040,27,2.201,8.9,661.7,13.85,2.113,12792.4
AC-1040,28,2.032,14.2,637.8,12.78,2.031,12828.7
AC-1040,29,1.71,10.1,645.6,13.77,2.053,12741.8
AC-1040,30,2.256,7.9,654.0,12.72,1.935,12794.1
AC-1040,31,2.082,10.0,656.3,14.35,1.946,12801.7
AC-1040,32,2.148,11.3,657.8,13.34,2.007,12808.6
AC-1040,33,2.237,10.3,643.1,13.33,1.968,12817.3
AC-1040,34,2.182,8.7,657.7,13.92,2.091,12766.0
AC-1040,35,2.382,9.5,648.9,13.08,1.902,12753.5
AC-1040,36,2.303,8.6,673.9,13.62,2.142,12803.8
AC-1040,37,2.132,9.1,642.4,13.98,1.874,12843.3
AC-1040,38,1.882,11.1,627.3,13.14,2.065,12791.2
AC-1040,39,2.076,6.9,661.2,13.12,1.99,12744.7
AC-1040,40,2.159,10.3,648.9,13.0,1.909,12804.4
AC-1040,41,2.351,9.4,648.7,13.5,2.008,12778.6
AC-1040,42,1.699,7.7,643.7,13.66,1.928,12761.0
AC-1040,43,2.108,12.4,657.5,13.86,1.998,12829.7
AC-1040,44,2.419,9.4,658.1,13.6,2.036,12835.4
AC-1040,45,2.127,4.4,648.3,13.49,1.931,12754.9
AC-1040,46,1.79,9.7,649.2,13.03,2.083,12854.6
AC-1040,47,1.86,9.9,655.3,13.68,2.002,12812.0
AC-1040,48,1.695,11.9,640.6,13.67,2.046,12817.1
AC-1040,49,2.19,14.8,666.2,13.22,1.958,12854.0
AC-1040,50,2.068,10.3,654.1,13.17,1.944,12868.9
AC-1040,51,2.319,8.0,653.6,13.05,1.899,12881.2
AC-1040,52,1.998,8.2,661.5,13.67,2.063,12822.1
AC-1040,53,2.105,9.3,654.1,13.73,2.016,12854.7
AC-1040,54,2.194,9.4,647.0,13.44,1.972,12756.1
AC-1040,55,1.988,12.5,641.8,13.57,2.073,12819.6
AC-1040,56,1.598,7.2,667.6,13.25,2.086,12808.9
AC-1040,57,2.172,9.5,669.1,13.89,2.07,12767.1
AC-1040,58,1.828,6.5,658.6,13.87,2.083,12789.0
AC-1040,59,1.864,9.4,642.4,13.42,2.04,12833.0
AC-1040,60,2.102,12.3,638.9,13.51,1.975,12795.7
AC-1040,61,1.975,13.4,663.8,13.32,1.976,12818.7
AC-1040,62,1.904,11.1,640.6,13.51,1.957,12799.8
AC-1040,63,1.891,10.5,663.2,13.46,2.046,12839.6
AC-1040,64,1.792,10.9,644.9,13.42,2.022,12807.2
AC-1040,65,2.037,9.6,636.2,13.09,1.994,12761.1
AC-1040,66,2.288,7.6,636.1,14.13,2.069,12770.7
AC-1040,67,1.921,12.9,649.1,13.65,2.133,12837.3
AC-1040,68,1.807,6.8,654.3,12.91,2.01,12866.6
AC-1040,69,2.542,11.0,660.9,13.73,1.969,12753.5
AC-1040,70,2.548,10.1,645.6,13.42,2.185,12862.6
AC-1040,71,2.295,10.9,652.8,14.38,2.062,12792.4
AC-1040,72,1.745,7.2,644.2,13.1,1.913,12834.3
AC-1040,73,2.274,11.9,675.9,12.98,2.012,12871.8
AC-1040,74,2.662,11.1,647.3,13.13,1.966,12777.5
AC-1040,75,2.382,10.9,627.9,12.87,1.986,12772.6
AC-1040,76,2.282,11.5,674.9,13.5,2.233,12804.3
AC-1040,77,1.735,6.8,650.2,13.44,2.018,12818.3
AC-1040,78,1.739,13.7,663.9,12.88,2.041,12853.9
AC-1040,79,2.302,10.8,661.4,13.59,2.034,12811.5
AC-1040,80,2.43,8.9,676.6,12.94,2.175,12792.3
AC-1040,81,1.996,12.3,645.5,13.12,2.006,12717.3
AC-1040,82,1.925,4.6,685.3,13.06,1.942,12800.7
AC-1040,83,1.887,9.3,631.9,13.44,2.107,12835.8
AC-1040,84,2.439,9.8,660.5,13.23,2.001,12718.4
AC-1040,85,2.18,10.4,685.0,13.26,2.137,12816.4
AC-1040,86,2.399,7.3,665.4,12.7,2.03,12859.9
AC-1040,87,2.214,15.9,662.4,13.77,2.134,12749.3
AC-1040,88,2.216,8.9,683.1,13.23,2.088,12768.7
AC-1040,89,2.05,10.4,668.2,13.3,2.176,12871.5
AC-1040,90,2.474,10.7,646.7,12.9,2.029,12771.2
AC-1040,91,2.003,12.2,667.5,13.49,2.156,12743.4
AC-1040,92,2.044,7.9,659.8,13.07,2.221,12767.7
AC-1040,93,2.136,11.2,657.6,12.88,2.048,12802.3
AC-1040,94,2.349,9.8,665.9,12.92,1.944,12781.2
AC-1040,95,2.02,9.0,671.8,13.58,2.15,12830.0
AC-1040,96,2.14,8.7,661.0,13.77,2.294,12781.9
AC-1040,97,2.152,9.3,645.6,12.32,2.088,12841.1
AC-1040,98,1.952,12.9,665.8,12.4,2.144,12795.0
AC-1040,99,1.733,8.2,681.2,13.33,2.13,12773.6
AC-1040,100,1.622,10.2,678.1,13.81,1.992,12822.7
AC-1040,101,2.236,9.9,675.7,12.73,2.107,12761.5
AC-1040,102,1.681,8.3,666.9,13.87,1.986,12831.8
AC-1040,103,2.5,9.5,673.7,13.32,1.995,12785.5
AC-1040,104,2.582,13.1,650.3,12.48,2.091,12890.3
AC-1040,105,2.494,13.2,669.8,13.19,2.175,12824.3
AC-1040,106,1.553,11.9,668.3,13.25,2.07,12820.9
AC-1040,107,2.171,10.6,675.2,13.09,2.164,12773.3
AC-1040,108,1.994,7.4,662.3,12.68,2.024,12777.8
AC-1040,109,2.474,11.5,686.2,13.02,2.181,12728.6
AC-1040,110,1.953,12.8,661.7,13.22,2.058,12735.6
AC-1040,111,2.05,10.4,668.4,13.14,2.171,12779.8
AC-1040,112,2.13,10.4,687.0,12.7,2.243,12790.8
AC-1040,113,2.182,9.9,664.1,12.89,2.185,12816.6
AC-1040,114,2.045,10.2,660.7,12.78,2.17,12782.4
AC-1040,115,1.723,8.9,689.3,13.11,2.048,12867.3
AC-1040,116,2.079,8.8,687.3,13.21,2.128,12906.9
AC-1040,117,2.238,10.5,677.2,12.41,2.095,12717.3
AC-1040,118,2.625,14.3,684.3,12.66,2.117,12809.1
AC-1040,119,1.945,9.9,688.0,12.5,2.123,12767.4
AC-1040,120,2.216,6.5,695.2,13.38,2.075,12823.9
AC-1040,121,2.277,8.8,658.4,13.02,2.214,12755.1
AC-1040,122,1.908,10.6,671.8,12.46,2.172,12811.7
AC-1040,123,1.868,9.6,701.2,13.12,2.134,12898.3
AC-1040,124,1.658,8.1,676.0,12.92,2.218,12718.9
AC-1040,125,1.725,8.0,685.1,12.63,2.195,12797.3
AC-1040,126,2.069,11.5,658.0,12.77,2.225,12795.0
AC-1040,127,2.204,11.4,682.3,12.06,2.223,12786.5
AC-1040,128,2.106,6.8,695.3,13.06,2.148,12815.6
AC-1040,129,2.511,11.0,687.0,12.68,2.245,12749.5
AC-1040,130,2.133,10.2,684.7,12.62,2.239,12838.9
AC-1040,131,2.468,11.3,705.1,12.94,2.326,12740.7
AC-1040,132,2.301,9.9,688.3,12.58,2.325,12848.5
AC-1040,133,2.243,10.0,705.5,12.46,2.24,12788.5
AC-1040,134,2.474,9.7,687.7,12.56,2.21,12822.8
AC-1040,135,2.187,13.9,700.4,12.52,2.24,12753.5
AC-1040,136,2.519,10.2,695.4,12.49,2.164,12860.6
AC-1040,137,2.126,9.0,703.4,12.38,2.125,12844.8
AC-1040,138,2.401,10.5,700.2,12.3,2.319,12844.0
AC-1040,139,2.149,5.6,701.3,12.76,2.229,12803.0
AC-1040,140,2.174,7.9,701.8,12.35,2.245,12809.8
AC-1040,141,2.147,10.0,721.9,12.18,2.375,12798.4
AC-1040,142,2.329,6.6,711.6,11.86,2.192,12765.7
AC-1040,143,2.478,12.0,711.9,12.38,2.189,12749.5
AC-1040,144,2.202,11.7,695.3,12.8,2.265,12793.1
AC-1040,145,2.593,10.2,739.0,12.38,2.314,12841.2
AC-1040,146,2.154,9.8,704.2,12.12,2.363,12831.1
AC-1040,147,2.635,11.6,708.5,11.58,2.255,12820.5
AC-1040,148,2.516,6.1,709.9,12.8,2.251,12789.6
AC-1040,149,1.712,7.9,714.8,11.55,2.426,12786.5
AC-1040,150,2.574,7.4,722.6,11.61,2.289,12854.2
AC-1040,151,2.22,10.7,712.9,12.31,2.154,12772.0
AC-1040,152,2.48,12.6,709.2,12.1,2.361,12871.1
AC-1040,153,2.359,11.2,705.0,11.39,2.393,12854.2
AC-1040,154,2.367,10.0,739.2,12.22,2.357,12853.1
AC-1040,155,2.276,12.3,721.8,11.11,2.353,12812.5
AC-1040,156,2.083,11.3,735.4,11.94,2.241,12767.3
AC-1040,157,1.982,12.9,715.4,11.99,2.33,12769.8
AC-1040,158,2.287,10.2,735.8,10.87,2.477,12766.1
AC-1040,159,1.937,8.4,715.5,11.93,2.374,12818.2
AC-1040,160,2.764,13.2,724.4,11.38,2.242,12864.1
AC-1040,161,2.71,12.1,750.9,11.99,2.412,12750.1
AC-1040,162,2.217,10.2,726.1,10.99,2.361,12772.6
AC-1040,163,2.618,10.1,733.2,11.17,2.324,12808.6
AC-1040,164,2.287,8.1,762.2,11.34,2.382,12807.2
AC-1040,165,2.812,9.8,726.2,11.45,2.519,12796.2
AC-1040,166,2.551,12.5,726.4,11.42,2.423,12830.9
AC-1040,167,2.543,7.0,779.5,10.98,2.398,12764.1
AC-1040,168,2.505,12.6,724.6,11.27,2.529,12777.5
AC-1040,169,2.559,7.2,737.2,11.59,2.329,12777.0
AC-1040,170,2.553,10.0,737.2,11.57,2.356,12815.3
AC-1040,171,2.108,8.4,739.7,11.15,2.345,12751.0
AC-1040,172,2.835,9.5,745.1,10.5,2.382,12835.4
AC-1040,173,2.935,12.7,783.8,11.43,2.492,12781.9
AC-1040,174,3.157,11.4,751.2,11.54,2.488,12743.4
AC-1040,175,2.767,10.3,769.3,11.01,2.376,12845.4
AC-1040,176,2.928,9.6,745.7,11.01,2.446,12825.4
AC-1040,177,2.628,10.9,787.6,10.89,2.555,12804.8
AC-1040,178,2.137,9.2,754.0,10.96,2.45,12732.0
AC-1040,179,2.518,10.5,765.2,10.48,2.424,12804.5
AC-1040,180,2.711,13.7,760.1,11.14,2.497,12796.1
AC-1040,181,2.367,7.2,776.8,11.33,2.596,12773.8
AC-1040,182,2.652,12.1,779.8,10.96,2.497,12764.8
AC-1040,183,2.228,10.5,790.5,11.16,2.513,12829.7
AC-1040,184,2.846,9.8,780.6,10.69,2.411,12838.9
AC-1040,185,2.975,10.3,763.2,10.5,2.547,12813.5
AC-1040,186,2.668,7.9,789.2,10.45,2.692,12841.4
AC-1040,187,2.845,11.0,789.1,10.54,2.534,12818.2
AC-1040,188,2.95,10.0,791.0,10.39,2.625,12779.6
AC-1040,189,2.967,12.0,777.6,11.18,2.723,12820.0
AC-1040,190,2.582,9.4,806.6,10.56,2.679,12719.4
AC-1040,191,2.783,9.1,781.6,9.95,2.519,12842.3
AC-1040,192,2.913,11.6,773.2,9.3,2.628,12851.7
AC-1040,193,2.51,10.8,811.2,9.9,2.685,12778.3
AC-1040,194,2.876,13.1,781.8,10.24,2.654,12844.7
